latitude,longitude,elevation,utc_offset_seconds,timezone,timezone_abbreviation
40.52724,-74.491516,30.0,0,GMT,GMT

time,temperature_2m (°C),relative_humidity_2m (%),rain (mm),wind_speed_10m (km/h),wind_speed_100m (km/h),wind_direction_10m (°),wind_direction_100m (°),wind_gusts_10m (km/h),dew_point_2m (°C)
2025-04-01T00:00,17.0,95,4.80,0.5,4.4,135,243,16.9,16.1
2025-04-01T01:00,16.6,95,4.20,7.2,16.7,273,263,19.8,15.8
2025-04-01T02:00,16.0,97,5.80,9.7,18.8,292,285,18.7,15.5
2025-04-01T03:00,15.8,97,3.90,5.2,14.9,243,263,19.8,15.2
2025-04-01T04:00,15.4,97,2.20,5.6,13.8,263,283,10.4,14.9
2025-04-01T05:00,15.1,97,2.40,10.8,22.2,280,284,19.4,14.6
2025-04-01T06:00,11.4,89,1.40,25.5,40.4,335,338,49.3,9.7
2025-04-01T07:00,9.1,87,0.10,18.0,31.0,334,337,49.3,7.0
2025-04-01T08:00,7.6,76,0.00,17.2,29.1,329,332,39.2,3.5
2025-04-01T09:00,6.6,68,0.00,14.4,23.4,310,315,33.8,1.2
2025-04-01T10:00,5.1,63,0.00,18.0,28.8,319,322,38.2,-1.5
2025-04-01T11:00,4.0,64,0.00,18.4,30.5,320,323,39.2,-2.2
2025-04-01T12:00,4.2,62,0.00,16.2,25.5,320,323,38.2,-2.5
2025-04-01T13:00,5.5,60,0.00,19.5,29.3,321,322,42.8,-1.6
2025-04-01T14:00,6.4,56,0.00,20.4,30.3,325,326,45.7,-1.6
2025-04-01T15:00,7.5,53,0.00,18.9,27.7,326,327,46.1,-1.5
2025-04-01T16:00,8.6,48,0.00,17.7,25.8,322,324,43.6,-1.7
2025-04-01T17:00,9.6,45,0.00,17.4,25.1,321,322,42.5,-1.6
2025-04-01T18:00,10.6,41,0.00,17.7,25.7,320,320,42.1,-2.0
2025-04-01T19:00,11.1,40,0.00,17.1,24.8,322,323,42.1,-2.2
2025-04-01T20:00,11.2,38,0.00,16.1,23.5,326,327,40.0,-2.5
2025-04-01T21:00,11.0,37,0.00,15.4,22.8,326,327,37.4,-3.2
2025-04-01T22:00,10.2,39,0.00,13.8,21.4,329,330,34.6,-3.2
2025-04-01T23:00,8.8,45,0.00,10.4,20.4,332,334,28.8,-2.5
2025-04-02T00:00,7.1,51,0.00,9.4,21.4,334,338,21.2,-2.5
2025-04-02T01:00,6.9,52,0.00,9.3,21.9,332,341,15.8,-2.2
2025-04-02T02:00,5.8,50,0.00,11.2,25.0,336,338,20.9,-3.9
2025-04-02T03:00,5.0,50,0.00,12.4,26.5,339,343,23.8,-4.7
2025-04-02T04:00,4.0,50,0.00,10.7,23.9,348,351,24.5,-5.6
2025-04-02T05:00,3.0,53,0.00,10.5,23.4,353,358,20.9,-5.7
2025-04-02T06:00,2.1,54,0.00,9.5,21.7,11,12,20.5,-6.2
2025-04-02T07:00,1.3,57,0.00,8.9,21.0,21,25,18.4,-6.3
2025-04-02T08:00,0.9,58,0.00,9.3,21.4,37,39,17.6,-6.3
2025-04-02T09:00,0.8,60,0.00,9.2,20.8,47,47,18.0,-6.2
2025-04-02T10:00,0.4,60,0.00,9.5,21.1,44,46,18.0,-6.4
2025-04-02T11:00,0.2,59,0.00,9.8,20.8,47,49,19.1,-6.8
2025-04-02T12:00,1.2,56,0.00,10.6,18.6,50,51,22.3,-6.5
2025-04-02T13:00,3.9,48,0.00,11.8,17.7,61,61,27.4,-6.2
2025-04-02T14:00,5.3,47,0.00,12.9,18.6,82,82,31.0,-5.1
2025-04-02T15:00,6.7,46,0.00,13.2,19.0,95,95,33.1,-4.0
2025-04-02T16:00,7.6,47,0.00,15.4,22.1,111,112,37.4,-3.0
2025-04-02T17:00,8.1,51,0.00,16.5,23.8,112,115,39.6,-1.4
2025-04-02T18:00,8.6,55,0.00,15.2,22.1,114,117,41.4,0.1
2025-04-02T19:00,8.4,56,0.00,16.5,23.9,123,124,38.2,0.2
2025-04-02T20:00,7.4,61,0.00,18.4,27.2,118,121,41.4,0.3
2025-04-02T21:00,6.9,63,0.00,17.3,26.5,118,120,41.0,0.4
2025-04-02T22:00,6.3,69,0.00,17.2,27.1,121,124,37.4,1.0
2025-04-02T23:00,6.2,73,0.00,15.3,25.7,126,128,41.0,1.8
2025-04-03T00:00,5.9,79,0.00,12.7,22.6,115,122,32.0,2.6
2025-04-03T01:00,5.8,81,0.00,10.3,17.1,125,131,28.4,2.8
2025-04-03T02:00,5.8,85,0.00,9.1,16.0,122,129,21.2,3.3
2025-04-03T03:00,5.9,87,0.00,6.0,10.7,81,103,18.7,3.9
2025-04-03T04:00,6.2,89,0.00,7.9,21.4,106,146,14.0,4.4
2025-04-03T05:00,6.7,89,0.00,11.1,23.3,146,159,18.0,5.0
2025-04-03T06:00,7.6,84,0.00,7.7,17.4,143,160,21.2,4.9
2025-04-03T07:00,7.9,85,0.00,5.7,12.7,108,149,14.8,5.5
2025-04-03T08:00,8.4,86,0.00,7.0,15.7,116,155,13.3,6.2
2025-04-03T09:00,9.3,86,0.00,8.2,19.8,144,168,15.8,7.1
2025-04-03T10:00,10.9,87,0.00,10.6,23.8,195,199,19.1,8.8
2025-04-03T11:00,12.7,87,0.00,14.8,29.7,196,200,28.4,10.6
2025-04-03T12:00,14.2,85,0.00,17.6,33.1,200,201,35.3,11.9
2025-04-03T13:00,11.1,95,1.60,10.1,22.3,260,240,34.2,10.4
2025-04-03T14:00,11.4,97,1.10,8.7,21.5,264,249,36.4,10.9
2025-04-03T15:00,14.7,93,0.20,17.2,30.7,224,223,31.7,13.6
2025-04-03T16:00,17.7,88,0.00,23.5,39.0,220,221,49.3,15.7
2025-04-03T17:00,18.0,90,0.10,19.2,33.5,212,213,48.6,16.3
2025-04-03T18:00,20.1,83,0.00,24.7,38.7,224,223,54.7,17.1
2025-04-03T19:00,21.8,79,0.10,22.4,36.7,231,230,52.9,17.9
2025-04-03T20:00,21.2,81,0.00,19.6,34.8,231,230,51.5,17.9
2025-04-03T21:00,22.6,76,0.00,23.4,38.8,234,233,50.8,18.0
2025-04-03T22:00,22.0,77,0.00,20.4,35.5,236,236,49.3,17.8
2025-04-03T23:00,22.1,76,0.00,20.8,37.4,237,236,43.6,17.7
2025-04-04T00:00,21.9,76,0.00,21.0,38.2,237,237,43.2,17.5
2025-04-04T01:00,22.4,74,0.00,21.9,39.9,234,236,46.4,17.5
2025-04-04T02:00,21.9,75,0.00,19.8,37.2,232,233,45.0,17.2
2025-04-04T03:00,21.5,78,0.00,19.9,37.0,238,240,41.0,17.5
2025-04-04T04:00,21.0,81,0.00,18.5,34.7,248,248,40.3,17.6
2025-04-04T05:00,20.5,83,0.00,15.5,30.1,250,252,37.1,17.6
2025-04-04T06:00,19.9,87,0.10,13.7,27.0,269,267,30.6,17.6
2025-04-04T07:00,18.9,90,0.20,10.3,22.2,270,274,27.0,17.2
2025-04-04T08:00,17.3,96,0.90,10.0,22.9,291,293,25.9,16.6
2025-04-04T09:00,16.5,97,1.30,8.5,19.4,299,308,21.6,15.9
2025-04-04T10:00,15.9,96,2.40,10.5,22.1,325,336,28.1,15.3
2025-04-04T11:00,14.7,90,2.10,10.8,19.5,339,346,29.9,13.0
2025-04-04T12:00,13.9,88,0.10,9.4,16.4,1,3,19.4,12.0
2025-04-04T13:00,16.4,86,0.10,3.0,4.6,253,261,10.1,14.1
2025-04-04T14:00,18.1,76,0.00,6.5,9.2,264,272,16.9,13.8
2025-04-04T15:00,18.5,59,0.00,13.3,19.5,320,322,28.8,10.4
2025-04-04T16:00,18.6,47,0.00,12.2,17.9,324,326,32.8,7.2
2025-04-04T17:00,19.1,45,0.00,12.6,18.4,319,321,29.5,6.8
2025-04-04T18:00,19.8,42,0.00,12.6,18.1,311,313,30.2,6.4
2025-04-04T19:00,19.8,39,0.00,13.3,19.5,305,307,31.3,5.4
2025-04-04T20:00,19.5,40,0.00,11.5,16.9,300,303,31.3,5.4
2025-04-04T21:00,19.3,41,0.00,9.9,15.4,302,306,26.3,5.7
2025-04-04T22:00,18.6,47,0.00,7.4,14.6,309,315,21.6,7.0
2025-04-04T23:00,16.7,55,0.00,7.2,17.6,332,336,15.5,7.5
2025-04-05T00:00,15.2,54,0.00,9.0,22.9,358,1,17.6,6.0
2025-04-05T01:00,14.2,62,0.00,5.0,14.6,330,342,12.6,7.1
2025-04-05T02:00,13.6,58,0.00,7.4,20.5,4,2,13.0,5.6
2025-04-05T03:00,13.4,58,0.00,6.3,18.9,5,14,14.8,5.3
2025-04-05T04:00,13.1,58,0.00,8.1,20.4,45,48,14.8,5.2
2025-04-05T05:00,12.6,62,0.00,9.4,21.6,55,56,18.0,5.5
2025-04-05T06:00,12.1,61,0.00,9.7,22.0,66,64,19.4,4.8
2025-04-05T07:00,10.9,65,0.00,9.1,22.2,72,70,19.1,4.5
2025-04-05T08:00,10.9,64,0.00,10.3,23.2,83,81,20.5,4.4
2025-04-05T09:00,10.2,66,0.00,10.7,23.9,85,89,20.5,4.1
2025-04-05T10:00,10.2,65,0.00,15.5,29.9,92,93,30.6,3.9
2025-04-05T11:00,9.6,68,0.00,17.8,32.1,96,97,35.6,4.0
2025-04-05T12:00,9.3,71,0.00,16.2,30.2,91,94,38.5,4.3
2025-04-05T13:00,9.9,75,0.00,14.6,24.9,87,92,31.7,5.6
2025-04-05T14:00,9.8,74,0.00,16.6,27.4,86,91,35.3,5.4
2025-04-05T15:00,9.7,76,0.00,17.7,28.5,94,97,38.2,5.6
2025-04-05T16:00,9.7,78,0.80,15.7,23.6,89,91,37.8,6.1
2025-04-05T17:00,9.3,81,0.30,19.3,30.7,99,102,41.8,6.2
2025-04-05T18:00,9.8,76,0.00,17.6,27.6,101,104,41.0,5.8
2025-04-05T19:00,9.8,77,0.00,16.5,25.7,104,106,38.2,5.9
2025-04-05T20:00,9.4,80,0.00,12.6,19.4,80,88,36.4,6.1
2025-04-05T21:00,8.9,82,0.00,12.6,19.6,61,65,28.1,6.0
2025-04-05T22:00,8.4,87,0.20,11.4,20.0,71,74,27.7,6.3
2025-04-05T23:00,8.5,88,0.10,8.6,15.9,64,70,23.4,6.7
2025-04-06T00:00,8.5,91,0.10,7.8,14.2,48,52,18.4,7.1
2025-04-06T01:00,7.3,93,0.00,9.6,16.4,50,52,20.5,6.3
2025-04-06T02:00,6.8,95,0.00,8.7,16.2,52,54,19.8,5.9
2025-04-06T03:00,6.6,95,0.00,8.7,16.2,45,47,16.9,5.9
2025-04-06T04:00,6.8,94,0.00,6.9,12.2,75,71,16.9,5.9
2025-04-06T05:00,6.8,97,1.60,8.3,14.5,70,76,18.0,6.2
2025-04-06T06:00,6.9,96,0.40,4.3,5.9,85,92,15.5,6.4
2025-04-06T07:00,6.9,96,0.10,7.6,10.6,76,86,15.8,6.4
2025-04-06T08:00,7.1,97,0.00,4.1,4.8,90,105,15.1,6.6
2025-04-06T09:00,7.3,97,0.00,3.2,4.8,90,127,9.4,6.9
2025-04-06T10:00,7.5,98,0.00,2.2,1.8,42,114,7.9,7.2
2025-04-06T11:00,7.7,98,0.00,6.4,8.7,344,339,12.2,7.4
2025-04-06T12:00,8.7,95,0.00,7.5,12.8,352,349,15.5,8.0
2025-04-06T13:00,8.4,93,0.10,2.8,9.7,297,341,11.9,7.4
2025-04-06T14:00,10.1,88,0.00,7.8,12.7,331,339,18.7,8.2
2025-04-06T15:00,11.1,85,0.30,15.1,23.3,8,8,29.9,8.6
2025-04-06T16:00,11.4,84,0.30,11.4,17.1,19,20,30.2,8.8
2025-04-06T17:00,13.6,73,0.10,4.8,6.7,333,340,26.3,8.8
2025-04-06T18:00,13.9,68,0.00,8.3,12.1,304,310,18.7,8.1
2025-04-06T19:00,14.9,57,0.00,11.4,16.1,325,327,27.4,6.3
2025-04-06T20:00,14.2,56,0.00,12.3,17.6,321,322,29.5,5.7
2025-04-06T21:00,13.8,57,0.00,8.6,12.6,303,308,28.1,5.4
2025-04-06T22:00,13.1,58,0.00,9.5,13.9,299,303,20.9,5.1
2025-04-06T23:00,11.9,63,0.00,8.4,16.7,298,304,21.6,5.1
2025-04-07T00:00,10.6,67,0.00,5.4,15.5,304,316,16.6,4.8
2025-04-07T01:00,10.6,65,0.00,7.0,17.0,337,338,14.4,4.3
2025-04-07T02:00,10.5,64,0.00,4.7,13.1,313,327,13.3,3.9
2025-04-07T03:00,9.8,61,0.00,9.3,19.0,342,345,18.4,2.7
2025-04-07T04:00,9.3,59,0.00,6.5,15.5,360,359,19.1,1.8
2025-04-07T05:00,8.8,58,0.00,7.6,16.0,7,8,14.8,1.0
2025-04-07T06:00,8.0,60,0.40,7.9,14.1,3,4,15.8,0.8
2025-04-07T07:00,6.7,75,0.60,11.0,18.7,355,1,19.4,2.5
2025-04-07T08:00,5.8,84,0.60,11.2,20.0,359,4,22.3,3.2
2025-04-07T09:00,5.1,93,0.70,11.3,21.4,360,2,22.0,4.0
2025-04-07T10:00,4.9,89,0.30,10.9,19.6,13,15,21.6,3.3
2025-04-07T11:00,4.9,89,0.20,10.6,18.9,26,27,20.5,3.3
2025-04-07T12:00,5.1,94,0.70,10.8,19.5,58,56,20.2,4.2
2025-04-07T13:00,4.7,90,0.60,11.9,19.4,70,67,22.7,3.2
2025-04-07T14:00,4.9,87,0.50,9.6,14.3,73,72,24.8,2.9
2025-04-07T15:00,4.9,89,0.90,13.5,19.6,65,63,26.3,3.2
2025-04-07T16:00,5.4,87,0.70,10.2,14.5,59,59,26.6,3.5
2025-04-07T17:00,5.5,93,0.90,9.1,12.9,36,37,21.6,4.4
2025-04-07T18:00,5.8,89,0.70,10.4,14.9,64,63,23.4,4.1
2025-04-07T19:00,6.5,86,0.40,8.6,12.1,54,55,22.3,4.3
2025-04-07T20:00,7.0,84,0.20,8.9,12.6,54,56,20.5,4.4
2025-04-07T21:00,6.9,84,0.40,7.3,10.3,62,61,20.5,4.4
2025-04-07T22:00,6.7,86,0.10,6.8,10.1,72,70,16.2,4.6
2025-04-07T23:00,6.6,86,0.00,4.2,6.6,59,68,14.8,4.5
2025-04-08T00:00,6.2,91,0.00,5.8,9.4,2,11,12.2,4.8
2025-04-08T01:00,5.6,93,0.00,6.8,10.9,22,22,14.4,4.6
2025-04-08T02:00,5.4,93,0.00,3.2,5.3,16,28,13.7,4.4
2025-04-08T03:00,5.3,94,0.00,2.3,3.4,356,360,7.9,4.4
2025-04-08T04:00,5.2,94,0.00,1.2,1.9,297,311,6.1,4.4
2025-04-08T05:00,5.4,93,0.00,2.3,3.0,209,205,5.8,4.3
2025-04-08T06:00,5.4,94,0.00,4.6,7.7,228,233,8.3,4.5
2025-04-08T07:00,5.4,95,0.00,7.3,14.5,263,264,13.0,4.7
2025-04-08T08:00,5.3,94,0.00,8.3,16.0,264,267,16.2,4.4
2025-04-08T09:00,5.4,90,0.00,11.9,21.1,268,274,23.4,3.9
2025-04-08T10:00,5.2,88,0.00,12.8,22.9,292,295,24.8,3.3
2025-04-08T11:00,3.2,72,0.00,19.2,32.9,309,309,40.0,-1.4
2025-04-08T12:00,1.5,55,0.00,19.6,30.8,302,302,42.1,-6.4
2025-04-08T13:00,3.3,51,0.00,21.8,33.4,295,295,48.2,-6.0
2025-04-08T14:00,3.7,45,0.00,24.9,37.6,290,290,54.7,-7.2
2025-04-08T15:00,4.9,35,0.00,28.2,42.4,289,290,59.8,-9.4
2025-04-08T16:00,5.7,35,0.00,29.9,44.7,293,293,65.2,-8.8
2025-04-08T17:00,6.1,33,0.00,30.2,44.8,287,287,65.5,-9.1
2025-04-08T18:00,6.7,33,0.00,30.7,45.8,287,287,66.2,-8.5
2025-04-08T19:00,6.7,33,0.00,31.0,47.2,290,290,67.0,-8.4
2025-04-08T20:00,6.3,36,0.00,30.5,46.9,292,292,68.8,-7.8
2025-04-08T21:00,5.9,37,0.00,29.5,45.1,297,297,67.0,-7.8
2025-04-08T22:00,4.8,38,0.00,26.1,40.8,303,303,62.3,-8.2
2025-04-08T23:00,4.2,41,0.00,19.7,33.6,307,308,59.4,-8.0
2025-04-09T00:00,3.0,43,0.00,16.5,30.4,316,316,41.0,-8.4
2025-04-09T01:00,3.0,47,0.00,10.0,21.9,311,311,29.2,-7.2
2025-04-09T02:00,2.0,48,0.00,12.1,24.8,317,318,23.4,-7.8
2025-04-09T03:00,1.5,44,0.00,14.9,28.7,306,308,30.2,-9.4
2025-04-09T04:00,0.9,45,0.00,15.2,28.9,300,302,31.3,-9.8
2025-04-09T05:00,0.3,47,0.00,15.1,28.6,288,291,31.3,-9.6
2025-04-09T06:00,-0.2,50,0.00,15.2,28.4,281,284,31.3,-9.4
2025-04-09T07:00,-0.8,53,0.00,14.4,27.9,280,283,31.3,-9.2
2025-04-09T08:00,-1.2,56,0.00,14.5,27.9,281,284,29.5,-8.9
2025-04-09T09:00,-1.8,59,0.00,12.5,25.3,285,286,29.2,-8.7
2025-04-09T10:00,-2.3,62,0.00,11.2,23.7,285,288,24.8,-8.6
2025-04-09T11:00,-2.5,65,0.00,9.4,20.3,299,300,21.6,-8.1
2025-04-09T12:00,-1.1,63,0.00,8.1,15.2,305,309,18.7,-7.3
2025-04-09T13:00,1.2,46,0.00,13.5,20.1,315,315,31.7,-9.2
2025-04-09T14:00,2.5,42,0.00,12.1,17.6,314,315,32.4,-9.1
2025-04-09T15:00,3.8,41,0.00,10.9,15.4,299,300,30.6,-8.4
2025-04-09T16:00,5.2,38,0.00,10.7,15.1,293,296,29.5,-8.0
2025-04-09T17:00,6.2,36,0.00,10.6,14.5,288,291,29.5,-7.6
2025-04-09T18:00,7.1,35,0.00,11.2,15.7,269,272,30.2,-7.2
2025-04-09T19:00,7.6,34,0.00,10.5,14.6,264,266,30.2,-7.2
2025-04-09T20:00,8.0,33,0.00,11.5,16.3,266,265,29.2,-7.3
2025-04-09T21:00,8.2,33,0.00,11.2,16.0,270,268,29.2,-7.0
2025-04-09T22:00,8.1,35,0.00,11.6,17.3,277,272,26.6,-6.6
2025-04-09T23:00,6.5,49,0.00,5.1,12.7,293,281,25.6,-3.4
2025-04-10T00:00,5.2,54,0.00,8.2,14.4,161,179,13.0,-3.5
2025-04-10T01:00,4.7,56,0.00,6.6,17.2,209,223,14.0,-3.3
2025-04-10T02:00,3.8,62,0.00,5.2,15.5,182,200,11.5,-2.7
2025-04-10T03:00,3.1,65,0.00,6.0,15.4,147,175,10.4,-2.8
2025-04-10T04:00,2.5,68,0.00,6.3,18.8,173,189,11.5,-3.0
2025-04-10T05:00,2.3,65,0.00,8.9,22.0,201,209,15.8,-3.6
2025-04-10T06:00,1.8,72,0.00,6.8,18.7,205,211,15.8,-2.8
2025-04-10T07:00,1.2,79,0.00,5.4,16.4,195,206,11.9,-2.0
2025-04-10T08:00,1.7,80,0.00,2.0,10.2,180,204,9.4,-1.3
2025-04-10T09:00,1.6,81,0.00,1.4,8.2,130,199,2.9,-1.2
2025-04-10T10:00,0.6,84,0.00,1.9,2.3,61,162,2.9,-1.9
2025-04-10T11:00,0.9,85,0.00,4.8,8.9,79,111,7.9,-1.4
2025-04-10T12:00,3.2,81,0.00,6.3,12.6,88,107,13.3,0.2
2025-04-10T13:00,6.4,69,0.00,7.5,11.4,110,113,19.8,1.2
2025-04-10T14:00,8.4,65,0.00,7.6,11.0,135,139,21.2,2.1
2025-04-10T15:00,9.7,56,0.00,12.0,17.2,144,145,28.1,1.4
2025-04-10T16:00,10.9,50,0.00,14.5,20.7,146,147,34.9,0.9
2025-04-10T17:00,10.9,45,0.00,16.4,23.8,138,141,38.2,-0.4
2025-04-10T18:00,9.9,45,0.00,18.3,27.1,135,137,41.0,-1.4
2025-04-10T19:00,8.6,48,0.00,17.7,26.9,135,137,41.4,-1.9
2025-04-10T20:00,7.7,47,0.00,15.3,23.8,131,134,38.2,-2.8
2025-04-10T21:00,7.1,49,0.00,14.1,22.0,120,123,32.4,-3.0
2025-04-10T22:00,6.0,59,0.00,12.5,20.3,108,111,29.9,-1.5
2025-04-10T23:00,5.4,67,0.10,12.3,22.8,112,117,26.6,-0.2
2025-04-11T00:00,5.0,72,0.20,13.5,24.4,115,118,27.0,0.4
2025-04-11T01:00,5.1,74,0.10,10.0,18.9,107,114,23.0,0.9
2025-04-11T02:00,5.0,76,0.00,10.2,19.4,97,105,20.2,1.2
2025-04-11T03:00,4.8,79,0.00,11.0,20.3,100,105,22.0,1.5
2025-04-11T04:00,4.8,78,0.00,11.1,20.5,106,108,23.8,1.2
2025-04-11T05:00,4.8,79,0.00,9.1,17.5,104,107,22.0,1.5
2025-04-11T06:00,4.9,82,0.00,9.6,18.4,95,102,19.4,2.0
2025-04-11T07:00,5.1,83,0.00,10.1,19.5,87,94,20.9,2.3
2025-04-11T08:00,5.2,84,0.00,10.3,19.7,94,98,21.6,2.7
2025-04-11T09:00,5.2,88,0.10,10.3,19.6,85,92,20.9,3.3
2025-04-11T10:00,5.3,89,0.00,10.4,19.9,80,86,20.9,3.7
2025-04-11T11:00,5.5,89,0.00,11.7,21.5,81,84,23.4,3.9
2025-04-11T12:00,6.0,87,0.00,13.3,21.5,77,78,27.0,4.0
2025-04-11T13:00,5.7,89,0.20,10.8,17.4,69,70,23.4,4.0
2025-04-11T14:00,5.9,89,0.60,12.3,19.4,75,77,24.1,4.2
2025-04-11T15:00,6.3,86,0.30,17.8,26.6,79,79,36.0,4.2
2025-04-11T16:00,7.4,81,0.20,19.1,28.8,87,87,40.3,4.4
2025-04-11T17:00,7.2,83,0.60,17.3,26.1,82,82,40.3,4.4
2025-04-11T18:00,7.1,87,1.10,17.4,27.1,79,79,37.4,5.2
2025-04-11T19:00,7.3,88,0.80,16.0,25.1,75,77,33.5,5.5
2025-04-11T20:00,7.3,90,0.80,16.7,25.4,63,63,34.9,5.8
2025-04-11T21:00,7.4,90,0.50,13.7,21.1,52,53,32.0,5.9
2025-04-11T22:00,7.1,95,0.50,12.3,21.6,50,53,27.0,6.3
2025-04-11T23:00,6.7,96,0.80,12.9,23.5,53,57,24.8,6.1
2025-04-12T00:00,6.3,96,1.20,14.9,27.0,43,48,28.4,5.8
2025-04-12T01:00,5.6,95,1.80,17.7,31.4,44,48,34.2,4.8
2025-04-12T02:00,5.0,94,1.70,18.3,33.0,43,47,35.3,4.1
2025-04-12T03:00,4.9,94,2.00,18.6,33.2,47,47,35.3,4.1
2025-04-12T04:00,4.9,95,2.40,19.7,35.0,38,40,37.8,4.2
2025-04-12T05:00,4.6,98,1.70,18.1,31.6,43,41,37.8,4.3
2025-04-12T06:00,4.0,98,2.90,18.6,27.8,37,38,39.2,3.7
2025-04-12T07:00,2.3,100,2.90,11.9,30.2,10,23,36.0,2.3
2025-04-12T08:00,1.8,100,1.70,16.1,51.8,7,25,28.4,1.8
2025-04-12T09:00,1.5,100,1.50,31.6,65.2,15,26,43.9,1.5
2025-04-12T10:00,2.5,91,0.40,25.6,43.4,28,30,55.4,1.1
2025-04-12T11:00,2.3,93,0.60,22.1,38.6,28,29,49.0,1.4
2025-04-12T12:00,2.5,91,0.30,21.5,36.2,25,27,42.8,1.2
2025-04-12T13:00,2.8,91,0.10,19.4,32.6,23,26,40.7,1.4
2025-04-12T14:00,3.0,91,0.20,17.8,30.2,21,24,37.8,1.5
2025-04-12T15:00,3.5,88,0.30,19.6,31.2,19,20,38.2,1.7
2025-04-12T16:00,3.8,87,0.10,20.0,30.8,16,17,40.0,1.8
2025-04-12T17:00,4.4,82,0.10,19.4,29.3,10,12,42.8,1.6
2025-04-12T18:00,4.3,82,0.10,16.9,25.7,358,0,40.3,1.5
2025-04-12T19:00,4.4,81,0.10,16.3,25.3,352,355,36.0,1.5
2025-04-12T20:00,4.5,80,0.10,17.7,28.0,350,352,38.5,1.4
2025-04-12T21:00,4.2,83,0.10,14.9,25.5,352,356,37.4,1.5
2025-04-12T22:00,4.4,82,0.20,16.4,28.3,4,7,33.5,1.6
2025-04-12T23:00,4.2,84,0.30,17.6,30.6,14,14,34.9,1.8
2025-04-13T00:00,3.8,89,0.80,18.0,31.5,16,16,34.9,2.2
2025-04-13T01:00,3.8,87,0.20,12.8,23.4,6,12,26.6,1.9
2025-04-13T02:00,3.8,88,0.10,12.4,22.6,3,11,24.8,2.0
2025-04-13T03:00,3.8,88,0.10,11.9,21.8,358,8,24.1,2.0
2025-04-13T04:00,3.8,88,0.10,9.9,18.3,355,6,23.0,2.0
2025-04-13T05:00,3.7,88,0.00,11.1,19.9,340,351,21.6,1.9
2025-04-13T06:00,3.5,89,0.00,11.7,21.1,343,353,23.4,1.9
2025-04-13T07:00,3.6,87,0.00,12.4,22.5,339,349,24.8,1.7
2025-04-13T08:00,3.8,86,0.00,11.9,22.2,335,345,25.2,1.6
2025-04-13T09:00,4.1,84,0.00,11.0,21.2,336,345,23.8,1.6
2025-04-13T10:00,4.4,83,0.00,8.9,18.1,336,349,22.0,1.8
2025-04-13T11:00,4.7,84,0.00,10.5,20.1,322,336,20.9,2.1
2025-04-13T12:00,5.1,82,0.00,11.3,20.4,326,334,23.8,2.3
2025-04-13T13:00,6.7,80,0.00,10.6,17.3,328,335,28.8,3.5
2025-04-13T14:00,9.1,66,0.00,20.0,29.6,344,346,43.9,3.0
2025-04-13T15:00,10.1,62,0.00,19.6,28.9,340,340,43.6,3.2
2025-04-13T16:00,11.2,58,0.00,20.4,30.1,335,336,45.0,3.2
2025-04-13T17:00,12.2,53,0.00,20.9,31.3,335,336,45.7,3.0
2025-04-13T18:00,13.6,49,0.00,20.6,31.0,335,337,46.1,3.2
2025-04-13T19:00,14.4,47,0.00,19.1,29.5,331,333,44.6,3.2
2025-04-13T20:00,14.6,46,0.00,19.8,31.6,326,328,45.7,3.2
2025-04-13T21:00,14.2,50,0.00,16.5,28.2,324,327,41.4,3.9
2025-04-13T22:00,13.7,51,0.00,15.8,27.5,326,329,36.0,3.7
2025-04-13T23:00,12.6,54,0.00,13.5,25.8,330,333,33.1,3.5
2025-04-14T00:00,10.9,59,0.00,10.7,24.4,337,341,27.4,3.0
2025-04-14T01:00,10.3,65,0.00,10.0,23.8,291,302,18.4,4.0
2025-04-14T02:00,9.2,66,0.00,11.3,26.1,297,305,21.2,3.2
2025-04-14T03:00,8.4,65,0.00,12.2,28.2,304,313,23.0,2.2
2025-04-14T04:00,7.7,66,0.00,9.8,25.2,311,321,23.0,1.8
2025-04-14T05:00,6.9,68,0.00,9.2,23.8,313,325,18.4,1.4
2025-04-14T06:00,6.3,69,0.00,8.2,22.9,324,334,16.9,1.1
2025-04-14T07:00,5.6,72,0.00,6.6,19.5,305,330,14.4,0.9
2025-04-14T08:00,5.0,74,0.00,7.8,18.9,275,301,14.0,0.8
2025-04-14T09:00,4.4,76,0.00,7.7,19.4,281,303,14.0,0.6
2025-04-14T10:00,3.9,78,0.00,6.7,17.7,276,298,13.7,0.5
2025-04-14T11:00,4.1,79,0.00,6.3,16.7,288,303,11.9,0.8
2025-04-14T12:00,6.1,77,0.00,5.4,13.7,262,308,12.6,2.4
2025-04-14T13:00,8.5,72,0.00,2.6,10.4,258,309,12.6,3.7
2025-04-14T14:00,9.8,70,0.00,3.1,5.4,220,268,10.4,4.6
2025-04-14T15:00,11.1,66,0.00,4.1,6.1,236,238,12.2,4.9
2025-04-14T16:00,11.8,63,0.00,6.1,9.1,236,236,15.8,5.0
2025-04-14T17:00,14.2,53,0.00,4.6,6.8,231,230,17.6,4.8
2025-04-14T18:00,15.8,50,0.00,5.1,7.2,225,219,16.6,5.4
2025-04-14T19:00,15.6,50,0.00,5.9,8.9,211,209,16.9,5.3
2025-04-14T20:00,16.9,47,0.00,6.9,10.1,189,190,18.4,5.7
2025-04-14T21:00,17.1,48,0.00,7.8,12.1,203,200,18.7,6.2
2025-04-14T22:00,17.2,55,0.00,4.5,9.2,233,223,18.4,8.1
2025-04-14T23:00,16.0,65,0.00,2.6,7.9,129,180,9.4,9.4
2025-04-15T00:00,13.2,70,0.00,3.3,6.4,96,164,4.3,7.9
2025-04-15T01:00,12.4,72,0.00,4.3,12.4,152,199,7.9,7.4
2025-04-15T02:00,12.6,71,0.00,5.9,16.3,157,191,9.7,7.4
2025-04-15T03:00,12.4,70,0.00,7.4,20.5,187,202,13.7,7.0
2025-04-15T04:00,11.9,74,2.60,10.1,22.5,241,236,17.6,7.3
2025-04-15T05:00,11.1,83,2.80,5.4,15.8,200,222,15.5,8.2
2025-04-15T06:00,10.9,87,2.00,11.2,22.8,177,194,18.4,8.8
2025-04-15T07:00,9.9,89,0.00,5.8,16.7,194,204,18.4,8.2
2025-04-15T08:00,10.2,91,0.00,10.1,18.6,200,218,13.7,8.8
2025-04-15T09:00,9.9,94,0.00,11.2,21.4,232,242,15.8,8.9
2025-04-15T10:00,10.0,96,0.00,10.6,23.6,247,252,18.4,9.4
2025-04-15T11:00,10.4,98,0.00,10.3,23.3,251,257,18.4,10.1
2025-04-15T12:00,12.1,96,0.00,12.6,24.3,250,253,22.3,11.4
2025-04-15T13:00,13.4,92,0.00,10.8,20.9,255,259,19.8,12.1
2025-04-15T14:00,15.8,86,0.00,10.1,18.4,260,265,22.0,13.4
2025-04-15T15:00,15.8,72,0.00,13.9,24.7,272,275,29.2,10.8
2025-04-15T16:00,16.8,60,0.00,14.0,23.0,261,263,29.2,8.9
2025-04-15T17:00,16.5,60,0.00,12.8,23.7,255,258,29.2,8.7
2025-04-15T18:00,18.8,41,0.00,23.9,36.7,264,265,50.0,5.2
2025-04-15T19:00,18.0,38,0.00,27.9,43.3,272,273,60.1,3.5
2025-04-15T20:00,16.0,38,0.00,32.7,51.5,278,278,72.7,1.6
2025-04-15T21:00,15.4,40,0.00,24.7,38.9,273,273,67.3,2.0
2025-04-15T22:00,14.9,38,0.00,22.2,37.0,274,275,54.7,0.9
2025-04-15T23:00,13.2,41,0.00,24.5,42.2,273,273,50.4,0.2
2025-04-16T00:00,10.9,50,0.00,24.2,42.6,274,275,52.6,0.9
2025-04-16T01:00,10.6,53,0.00,21.7,38.5,275,277,51.8,1.5
2025-04-16T02:00,9.6,53,0.00,23.7,41.1,279,281,49.3,0.6
2025-04-16T03:00,8.2,53,0.00,22.6,39.4,281,283,50.0,-0.8
2025-04-16T04:00,7.3,56,0.00,21.4,37.4,285,286,48.6,-1.0
2025-04-16T05:00,6.4,60,0.00,17.3,29.3,279,281,44.6,-0.8
2025-04-16T06:00,5.9,62,0.00,18.0,31.3,269,272,36.7,-0.8
2025-04-16T07:00,5.7,64,0.00,17.2,31.1,265,269,38.2,-0.6
2025-04-16T08:00,5.4,66,0.00,17.7,31.9,264,268,36.0,-0.5
2025-04-16T09:00,5.1,68,0.00,17.0,31.2,263,268,36.7,-0.4
2025-04-16T10:00,4.8,68,0.00,17.5,31.6,262,266,35.3,-0.6
2025-04-16T11:00,5.1,66,0.00,18.3,31.9,263,266,38.2,-0.6
2025-04-16T12:00,5.9,62,0.00,22.7,36.9,270,273,42.8,-0.8
2025-04-16T13:00,7.4,55,0.00,24.5,38.3,290,291,52.9,-1.0
2025-04-16T14:00,7.8,52,0.00,25.9,39.2,291,292,56.9,-1.4
2025-04-16T15:00,8.4,48,0.00,26.4,39.8,291,290,55.8,-2.0
2025-04-16T16:00,8.9,46,0.00,27.8,41.9,289,290,58.3,-2.0
2025-04-16T17:00,9.6,45,0.00,27.9,42.2,286,286,60.8,-1.6
2025-04-16T18:00,10.1,45,0.00,28.3,43.1,286,287,60.5,-1.2
2025-04-16T19:00,10.2,46,0.00,28.1,43.1,289,289,61.6,-0.9
2025-04-16T20:00,10.1,46,0.00,27.6,42.9,290,291,61.2,-1.0
2025-04-16T21:00,9.8,45,0.00,27.6,41.9,294,294,61.9,-1.5
2025-04-16T22:00,9.4,48,0.00,23.0,37.2,290,292,60.5,-1.2
2025-04-16T23:00,8.8,50,0.00,19.1,32.9,289,291,48.2,-1.0
2025-04-17T00:00,7.9,52,0.00,16.3,29.6,290,292,39.6,-1.3
2025-04-17T01:00,7.0,55,0.00,14.5,27.9,285,287,34.2,-1.5
2025-04-17T02:00,6.3,58,0.00,14.1,27.3,285,288,29.9,-1.4
2025-04-17T03:00,5.8,60,0.00,13.4,26.5,297,300,28.8,-1.5
2025-04-17T04:00,5.6,60,0.00,14.0,27.5,302,305,29.5,-1.6
2025-04-17T05:00,5.1,63,0.00,11.7,23.3,299,303,28.4,-1.5
2025-04-17T06:00,4.7,65,0.00,11.5,23.0,295,302,23.8,-1.4
2025-04-17T07:00,4.2,68,0.00,10.2,21.7,288,296,23.0,-1.2
2025-04-17T08:00,3.3,73,0.00,8.3,19.8,276,289,20.5,-1.0
2025-04-17T09:00,2.8,76,0.00,9.5,21.5,271,284,17.6,-1.0
2025-04-17T10:00,2.5,77,0.00,10.1,22.7,276,285,19.1,-1.0
2025-04-17T11:00,2.7,78,0.00,10.4,22.1,280,289,19.8,-0.9
2025-04-17T12:00,4.5,74,0.00,9.3,19.3,278,291,20.2,0.2
2025-04-17T13:00,7.8,55,0.00,13.6,20.2,304,306,31.0,-0.6
2025-04-17T14:00,9.3,47,0.00,13.4,19.2,313,315,33.1,-1.4
2025-04-17T15:00,10.5,46,0.00,13.2,18.7,299,301,32.8,-0.6
2025-04-17T16:00,11.7,45,0.00,14.4,20.7,288,290,35.6,0.0
2025-04-17T17:00,12.9,41,0.00,14.6,20.9,286,287,36.4,-0.2
2025-04-17T18:00,13.9,38,0.00,14.9,21.3,282,284,36.4,-0.2
2025-04-17T19:00,14.7,35,0.00,16.0,23.1,281,283,37.8,-0.5
2025-04-17T20:00,15.1,35,0.00,16.1,23.4,280,282,38.2,-0.4
2025-04-17T21:00,15.2,35,0.00,14.5,21.4,282,285,37.1,-0.3
2025-04-17T22:00,15.1,36,0.00,10.4,17.1,291,295,32.0,-0.1
2025-04-17T23:00,13.1,53,0.00,4.8,13.2,290,301,21.6,3.8
2025-04-18T00:00,10.5,61,0.00,4.0,11.6,291,305,8.3,3.2
2025-04-18T01:00,10.1,55,0.00,7.1,19.9,276,277,15.8,1.4
2025-04-18T02:00,8.7,61,0.00,6.1,17.4,282,288,12.2,1.7
2025-04-18T03:00,7.3,68,0.00,5.2,13.6,270,287,10.1,1.9
2025-04-18T04:00,6.3,70,0.00,5.4,13.7,250,266,9.0,1.2
2025-04-18T05:00,5.5,71,0.00,3.2,11.4,254,265,8.6,0.6
2025-04-18T06:00,4.7,74,0.00,2.1,9.2,285,274,4.7,0.4
2025-04-18T07:00,3.8,78,0.00,2.3,8.6,252,270,3.6,0.3
2025-04-18T08:00,3.1,80,0.00,4.3,10.6,228,247,6.1,0.1
2025-04-18T09:00,2.8,80,0.00,5.2,14.4,224,238,8.3,-0.3
2025-04-18T10:00,2.5,79,0.00,4.9,13.7,219,231,7.6,-0.8
2025-04-18T11:00,3.5,77,0.00,4.3,13.7,202,219,7.9,-0.1
2025-04-18T12:00,6.5,69,0.00,4.3,12.2,204,214,11.2,1.3
2025-04-18T13:00,10.1,60,0.00,2.9,11.3,180,200,11.5,2.8
2025-04-18T14:00,13.4,52,0.00,5.8,9.5,187,191,17.6,3.7
2025-04-18T15:00,16.7,41,0.00,11.0,16.4,183,184,26.3,3.3
2025-04-18T16:00,18.9,36,0.00,15.7,23.5,196,196,36.4,3.3
2025-04-18T17:00,20.2,37,0.00,17.1,25.5,195,195,39.2,5.2
2025-04-18T18:00,21.0,37,0.00,19.2,28.9,195,195,42.8,5.8
2025-04-18T19:00,21.4,35,0.00,19.9,30.4,200,199,43.6,5.4
2025-04-18T20:00,21.1,37,0.00,20.6,32.3,200,200,43.9,5.7
2025-04-18T21:00,20.3,43,0.00,20.4,32.4,194,195,45.0,7.2
2025-04-18T22:00,18.5,49,0.00,17.5,30.7,181,184,43.2,7.8
2025-04-18T23:00,16.8,55,0.00,18.4,33.6,182,185,37.1,7.8
2025-04-19T00:00,15.8,61,0.00,12.3,26.1,198,200,39.2,8.4
2025-04-19T01:00,16.4,60,0.00,17.0,34.0,197,200,32.8,8.5
2025-04-19T02:00,16.5,62,0.00,16.7,34.0,199,200,36.0,9.1
2025-04-19T03:00,16.5,63,0.00,16.3,33.6,201,203,33.5,9.5
2025-04-19T04:00,16.7,64,0.00,15.3,32.0,205,207,33.8,9.9
2025-04-19T05:00,16.7,65,0.00,13.4,29.3,216,215,30.2,10.2
2025-04-19T06:00,16.4,68,0.00,12.4,27.4,202,206,26.3,10.4
2025-04-19T07:00,15.6,72,0.00,11.0,25.7,195,202,23.8,10.6
2025-04-19T08:00,15.9,71,0.00,12.5,28.2,203,208,24.5,10.6
2025-04-19T09:00,16.1,70,0.00,13.6,29.6,214,217,25.9,10.8
2025-04-19T10:00,16.1,72,0.00,11.5,26.9,224,221,29.2,11.1
2025-04-19T11:00,16.2,72,0.00,13.2,28.8,218,217,24.8,11.1
2025-04-19T12:00,18.0,68,0.00,14.5,27.0,222,222,29.2,11.9
2025-04-19T13:00,18.5,68,0.00,11.2,22.1,222,224,23.0,12.4
2025-04-19T14:00,19.5,67,0.00,9.6,21.7,229,230,23.8,13.2
2025-04-19T15:00,20.8,63,0.00,9.0,16.2,224,226,19.4,13.4
2025-04-19T16:00,22.5,57,0.00,12.9,19.0,227,228,28.1,13.6
2025-04-19T17:00,25.4,51,0.00,17.4,26.3,231,233,38.5,14.4
2025-04-19T18:00,26.2,48,0.00,19.6,30.2,234,237,42.8,14.3
2025-04-19T19:00,26.2,48,0.00,20.5,31.8,228,230,43.9,14.3
2025-04-19T20:00,26.4,47,0.00,22.5,35.3,227,229,48.6,14.2
2025-04-19T21:00,26.2,50,0.00,22.1,35.5,225,226,48.2,15.1
2025-04-19T22:00,25.6,53,0.00,21.4,37.3,231,232,46.1,15.2
2025-04-19T23:00,24.5,56,0.00,20.3,36.8,232,236,44.6,15.1
2025-04-20T00:00,23.8,57,0.00,19.5,37.2,230,232,41.8,14.8
2025-04-20T01:00,23.4,57,0.00,18.0,35.0,244,242,37.8,14.4
2025-04-20T02:00,22.6,61,0.00,14.9,30.7,269,266,36.4,14.8
2025-04-20T03:00,22.0,63,0.00,14.9,31.0,262,263,29.9,14.8
2025-04-20T04:00,21.1,67,0.00,12.2,27.0,278,277,29.9,14.8
2025-04-20T05:00,20.4,70,0.00,12.8,28.2,281,283,24.5,14.7
2025-04-20T06:00,20.0,69,0.00,16.0,31.5,294,299,31.0,14.1
2025-04-20T07:00,19.2,68,0.00,13.4,26.9,298,302,32.4,13.3
2025-04-20T08:00,17.9,74,0.00,15.7,29.6,323,326,30.2,13.1
2025-04-20T09:00,15.6,70,0.00,16.6,29.4,324,326,36.4,10.1
2025-04-20T10:00,13.9,66,0.00,15.0,27.8,315,318,35.3,7.6
2025-04-20T11:00,12.6,60,0.00,16.7,29.3,326,327,35.3,5.1
2025-04-20T12:00,11.6,54,0.00,17.8,27.8,324,325,38.2,2.5
2025-04-20T13:00,14.1,46,0.00,19.2,29.5,332,333,43.6,2.8
2025-04-20T14:00,14.1,45,0.00,17.8,26.7,329,330,42.1,2.2
2025-04-20T15:00,15.4,42,0.00,17.3,25.2,330,331,40.7,2.7
2025-04-20T16:00,16.5,38,0.00,18.2,26.5,337,338,43.2,2.1
2025-04-20T17:00,17.5,33,0.00,18.8,27.2,339,340,44.3,1.2
2025-04-20T18:00,18.1,31,0.00,18.3,26.4,339,340,44.3,0.9
2025-04-20T19:00,18.4,31,0.00,17.0,24.8,340,341,43.2,0.7
2025-04-20T20:00,18.5,30,0.00,15.6,22.8,337,338,40.3,0.7
2025-04-20T21:00,18.2,30,0.00,13.6,19.7,337,339,36.7,0.2
2025-04-20T22:00,17.5,31,0.00,12.1,17.9,337,338,31.3,0.3
2025-04-20T23:00,16.0,37,0.00,8.7,16.7,338,340,26.6,1.4
2025-04-21T00:00,13.9,46,0.00,7.0,18.0,339,344,17.6,2.5
2025-04-21T01:00,13.4,50,0.00,6.1,17.9,358,355,10.4,3.2
2025-04-21T02:00,12.6,47,0.00,7.4,20.9,1,1,13.3,1.5
2025-04-21T03:00,11.4,47,0.00,7.6,20.1,1,6,13.3,0.6
2025-04-21T04:00,10.7,49,0.00,9.3,22.7,19,21,16.9,0.3
2025-04-21T05:00,9.9,48,0.00,10.0,23.8,36,35,19.1,-0.6
2025-04-21T06:00,9.3,49,0.00,8.9,21.7,47,50,19.1,-0.8
2025-04-21T07:00,8.9,55,0.00,7.5,19.4,55,59,16.9,0.3
2025-04-21T08:00,8.4,59,0.00,7.4,18.7,56,61,14.0,0.9
2025-04-21T09:00,8.4,60,0.00,7.4,18.1,68,70,13.7,1.0
2025-04-21T10:00,8.1,60,0.00,7.2,17.8,78,79,14.4,0.8
2025-04-21T11:00,8.5,57,0.00,9.5,19.9,80,84,18.4,0.3
2025-04-21T12:00,9.5,51,0.00,9.4,15.7,87,89,20.2,-0.2
2025-04-21T13:00,10.9,44,0.00,10.0,15.5,96,99,22.7,-0.7
2025-04-21T14:00,11.9,44,0.00,11.7,17.5,101,104,26.6,0.0
2025-04-21T15:00,12.6,43,0.00,13.5,19.9,109,111,31.3,0.3
2025-04-21T16:00,13.8,40,0.00,13.7,19.9,113,116,32.4,0.3
2025-04-21T17:00,15.5,35,0.00,14.1,20.2,124,127,34.9,0.0
2025-04-21T18:00,16.1,33,0.00,13.3,19.1,126,128,34.2,0.0
2025-04-21T19:00,16.0,35,0.00,14.4,21.2,126,130,33.1,0.3
2025-04-21T20:00,16.9,33,0.00,15.3,22.7,134,138,35.3,0.3
2025-04-21T21:00,16.0,35,0.00,15.2,22.8,129,133,34.9,0.7
2025-04-21T22:00,14.9,43,0.00,13.0,20.3,117,123,33.5,2.3
2025-04-21T23:00,14.4,50,0.00,10.1,17.2,123,131,27.7,4.1
2025-04-22T00:00,13.8,58,0.10,11.7,20.0,124,137,23.4,5.8
2025-04-22T01:00,12.8,63,0.30,8.9,16.8,115,142,17.6,5.8
2025-04-22T02:00,13.2,67,0.00,10.1,19.4,134,155,19.8,7.3
2025-04-22T03:00,13.6,77,0.00,9.0,18.9,142,162,19.8,9.6
2025-04-22T04:00,13.4,86,0.10,5.2,16.4,164,184,17.3,11.2
2025-04-22T05:00,14.4,88,0.10,7.9,18.9,184,194,14.4,12.5
2025-04-22T06:00,13.9,92,0.00,6.3,18.5,207,208,14.4,12.6
2025-04-22T07:00,13.5,93,0.00,6.4,18.3,220,219,10.4,12.4
2025-04-22T08:00,12.8,94,0.00,5.9,17.8,218,222,11.2,11.9
2025-04-22T09:00,12.1,95,0.00,6.1,17.9,236,233,10.1,11.4
2025-04-22T10:00,12.1,96,0.00,6.1,18.2,251,249,11.5,11.5
2025-04-22T11:00,12.6,96,0.00,7.2,16.3,271,265,11.2,12.1
2025-04-22T12:00,14.7,91,0.00,6.6,17.3,281,279,15.8,13.2
2025-04-22T13:00,16.1,82,0.00,6.3,12.9,268,282,17.6,13.1
2025-04-22T14:00,19.8,68,0.00,7.0,10.1,274,281,20.2,13.7
2025-04-22T15:00,22.5,52,0.00,13.1,18.8,283,284,31.7,12.1
2025-04-22T16:00,23.8,44,0.00,15.5,22.2,275,274,38.5,10.6
2025-04-22T17:00,25.2,36,0.00,15.3,21.8,274,272,38.2,9.1
2025-04-22T18:00,26.0,33,0.00,14.7,20.6,277,275,38.2,8.3
2025-04-22T19:00,26.5,29,0.00,14.8,20.5,280,276,36.7,6.9
2025-04-22T20:00,26.5,27,0.00,15.8,22.2,281,278,37.8,5.8
2025-04-22T21:00,25.8,27,0.00,16.5,23.5,290,287,37.8,5.3
2025-04-22T22:00,24.5,27,0.00,16.6,24.9,297,295,37.8,4.1
2025-04-22T23:00,22.7,30,0.00,15.2,26.2,305,305,36.7,4.1
2025-04-23T00:00,20.5,34,0.00,13.8,27.9,303,303,31.3,4.2
2025-04-23T01:00,19.9,34,0.00,13.7,28.9,292,293,27.4,3.5
2025-04-23T02:00,19.0,37,0.00,12.2,27.0,286,288,27.4,3.8
2025-04-23T03:00,17.8,41,0.00,11.3,25.2,303,299,23.4,4.3
2025-04-23T04:00,16.4,47,0.00,9.4,21.8,318,319,21.6,4.9
2025-04-23T05:00,15.2,49,0.00,14.2,28.9,342,346,27.0,4.5
2025-04-23T06:00,13.8,52,0.00,14.2,27.9,358,359,29.9,4.1
2025-04-23T07:00,12.6,54,0.00,11.5,24.0,1,2,28.1,3.6
2025-04-23T08:00,11.7,55,0.00,10.8,22.7,358,2,22.7,3.0
2025-04-23T09:00,10.9,57,0.00,8.5,19.8,354,1,20.9,2.7
2025-04-23T10:00,10.1,60,0.00,6.7,17.1,351,2,15.8,2.6
2025-04-23T11:00,10.3,59,0.00,6.6,14.8,344,3,12.6,2.6
2025-04-23T12:00,12.0,52,0.00,5.8,9.9,346,356,15.8,2.3
2025-04-23T13:00,15.5,37,0.00,8.6,12.5,350,355,23.0,0.8
2025-04-23T14:00,17.5,29,0.00,9.0,12.7,6,8,26.3,-0.6
2025-04-23T15:00,19.2,27,0.00,5.6,7.7,4,9,25.9,-0.4
2025-04-23T16:00,21.0,24,0.00,3.5,4.5,339,344,20.9,-0.1
2025-04-23T17:00,22.3,24,0.00,4.3,5.4,303,307,19.8,0.6
2025-04-23T18:00,23.2,25,0.00,6.8,8.9,297,299,24.1,2.2
2025-04-23T19:00,23.6,27,0.00,8.7,11.2,291,292,26.6,3.8
2025-04-23T20:00,24.0,28,0.00,9.2,12.6,282,287,28.1,4.2
2025-04-23T21:00,24.9,25,0.00,9.7,12.7,236,239,26.6,3.5
2025-04-23T22:00,24.3,25,0.00,12.7,18.0,288,290,31.3,3.0
2025-04-23T23:00,22.5,32,0.00,9.3,14.7,347,346,29.2,5.1
2025-04-24T00:00,20.5,38,0.00,4.3,11.2,15,12,18.7,5.6
2025-04-24T01:00,20.4,30,0.00,5.2,11.3,266,287,9.0,2.0
2025-04-24T02:00,18.7,34,0.00,2.6,9.4,219,235,8.6,2.5
2025-04-24T03:00,17.6,36,0.00,7.0,16.3,181,197,13.0,2.2
2025-04-24T04:00,16.5,40,0.00,6.1,17.2,210,222,14.4,3.0
2025-04-24T05:00,15.6,43,0.00,6.2,17.2,234,243,10.8,2.9
2025-04-24T06:00,14.4,45,0.00,5.2,15.5,248,255,10.8,2.7
2025-04-24T07:00,13.6,47,0.00,5.2,15.0,256,259,9.0,2.5
2025-04-24T08:00,12.5,53,0.00,3.7,10.8,321,291,8.6,3.0
2025-04-24T09:00,11.8,60,0.00,1.1,4.4,360,348,5.8,4.2
2025-04-24T10:00,11.1,64,0.00,1.3,5.1,34,54,1.8,4.5
2025-04-24T11:00,11.9,64,0.00,4.8,9.4,29,59,6.1,5.4
2025-04-24T12:00,14.6,56,0.00,3.7,10.1,79,73,11.5,5.9
2025-04-24T13:00,17.4,48,0.00,3.3,5.2,77,76,14.0,6.2
2025-04-24T14:00,20.4,39,0.00,2.2,3.1,99,93,14.4,5.8
2025-04-24T15:00,23.0,31,0.00,2.0,2.6,170,164,14.4,5.2
2025-04-24T16:00,25.3,26,0.00,5.7,8.0,212,208,20.9,4.4
2025-04-24T17:00,27.2,21,0.00,11.3,15.7,219,217,29.9,3.0
2025-04-24T18:00,28.0,19,0.00,15.8,22.0,217,217,38.9,2.3
2025-04-24T19:00,28.4,20,0.00,15.2,21.4,223,222,39.2,3.1
2025-04-24T20:00,28.6,20,0.00,15.7,22.0,236,233,37.4,3.3
2025-04-24T21:00,27.9,21,0.00,16.2,23.4,226,226,38.2,3.4
2025-04-24T22:00,26.9,22,0.00,16.4,24.9,215,216,37.1,3.6
2025-04-24T23:00,25.2,27,0.00,16.5,27.4,200,203,36.0,4.8
2025-04-25T00:00,23.0,31,0.00,18.4,32.2,198,200,37.8,4.9
2025-04-25T01:00,21.4,32,0.00,15.5,28.7,205,206,32.0,4.2
2025-04-25T02:00,19.9,27,0.00,12.9,25.7,207,207,31.0,0.3
2025-04-25T03:00,18.5,29,0.00,11.7,24.1,207,208,25.2,-0.1
2025-04-25T04:00,17.5,31,0.00,11.4,24.3,209,212,22.7,0.2
2025-04-25T05:00,16.5,34,0.00,10.6,23.1,219,221,22.0,0.4
2025-04-25T06:00,15.7,37,0.00,9.8,22.2,216,222,19.8,1.0
2025-04-25T07:00,15.0,42,0.00,9.1,21.4,219,224,18.0,2.3
2025-04-25T08:00,14.3,50,0.00,8.9,21.0,234,235,16.6,4.1
2025-04-25T09:00,13.7,59,0.00,8.8,21.0,227,234,16.6,5.8
2025-04-25T10:00,13.3,66,0.00,7.9,19.5,219,228,16.2,7.1
2025-04-25T11:00,13.8,68,0.00,8.0,17.1,216,225,14.4,7.9
2025-04-25T12:00,15.4,63,0.00,6.0,13.5,213,221,15.1,8.4
2025-04-25T13:00,17.0,60,0.00,6.0,9.4,217,218,17.3,9.1
2025-04-25T14:00,19.2,54,0.00,8.2,11.9,209,209,22.3,9.8
2025-04-25T15:00,21.5,48,0.00,9.7,14.1,208,207,25.9,10.1
2025-04-25T16:00,23.8,38,0.00,11.3,16.3,205,203,29.9,8.6
2025-04-25T17:00,25.5,30,0.00,12.6,18.1,200,199,32.8,6.8
2025-04-25T18:00,26.5,26,0.00,12.7,18.2,196,194,32.8,5.4
2025-04-25T19:00,26.9,25,0.00,14.4,20.6,204,201,34.9,5.0
2025-04-25T20:00,27.2,25,0.00,14.3,20.6,216,211,35.6,5.5
2025-04-25T21:00,27.1,26,0.00,15.3,22.4,214,210,35.6,5.8
2025-04-25T22:00,25.9,29,0.00,17.0,25.9,197,196,37.1,6.7
2025-04-25T23:00,23.9,39,0.00,18.0,29.8,183,184,38.5,9.1
2025-04-26T00:00,21.7,47,0.00,16.4,29.0,176,178,37.4,9.9
2025-04-26T01:00,19.2,58,0.80,16.2,28.3,153,159,34.2,10.9
2025-04-26T02:00,19.1,61,0.00,14.7,25.8,169,173,31.7,11.4
2025-04-26T03:00,18.5,72,0.00,13.9,25.9,177,180,29.5,13.4
2025-04-26T04:00,18.4,76,0.00,13.0,22.7,178,181,28.4,14.1
2025-04-26T05:00,17.8,80,0.10,11.7,21.8,191,193,27.0,14.2
2025-04-26T06:00,17.1,85,0.40,12.2,22.6,182,188,23.4,14.6
2025-04-26T07:00,17.0,85,0.20,12.6,23.4,189,194,25.6,14.4
2025-04-26T08:00,16.6,90,0.60,14.4,27.2,190,196,26.6,15.0
2025-04-26T09:00,17.0,90,0.20,17.1,31.0,199,202,33.1,15.4
2025-04-26T10:00,16.9,93,1.40,18.0,32.1,196,200,33.8,15.7
2025-04-26T11:00,17.0,94,0.20,17.6,31.2,200,203,34.6,16.1
2025-04-26T12:00,17.5,93,0.00,17.7,30.8,204,207,34.6,16.4
2025-04-26T13:00,19.5,87,0.20,16.8,27.4,210,210,37.1,17.4
2025-04-26T14:00,20.5,85,1.00,16.7,27.5,209,209,34.6,17.8
2025-04-26T15:00,21.0,81,0.60,21.0,33.9,223,223,41.0,17.7
2025-04-26T16:00,21.3,82,0.70,20.6,32.4,239,236,47.2,18.1
2025-04-26T17:00,21.9,76,3.60,25.2,38.1,240,238,59.8,17.4
2025-04-26T18:00,20.5,86,1.80,17.0,27.3,246,244,51.1,18.1
2025-04-26T19:00,21.0,83,0.30,18.3,29.3,224,225,40.3,18.0
2025-04-26T20:00,20.4,84,0.20,18.0,28.8,224,223,40.7,17.6
2025-04-26T21:00,20.4,86,3.30,15.7,24.8,233,234,37.8,18.0
2025-04-26T22:00,19.7,88,2.90,18.1,29.9,248,243,35.3,17.7
2025-04-26T23:00,18.8,91,1.50,16.4,28.4,247,255,36.4,17.2
2025-04-27T00:00,17.7,75,0.00,19.9,36.4,275,277,38.2,13.2
2025-04-27T01:00,17.7,54,0.00,23.7,42.2,290,289,50.0,8.1
2025-04-27T02:00,15.8,55,0.00,18.8,33.7,291,292,48.6,6.7
2025-04-27T03:00,14.1,60,0.00,18.0,31.5,310,311,38.5,6.3
2025-04-27T04:00,11.6,60,0.00,20.3,34.9,308,309,42.5,4.1
2025-04-27T05:00,10.2,61,0.00,19.7,34.8,297,298,42.8,3.0
2025-04-27T06:00,9.9,61,0.00,13.4,24.8,276,281,40.7,2.8
2025-04-27T07:00,9.4,59,0.00,14.4,26.4,285,291,30.2,1.8
2025-04-27T08:00,8.8,58,0.00,15.7,28.3,292,296,33.1,1.0
2025-04-27T09:00,8.3,61,0.00,13.8,25.6,288,294,33.5,1.3
2025-04-27T10:00,8.3,62,0.00,15.7,27.9,292,296,32.4,1.5
2025-04-27T11:00,8.8,61,0.00,18.0,30.8,296,297,39.6,1.6
2025-04-27T12:00,10.0,56,0.00,18.4,29.1,287,289,38.9,1.7
2025-04-27T13:00,10.9,52,0.10,23.7,37.1,306,306,54.4,1.4
2025-04-27T14:00,12.1,46,0.00,32.1,48.9,309,310,65.9,0.9
2025-04-27T15:00,12.5,47,0.00,32.0,48.2,314,314,68.4,1.4
2025-04-27T16:00,13.1,47,0.00,32.7,49.2,313,313,70.6,2.2
2025-04-27T17:00,13.1,48,0.00,30.7,46.2,313,313,70.2,2.3
2025-04-27T18:00,13.4,46,0.00,31.4,47.6,315,316,69.8,2.1
2025-04-27T19:00,15.2,41,0.00,32.3,48.8,320,319,70.9,2.1
2025-04-27T20:00,15.8,40,0.00,30.8,47.7,322,323,69.8,2.2
2025-04-27T21:00,15.3,43,0.00,29.5,45.5,334,333,69.5,2.7
2025-04-27T22:00,16.0,39,0.00,26.8,42.3,339,339,63.0,2.2
2025-04-27T23:00,14.9,44,0.00,18.1,31.0,347,347,55.1,2.8
2025-04-28T00:00,13.4,49,0.00,12.2,24.7,336,339,37.4,3.0
2025-04-28T01:00,12.6,52,0.00,9.3,22.6,336,339,27.4,3.0
2025-04-28T02:00,11.6,57,0.00,9.9,24.0,302,311,18.7,3.2
2025-04-28T03:00,10.9,56,0.00,10.8,25.5,298,307,20.5,2.5
2025-04-28T04:00,10.2,56,0.00,11.4,27.0,299,307,22.0,1.9
2025-04-28T05:00,9.9,55,0.00,11.5,27.5,305,313,22.0,1.4
2025-04-28T06:00,9.9,54,0.00,11.8,27.7,313,320,23.0,1.0
2025-04-28T07:00,9.8,55,0.00,11.3,27.3,318,326,22.3,1.1
2025-04-28T08:00,9.4,57,0.00,10.1,25.8,325,334,21.2,1.2
2025-04-28T09:00,8.8,60,0.00,8.1,23.3,332,342,18.7,1.5
2025-04-28T10:00,8.2,62,0.00,7.6,22.0,326,341,14.8,1.5
2025-04-28T11:00,9.1,61,0.00,7.6,19.2,322,343,14.0,1.9
2025-04-28T12:00,11.4,57,0.00,6.1,16.3,294,333,14.8,3.2
2025-04-28T13:00,14.6,52,0.00,6.8,10.9,310,320,18.4,4.8
2025-04-28T14:00,17.5,44,0.00,6.6,9.4,315,324,19.4,5.0
2025-04-28T15:00,19.4,35,0.00,5.7,7.7,316,324,20.2,3.5
2025-04-28T16:00,20.4,32,0.00,6.0,7.8,299,304,20.2,3.0
2025-04-28T17:00,21.1,29,0.00,7.3,9.3,279,280,22.7,2.5
2025-04-28T18:00,21.7,28,0.00,8.1,10.5,275,273,24.1,2.2
2025-04-28T19:00,22.1,25,0.00,9.1,11.7,279,274,25.2,1.3
2025-04-28T20:00,22.3,23,0.00,8.0,10.7,280,275,25.2,0.4
2025-04-28T21:00,22.3,24,0.00,7.0,9.8,273,265,22.3,0.9
2025-04-28T22:00,21.8,27,0.00,6.3,9.2,268,259,19.1,1.7
2025-04-28T23:00,20.1,48,0.00,3.1,8.0,273,245,14.8,8.8
2025-04-29T00:00,18.4,44,0.00,1.3,7.5,254,240,4.7,5.9
2025-04-29T01:00,16.8,43,0.00,8.3,21.2,184,199,13.7,4.1
2025-04-29T02:00,16.0,44,0.00,10.9,27.0,209,214,20.5,3.8
2025-04-29T03:00,15.1,47,0.00,11.1,27.3,212,217,20.5,3.8
2025-04-29T04:00,13.9,49,0.00,10.7,26.1,210,215,20.9,3.3
2025-04-29T05:00,12.8,53,0.00,10.2,25.2,208,213,20.2,3.4
2025-04-29T06:00,11.9,59,0.00,10.1,24.9,215,219,19.4,4.1
2025-04-29T07:00,11.1,65,0.00,8.6,23.1,216,222,18.7,4.8
2025-04-29T08:00,10.8,68,0.00,8.7,23.3,220,224,15.8,5.0
2025-04-29T09:00,10.6,69,0.00,9.1,23.6,214,220,16.6,5.1
2025-04-29T10:00,10.2,68,0.00,8.6,23.2,211,218,16.6,4.7
2025-04-29T11:00,11.1,63,0.00,9.1,21.7,210,215,16.6,4.4
2025-04-29T12:00,13.4,56,0.00,8.0,20.2,216,219,17.6,4.8
2025-04-29T13:00,16.2,48,0.00,11.0,17.5,208,210,25.9,5.2
2025-04-29T14:00,18.6,44,0.00,13.9,20.9,209,209,32.4,5.9
2025-04-29T15:00,21.0,41,0.00,15.1,22.6,215,214,35.6,7.2
2025-04-29T16:00,23.1,37,0.00,17.5,25.9,214,213,40.3,7.8
2025-04-29T17:00,24.8,35,0.00,17.8,26.3,214,213,41.8,8.4
2025-04-29T18:00,25.9,35,0.00,17.9,26.6,216,215,42.1,9.1
2025-04-29T19:00,26.5,35,0.00,18.8,27.8,208,208,42.8,9.9
2025-04-29T20:00,26.5,37,0.00,20.4,30.8,201,202,45.0,10.5
2025-04-29T21:00,26.0,39,0.00,22.0,34.3,198,199,47.2,10.8
2025-04-29T22:00,24.8,43,0.00,20.5,34.2,202,203,47.5,11.3
2025-04-29T23:00,23.3,48,0.00,21.1,36.0,199,201,44.6,11.8
2025-04-30T00:00,22.0,53,0.00,21.7,38.3,204,206,45.0,11.9
2025-04-30T01:00,21.8,56,0.00,20.8,37.5,211,213,43.9,12.6
2025-04-30T02:00,21.6,56,0.00,19.9,36.5,226,226,42.8,12.4
2025-04-30T03:00,22.0,55,0.00,19.4,35.3,230,233,40.7,12.5
2025-04-30T04:00,21.3,61,0.10,18.0,33.5,223,226,40.0,13.4
2025-04-30T05:00,21.2,62,0.00,18.5,34.7,230,231,39.6,13.8
2025-04-30T06:00,20.5,68,0.00,14.5,29.3,242,241,37.4,14.4
2025-04-30T07:00,20.1,72,0.00,12.5,26.0,259,257,28.8,14.9
2025-04-30T08:00,19.7,75,0.00,11.0,23.8,270,272,24.5,15.1
2025-04-30T09:00,18.8,80,0.00,9.4,21.7,269,276,21.2,15.1
2025-04-30T10:00,18.0,85,0.00,9.3,21.3,280,287,18.0,15.5
2025-04-30T11:00,18.5,84,0.00,12.4,23.8,303,307,24.8,15.8
2025-04-30T12:00,18.1,68,0.00,14.5,25.4,318,321,29.9,12.1
2025-04-30T13:00,21.0,49,0.00,17.0,25.9,326,327,37.8,9.9
2025-04-30T14:00,21.2,44,0.00,18.1,26.4,325,326,42.1,8.4
2025-04-30T15:00,21.0,35,0.00,17.5,25.1,326,327,42.5,5.2
2025-04-30T16:00,21.5,30,0.00,17.0,24.1,324,325,41.8,3.1
2025-04-30T17:00,21.8,30,0.00,14.9,21.0,323,324,41.4,3.2
2025-04-30T18:00,22.4,26,0.00,14.0,19.7,313,315,37.8,2.2
2025-04-30T19:00,22.6,25,0.00,14.9,20.9,311,312,37.4,1.7
2025-04-30T20:00,22.8,23,0.00,15.7,22.4,316,318,38.2,0.7
2025-04-30T21:00,22.5,22,0.00,14.5,20.9,323,324,38.2,-0.1
2025-04-30T22:00,21.7,23,0.00,13.7,19.7,328,329,34.2,-0.2
2025-04-30T23:00,20.2,27,0.00,11.1,18.3,333,335,31.0,0.7
2025-05-01T00:00,17.8,36,0.00,8.2,18.9,338,345,22.7,2.5
2025-05-01T01:00,16.9,41,0.00,9.0,20.8,344,345,15.5,3.5
2025-05-01T02:00,15.6,41,0.00,10.4,23.9,346,346,19.4,2.3
2025-05-01T03:00,14.4,43,0.00,9.4,22.9,4,3,19.4,2.0
2025-05-01T04:00,13.4,46,0.00,9.3,22.6,19,17,18.0,2.0
2025-05-01T05:00,12.5,49,0.00,8.9,21.5,21,24,17.6,2.0
2025-05-01T06:00,11.9,52,0.00,7.7,19.9,18,27,17.3,2.3
2025-05-01T07:00,11.1,58,0.00,4.8,15.0,15,34,14.0,3.1
2025-05-01T08:00,10.7,57,0.00,7.4,18.5,29,42,13.0,2.6
2025-05-01T09:00,10.4,59,0.00,6.9,18.0,47,52,14.0,2.7
2025-05-01T10:00,9.9,60,0.00,6.5,17.4,44,53,12.6,2.7
2025-05-01T11:00,10.7,56,0.00,8.8,17.8,51,56,15.8,2.3
2025-05-01T12:00,12.6,47,0.00,8.1,13.3,66,67,20.2,1.6
2025-05-01T13:00,15.2,40,0.00,7.2,10.4,77,79,20.2,1.8
2025-05-01T14:00,17.4,34,0.00,8.6,12.2,90,92,24.5,1.3
2025-05-01T15:00,19.2,30,0.00,10.0,14.0,97,99,28.1,1.2
2025-05-01T16:00,20.4,29,0.00,11.1,15.2,102,104,30.2,1.5
2025-05-01T17:00,20.2,33,0.00,12.8,17.5,99,102,32.4,3.3
2025-05-01T18:00,20.6,37,0.00,14.3,19.9,95,99,36.0,5.3
2025-05-01T19:00,21.1,36,0.00,15.5,21.9,99,104,38.5,5.4
2025-05-01T20:00,21.5,32,0.00,15.8,22.5,113,116,38.9,4.3
2025-05-01T21:00,21.3,32,0.00,15.9,22.8,119,122,38.2,3.8
2025-05-01T22:00,20.4,34,0.00,15.1,22.4,119,123,37.1,3.9
2025-05-01T23:00,18.7,39,0.00,12.7,20.0,113,117,34.2,4.3
2025-05-02T00:00,16.9,46,0.00,12.4,20.7,106,111,27.7,5.2
2025-05-02T01:00,16.0,49,0.00,11.1,18.0,107,111,25.9,5.2
2025-05-02T02:00,15.6,54,0.00,11.8,19.8,99,104,26.3,6.2
2025-05-02T03:00,15.2,59,0.00,10.5,20.3,82,100,25.9,7.3
2025-05-02T04:00,15.6,68,0.00,9.5,18.4,105,121,24.5,9.7
2025-05-02T05:00,16.0,76,0.00,8.3,16.8,124,139,19.8,11.9
2025-05-02T06:00,15.9,83,0.00,5.5,14.0,136,167,16.2,13.1
2025-05-02T07:00,15.8,89,0.00,6.5,16.1,166,187,11.2,14.1
2025-05-02T08:00,15.6,92,0.00,6.7,18.8,194,207,12.2,14.3
2025-05-02T09:00,16.0,90,0.00,7.4,21.1,198,210,13.0,14.4
2025-05-02T10:00,16.7,88,0.00,8.5,22.2,226,224,15.1,14.7
2025-05-02T11:00,18.1,82,0.00,9.5,20.6,234,234,17.3,15.0
2025-05-02T12:00,20.6,72,0.00,7.9,17.8,246,242,18.0,15.4
2025-05-02T13:00,20.4,70,0.00,7.7,11.8,254,251,20.2,14.8
2025-05-02T14:00,21.6,67,0.00,7.8,11.6,244,244,21.2,15.3
2025-05-02T15:00,24.7,56,0.00,10.2,14.4,240,241,26.3,15.4
2025-05-02T16:00,27.1,48,0.00,13.7,19.7,238,237,39.2,15.1
2025-05-02T17:00,28.6,41,0.00,15.5,22.1,245,243,38.9,13.9
2025-05-02T18:00,29.5,35,0.00,15.6,22.3,246,244,40.0,12.6
2025-05-02T19:00,30.0,32,0.00,17.3,24.9,246,244,40.7,11.7
2025-05-02T20:00,29.7,30,0.00,19.9,29.4,252,250,43.6,10.4
2025-05-02T21:00,29.8,28,0.00,18.8,28.6,243,242,46.1,9.1
2025-05-02T22:00,29.8,27,0.00,16.7,26.3,246,246,42.8,8.5
2025-05-02T23:00,28.2,30,0.00,10.9,18.9,239,239,35.3,9.1
2025-05-03T00:00,25.4,39,0.00,7.4,16.2,187,204,21.6,10.3
2025-05-03T01:00,23.5,65,0.00,0.6,3.6,288,279,5.8,16.4
2025-05-03T02:00,22.1,65,0.00,4.4,11.4,232,243,7.2,15.2
2025-05-03T03:00,21.4,61,0.00,6.2,14.1,216,231,10.8,13.6
2025-05-03T04:00,20.2,66,0.00,3.4,8.8,186,237,11.9,13.6
2025-05-03T05:00,20.0,63,0.00,7.3,17.3,190,201,14.8,12.9
2025-05-03T06:00,19.1,72,0.00,5.5,15.9,257,245,13.0,13.9
2025-05-03T07:00,18.0,76,0.00,1.6,6.7,264,316,12.6,13.8
2025-05-03T08:00,17.4,79,0.00,0.2,0.8,180,63,3.2,13.7
2025-05-03T09:00,17.0,80,0.00,5.3,10.6,135,152,7.6,13.6
2025-05-03T10:00,16.6,89,0.00,4.5,14.4,166,179,11.5,14.8
2025-05-03T11:00,18.0,86,0.00,6.8,14.8,207,207,11.2,15.7
2025-05-03T12:00,20.5,75,0.00,7.2,14.1,177,185,17.6,15.9
2025-05-03T13:00,22.5,68,0.00,8.9,13.7,201,201,24.5,16.4
2025-05-03T14:00,23.9,64,0.00,8.9,13.2,204,204,22.3,16.6
2025-05-03T15:00,26.1,56,0.00,12.0,17.7,199,199,30.2,16.7
2025-05-03T16:00,26.5,53,0.30,18.6,27.2,215,213,50.0,16.0
2025-05-03T17:00,28.4,51,0.00,17.5,26.0,215,216,50.4,17.3
2025-05-03T18:00,25.1,68,6.30,25.9,38.9,218,219,57.6,18.8
2025-05-03T19:00,26.0,54,0.00,16.3,24.6,226,224,53.6,15.9
2025-05-03T20:00,28.0,49,1.10,15.8,23.1,217,217,44.3,16.5
2025-05-03T21:00,26.6,51,0.00,17.8,27.6,214,214,49.7,15.8
2025-05-03T22:00,22.3,73,3.50,19.7,28.6,247,247,40.3,17.2
2025-05-03T23:00,19.6,89,1.40,11.5,20.7,212,218,39.2,17.8
2025-05-04T00:00,19.4,92,0.10,7.8,17.8,184,196,21.2,18.0
2025-05-04T01:00,22.0,69,0.50,10.0,21.9,231,227,20.5,16.0
2025-05-04T02:00,20.1,80,0.00,4.5,11.1,194,214,17.3,16.5
2025-05-04T03:00,19.2,84,0.60,11.4,21.9,192,198,35.6,16.5
2025-05-04T04:00,17.9,94,6.40,11.4,20.7,259,254,30.2,16.8
2025-05-04T05:00,17.8,95,0.00,3.1,8.3,180,210,28.1,16.9
2025-05-04T06:00,17.1,96,0.00,1.7,6.1,139,177,6.5,16.5
2025-05-04T07:00,17.1,96,0.00,5.4,12.4,138,163,8.6,16.5
2025-05-04T08:00,16.9,92,0.00,8.6,18.0,151,173,14.8,15.6
2025-05-04T09:00,16.6,90,0.00,9.2,20.2,168,181,16.2,14.9
2025-05-04T10:00,16.5,91,0.10,8.3,19.6,181,187,15.8,14.9
2025-05-04T11:00,17.2,90,0.00,9.7,19.3,176,184,16.6,15.6
2025-05-04T12:00,18.5,88,0.00,7.6,16.6,175,183,19.1,16.4
2025-05-04T13:00,20.1,84,1.20,6.8,10.7,162,166,16.2,17.4
2025-05-04T14:00,20.5,81,0.30,8.6,12.9,157,159,22.7,17.1
2025-05-04T15:00,22.5,75,0.10,7.9,11.4,169,169,26.6,17.7
2025-05-04T16:00,21.1,77,0.50,14.4,21.1,181,181,32.4,16.9
2025-05-04T17:00,22.1,77,0.10,11.0,16.6,165,170,32.4,18.0
2025-05-04T18:00,21.1,81,0.30,13.6,21.2,174,173,35.6,17.7
2025-05-04T19:00,20.4,85,2.20,17.4,26.7,173,172,38.2,17.7
2025-05-04T20:00,19.6,90,2.40,15.0,23.9,176,174,34.9,17.9
2025-05-04T21:00,18.7,95,1.60,11.0,20.2,159,164,31.0,17.9
2025-05-04T22:00,18.2,96,1.10,10.9,18.8,146,153,23.4,17.6
2025-05-04T23:00,17.9,97,0.60,10.6,19.5,159,166,20.9,17.3
2025-05-05T00:00,17.8,96,0.10,9.3,16.5,156,166,19.8,17.0
2025-05-05T01:00,17.2,97,1.30,8.8,17.1,121,134,16.9,16.7
2025-05-05T02:00,17.0,98,0.50,8.9,17.1,104,119,16.6,16.6
2025-05-05T03:00,16.8,97,0.20,10.3,18.0,112,123,19.4,16.4
2025-05-05T04:00,16.2,97,0.00,9.1,16.7,104,118,19.8,15.7
2025-05-05T05:00,15.9,97,0.00,8.0,15.6,100,117,17.3,15.3
2025-05-05T06:00,15.6,97,0.00,8.5,15.2,95,111,16.9,15.0
2025-05-05T07:00,15.3,97,0.00,7.8,15.0,86,103,17.3,14.8
2025-05-05T08:00,15.2,96,0.00,7.3,12.6,73,92,15.1,14.6
2025-05-05T09:00,15.0,96,0.00,7.9,14.4,66,80,15.8,14.4
2025-05-05T10:00,14.7,97,0.10,8.4,16.3,70,77,16.6,14.1
2025-05-05T11:00,14.8,96,0.10,9.3,18.8,77,75,18.7,14.1
2025-05-05T12:00,15.1,94,0.00,11.5,17.4,76,77,23.4,14.2
2025-05-05T13:00,16.6,94,0.00,11.9,18.1,79,79,27.0,15.6
2025-05-05T14:00,17.0,92,0.20,13.6,20.7,83,82,28.8,15.7
2025-05-05T15:00,17.4,89,0.50,14.2,21.2,91,89,31.0,15.4
2025-05-05T16:00,16.5,94,4.40,12.3,18.6,95,93,31.3,15.6
2025-05-05T17:00,16.6,94,3.00,14.6,21.8,86,87,31.3,15.6
2025-05-05T18:00,16.3,95,2.90,14.0,22.3,82,84,32.4,15.6
2025-05-05T19:00,16.8,92,0.00,15.7,24.2,92,93,35.6,15.4
2025-05-05T20:00,16.7,89,0.10,16.6,25.7,88,91,36.7,14.9
2025-05-05T21:00,15.6,92,0.00,14.2,22.5,82,86,36.7,14.2
2025-05-05T22:00,15.2,92,0.10,13.4,22.0,82,90,31.3,13.9
2025-05-05T23:00,14.4,96,0.10,13.1,21.2,67,76,28.4,13.6
2025-05-06T00:00,14.2,97,0.00,11.5,21.0,82,97,27.7,13.7
2025-05-06T01:00,14.4,97,0.00,10.8,23.0,90,109,24.1,14.0
2025-05-06T02:00,14.4,98,0.00,11.7,23.3,87,105,22.0,14.1
2025-05-06T03:00,14.4,97,0.00,10.3,24.8,90,105,23.0,14.1
2025-05-06T04:00,14.2,98,1.30,9.3,25.7,82,110,18.4,13.9
2025-05-06T05:00,14.1,99,0.00,10.7,25.4,83,113,20.2,14.0
2025-05-06T06:00,14.1,99,0.00,9.7,21.0,89,121,18.7,14.0
2025-05-06T07:00,14.2,99,0.00,13.0,26.3,100,119,22.3,14.1
2025-05-06T08:00,14.2,99,0.00,10.9,24.4,107,131,22.0,14.1
2025-05-06T09:00,14.6,98,0.00,7.9,16.2,93,120,18.0,14.3
2025-05-06T10:00,14.8,98,0.00,9.7,17.7,90,112,18.0,14.4
2025-05-06T11:00,15.2,97,0.00,11.1,20.5,98,114,22.3,14.8
2025-05-06T12:00,15.7,95,0.30,12.3,20.4,136,146,23.0,14.9
2025-05-06T13:00,16.4,94,0.00,11.8,16.1,117,122,27.4,15.4
2025-05-06T14:00,18.6,88,0.00,12.3,17.6,134,137,27.7,16.6
2025-05-06T15:00,20.0,84,0.10,11.4,17.1,156,159,37.1,17.2
2025-05-06T16:00,20.1,83,0.20,6.8,10.6,168,166,31.0,17.1
2025-05-06T17:00,22.2,74,0.10,11.2,16.4,181,179,32.0,17.3
2025-05-06T18:00,23.2,68,0.00,10.8,15.7,180,180,34.9,17.0
2025-05-06T19:00,24.4,58,0.00,13.7,20.2,169,172,34.9,15.7
2025-05-06T20:00,24.5,47,0.00,17.9,27.9,195,194,44.6,12.6
2025-05-06T21:00,22.6,55,1.00,18.0,28.9,229,226,41.4,13.2
2025-05-06T22:00,20.5,64,0.10,14.4,25.0,221,218,40.7,13.4
2025-05-06T23:00,18.8,67,0.00,18.5,31.1,242,242,43.6,12.6
2025-05-07T00:00,16.8,77,0.00,13.2,24.6,233,234,37.8,12.6
2025-05-07T01:00,16.6,77,0.00,9.0,20.2,244,246,23.8,12.6
2025-05-07T02:00,15.6,81,0.00,8.6,20.1,237,242,17.3,12.3
2025-05-07T03:00,14.9,83,0.00,8.8,21.1,239,243,16.6,12.1
2025-05-07T04:00,14.4,84,0.00,7.4,19.1,236,239,16.2,11.8
2025-05-07T05:00,14.1,84,0.00,7.3,18.9,226,231,13.3,11.4
2025-05-07T06:00,14.9,79,0.00,10.8,24.0,242,238,19.8,11.4
2025-05-07T07:00,14.9,75,0.00,11.2,24.0,248,247,24.1,10.6
2025-05-07T08:00,14.0,79,0.10,7.4,18.4,236,243,21.6,10.4
2025-05-07T09:00,13.8,80,0.00,6.4,15.7,205,225,13.7,10.4
2025-05-07T10:00,13.1,83,0.00,5.1,13.7,207,224,11.5,10.2
2025-05-07T11:00,13.5,82,0.00,6.6,13.0,233,245,11.5,10.6
2025-05-07T12:00,14.4,77,0.00,6.3,10.0,233,240,15.5,10.5
2025-05-07T13:00,16.6,71,0.00,6.2,9.1,255,255,17.6,11.3
2025-05-07T14:00,18.0,63,0.00,7.9,11.1,257,256,22.0,10.9
2025-05-07T15:00,19.2,57,0.00,8.6,11.7,259,257,23.0,10.6
2025-05-07T16:00,20.2,54,0.00,11.7,16.0,271,269,29.5,10.5
2025-05-07T17:00,21.3,48,0.00,11.9,16.4,273,272,29.5,10.0
2025-05-07T18:00,21.5,47,0.00,11.6,16.2,274,273,29.5,9.7
2025-05-07T19:00,21.9,44,0.00,9.9,13.7,271,269,28.1,9.2
2025-05-07T20:00,22.4,43,0.00,11.7,16.9,266,263,26.3,9.1
2025-05-07T21:00,21.5,50,0.00,10.2,17.5,253,253,26.6,10.7
2025-05-07T22:00,20.9,56,0.00,10.0,18.7,249,252,22.0,11.8
2025-05-07T23:00,20.0,62,0.00,9.3,19.1,245,251,20.5,12.5
2025-05-08T00:00,18.0,70,0.00,8.0,20.2,228,235,18.4,12.5
2025-05-08T01:00,17.7,71,0.00,6.8,17.7,233,241,11.2,12.4
2025-05-08T02:00,17.1,73,0.00,7.8,20.4,236,240,14.0,12.2
2025-05-08T03:00,16.5,75,0.00,7.6,20.3,242,246,14.8,12.1
2025-05-08T04:00,15.6,78,0.00,6.6,19.2,259,257,13.7,11.8
2025-05-08T05:00,14.8,80,0.00,5.4,16.8,262,261,11.5,11.4
2025-05-08T06:00,14.3,80,0.00,5.6,16.4,276,274,9.7,10.9
2025-05-08T07:00,13.9,80,0.00,6.5,17.7,268,273,11.5,10.5
2025-05-08T08:00,12.9,84,0.00,4.9,15.2,280,287,11.5,10.3
2025-05-08T09:00,12.7,85,0.00,3.9,12.7,294,301,7.9,10.2
2025-05-08T10:00,12.1,87,0.00,2.7,8.5,270,302,5.8,10.0
2025-05-08T11:00,13.1,87,0.00,3.3,4.2,248,306,7.2,11.0
2025-05-08T12:00,15.2,83,0.00,1.8,1.7,246,311,8.3,12.4
2025-05-08T13:00,18.6,75,0.00,0.5,0.4,225,27,9.4,14.1
2025-05-08T14:00,20.8,67,0.00,1.9,3.0,68,73,11.5,14.4
2025-05-08T15:00,22.4,61,0.00,2.9,4.0,97,98,14.0,14.5
2025-05-08T16:00,23.3,57,0.00,1.8,2.4,114,117,17.6,14.3
2025-05-08T17:00,24.1,53,0.00,3.6,5.0,131,134,16.6,14.1
2025-05-08T18:00,24.2,52,0.00,6.0,7.7,185,180,17.6,13.8
2025-05-08T19:00,23.9,50,0.10,6.4,8.9,212,208,22.0,12.9
2025-05-08T20:00,24.2,45,0.00,4.6,6.6,228,225,19.1,11.7
2025-05-08T21:00,23.0,48,0.00,6.9,8.7,25,30,16.6,11.5
2025-05-08T22:00,18.8,77,0.10,9.1,15.9,27,28,34.6,14.6
2025-05-08T23:00,18.0,81,0.10,11.4,18.5,28,29,23.0,14.6
2025-05-09T00:00,17.0,86,0.00,6.0,11.4,9,25,23.8,14.8
2025-05-09T01:00,17.0,83,0.10,12.5,22.4,46,45,25.9,14.0
2025-05-09T02:00,16.5,85,0.00,11.8,21.7,43,48,26.3,14.1
2025-05-09T03:00,16.5,86,0.00,11.5,21.2,61,57,25.9,14.2
2025-05-09T04:00,15.8,87,0.00,11.1,21.0,46,49,23.0,13.6
2025-05-09T05:00,14.7,87,0.00,12.2,21.3,34,39,23.8,12.5
2025-05-09T06:00,13.9,86,0.00,11.5,22.1,40,41,25.9,11.6
2025-05-09T07:00,13.4,85,0.00,11.6,21.0,32,37,23.8,10.9
2025-05-09T08:00,13.0,84,0.50,10.6,19.5,34,37,23.8,10.4
2025-05-09T09:00,12.4,90,1.20,14.2,25.5,51,50,27.0,10.8
2025-05-09T10:00,12.2,93,0.30,14.7,27.1,65,64,29.5,11.1
2025-05-09T11:00,12.4,96,0.60,12.6,23.8,66,65,27.0,11.8
2025-05-09T12:00,12.6,97,3.90,16.0,29.7,69,69,31.3,12.1
2025-05-09T13:00,13.9,98,1.30,9.2,19.9,23,35,29.2,13.6
2025-05-09T14:00,14.0,98,1.40,10.2,18.1,32,40,22.7,13.8
2025-05-09T15:00,15.3,89,0.70,13.4,18.9,64,68,29.2,13.4
2025-05-09T16:00,15.6,88,0.10,11.7,16.6,75,72,27.7,13.6
2025-05-09T17:00,16.1,88,0.10,5.5,7.6,63,62,25.9,14.1
2025-05-09T18:00,16.8,85,0.40,7.2,9.9,356,2,18.4,14.2
2025-05-09T19:00,16.6,84,0.60,10.7,14.8,353,359,25.6,14.0
2025-05-09T20:00,15.6,86,0.50,14.1,19.8,325,330,32.0,13.4
2025-05-09T21:00,14.4,92,1.50,12.2,17.3,311,315,33.5,13.1
2025-05-09T22:00,14.1,91,0.30,11.9,17.4,319,322,28.1,12.8
2025-05-09T23:00,13.9,90,0.00,12.7,19.0,297,300,28.1,12.4
2025-05-10T00:00,13.1,88,0.00,15.3,26.0,292,297,30.6,11.2
2025-05-10T01:00,11.8,84,0.00,13.4,23.9,298,305,28.1,9.2
2025-05-10T02:00,10.8,86,0.00,13.7,25.4,292,298,27.7,8.6
2025-05-10T03:00,10.4,85,0.00,15.5,28.3,290,296,31.3,8.1
2025-05-10T04:00,9.9,85,0.00,15.9,29.1,290,295,32.4,7.5
2025-05-10T05:00,9.9,83,0.00,16.1,29.2,292,298,32.8,7.1
2025-05-10T06:00,10.1,81,0.00,15.1,27.7,297,302,33.1,6.9
2025-05-10T07:00,9.6,83,0.00,14.6,26.9,286,293,31.0,6.8
2025-05-10T08:00,9.6,83,0.00,16.1,29.1,281,286,33.1,6.8
2025-05-10T09:00,9.8,79,0.00,16.9,30.4,291,295,34.6,6.3
2025-05-10T10:00,10.0,75,0.00,17.6,31.6,294,297,36.4,5.8
2025-05-10T11:00,10.6,73,0.00,18.6,32.3,290,293,38.9,6.0
2025-05-10T12:00,11.4,72,0.00,18.5,30.1,285,288,39.6,6.7
2025-05-10T13:00,13.2,64,0.00,19.7,30.4,291,293,42.8,6.6
2025-05-10T14:00,15.0,55,0.00,21.1,32.1,302,304,46.4,6.1
2025-05-10T15:00,16.4,53,0.00,21.5,32.3,305,306,47.9,6.7
2025-05-10T16:00,17.8,48,0.00,21.7,32.5,311,313,49.7,6.5
2025-05-10T17:00,18.8,45,0.00,20.0,29.7,311,312,48.6,6.6
2025-05-10T18:00,19.5,44,0.00,19.8,29.4,312,313,47.2,6.8
2025-05-10T19:00,20.1,41,0.00,18.5,27.4,307,309,44.6,6.7
2025-05-10T20:00,20.5,39,0.00,18.2,27.3,302,304,41.4,5.9
2025-05-10T21:00,20.4,38,0.00,17.1,26.4,302,303,40.0,5.7
2025-05-10T22:00,19.9,45,0.00,12.6,21.4,294,296,36.4,7.7
2025-05-10T23:00,18.6,54,0.00,9.3,20.0,292,294,25.9,9.0
2025-05-11T00:00,16.2,66,0.00,6.1,17.4,272,286,18.0,9.9
2025-05-11T01:00,15.8,67,0.00,6.4,18.4,254,262,11.2,9.8
2025-05-11T02:00,14.9,69,0.00,6.8,19.3,258,265,11.9,9.3
2025-05-11T03:00,14.2,69,0.00,8.2,22.1,262,270,14.8,8.7
2025-05-11T04:00,13.6,70,0.00,7.8,21.2,255,269,15.5,8.3
2025-05-11T05:00,12.4,76,0.00,5.6,17.3,277,278,13.7,8.2
2025-05-11T06:00,11.7,79,0.00,4.3,13.1,275,288,9.4,8.1
2025-05-11T07:00,10.9,82,0.00,4.7,11.3,268,287,7.2,8.1
2025-05-11T08:00,10.2,85,0.00,4.1,9.7,270,288,7.2,7.8
2025-05-11T09:00,9.6,87,0.00,3.0,9.8,284,313,6.1,7.6
2025-05-11T10:00,8.9,90,0.00,3.6,9.3,250,304,5.8,7.4
2025-05-11T11:00,10.6,87,0.00,5.9,9.9,243,292,11.2,8.6
2025-05-11T12:00,13.4,84,0.00,6.0,13.9,245,289,13.7,10.8
2025-05-11T13:00,17.9,70,0.00,3.5,13.1,249,283,13.7,12.2
2025-05-11T14:00,21.0,55,0.00,5.7,9.0,288,292,16.9,11.6
2025-05-11T15:00,22.4,42,0.00,10.1,14.2,303,305,25.2,8.9
2025-05-11T16:00,22.9,40,0.00,10.8,15.1,314,315,27.7,8.6
2025-05-11T17:00,23.4,43,0.00,11.6,16.0,318,319,28.8,10.0
2025-05-11T18:00,23.5,42,0.00,13.2,18.2,330,330,31.7,9.9
2025-05-11T19:00,23.4,41,0.00,13.8,19.1,333,334,32.8,9.4
2025-05-11T20:00,23.0,42,0.00,13.4,18.9,336,338,32.8,9.4
2025-05-11T21:00,22.5,40,0.00,11.7,16.7,339,341,31.0,8.1
2025-05-11T22:00,21.6,39,0.00,10.2,16.3,342,347,27.0,6.9
2025-05-11T23:00,19.9,46,0.00,10.7,21.3,343,348,22.0,8.0
2025-05-12T00:00,17.1,59,0.00,7.8,19.9,7,9,21.6,8.9
2025-05-12T01:00,17.4,52,0.00,9.9,24.4,19,20,18.7,7.4
2025-05-12T02:00,16.2,54,0.00,9.7,25.0,31,36,18.4,6.8
2025-05-12T03:00,15.4,63,0.00,9.1,21.6,51,63,19.1,8.4
2025-05-12T04:00,14.4,70,0.00,6.2,17.3,73,94,16.9,8.9
2025-05-12T05:00,13.7,70,0.00,6.9,18.3,67,83,12.2,8.4
2025-05-12T06:00,12.9,74,0.00,6.2,18.1,75,81,12.2,8.3
2025-05-12T07:00,12.2,76,0.00,5.2,15.4,96,96,10.1,8.1
2025-05-12T08:00,12.1,77,0.00,6.3,17.1,75,91,10.1,8.1
2025-05-12T09:00,11.8,77,0.00,6.7,18.2,81,90,11.9,7.9
2025-05-12T10:00,11.4,77,0.00,7.2,19.0,86,95,12.6,7.7
2025-05-12T11:00,12.6,73,0.00,9.4,20.0,83,93,17.6,7.9
2025-05-12T12:00,14.4,67,0.00,8.0,14.8,85,93,18.4,8.4
2025-05-12T13:00,17.0,52,0.00,8.0,11.9,100,105,20.9,6.9
2025-05-12T14:00,18.8,43,0.00,9.2,13.0,106,109,23.8,5.8
2025-05-12T15:00,20.5,36,0.00,9.1,12.6,112,116,24.5,5.1
2025-05-12T16:00,22.0,34,0.00,8.4,11.8,121,124,24.5,5.2
2025-05-12T17:00,23.2,34,0.00,7.6,10.7,121,126,23.8,6.3
2025-05-12T18:00,24.2,34,0.00,6.2,8.5,120,126,22.7,7.4
2025-05-12T19:00,25.0,35,0.00,5.0,6.9,125,135,19.8,8.7
2025-05-12T20:00,25.5,38,0.00,3.8,4.5,71,92,17.3,10.0
2025-05-12T21:00,24.2,42,0.00,11.2,15.1,40,45,27.4,10.6
2025-05-12T22:00,20.9,51,0.00,15.5,23.6,52,59,33.5,10.5
2025-05-12T23:00,18.8,63,0.00,10.6,21.4,51,82,32.4,11.6
2025-05-13T00:00,18.0,67,0.00,7.2,14.7,76,105,19.4,11.6
2025-05-13T01:00,18.7,64,0.00,6.9,18.0,121,143,16.2,11.7
2025-05-13T02:00,19.1,63,0.00,8.5,22.2,175,192,15.5,11.9
2025-05-13T03:00,18.3,73,0.00,9.3,22.5,188,196,16.9,13.4
2025-05-13T04:00,17.4,80,0.00,7.1,19.2,201,205,16.9,13.9
2025-05-13T05:00,16.5,84,0.00,5.6,16.8,209,212,12.6,13.9
2025-05-13T06:00,16.2,86,0.00,5.4,16.2,220,221,9.0,13.9
2025-05-13T07:00,15.8,88,0.00,5.0,14.8,224,226,8.6,13.9
2025-05-13T08:00,15.6,89,0.00,3.2,10.8,177,212,7.2,13.9
2025-05-13T09:00,15.9,89,0.00,1.1,6.9,162,223,4.3,14.1
2025-05-13T10:00,15.9,90,0.00,0.7,3.9,104,214,1.8,14.2
2025-05-13T11:00,16.5,89,0.00,3.6,3.3,90,135,6.1,14.7
2025-05-13T12:00,17.3,87,0.00,4.5,7.1,85,111,9.0,15.1
2025-05-13T13:00,17.7,90,0.10,6.2,12.1,134,162,12.2,16.0
2025-05-13T14:00,18.2,87,0.00,4.8,10.7,127,155,12.2,16.0
2025-05-13T15:00,19.7,71,0.00,7.8,11.4,116,119,18.4,14.2
2025-05-13T16:00,20.2,66,0.00,8.3,12.6,96,99,19.1,13.6
2025-05-13T17:00,22.2,59,0.00,11.2,16.2,116,116,27.7,13.9
2025-05-13T18:00,20.8,68,0.00,16.6,24.5,121,120,35.3,14.7
2025-05-13T19:00,19.7,73,0.20,14.5,21.7,101,102,36.4,14.8
2025-05-13T20:00,19.1,76,0.50,13.5,20.5,111,113,32.0,14.7
2025-05-13T21:00,18.1,80,0.30,12.8,20.1,96,100,29.9,14.6
2025-05-13T22:00,17.3,84,0.30,14.4,23.3,91,94,30.6,14.5
2025-05-13T23:00,16.3,86,0.30,13.9,23.7,92,96,30.6,13.9
2025-05-14T00:00,15.6,89,0.50,13.7,24.7,92,98,28.1,13.8
2025-05-14T01:00,15.8,93,0.60,14.6,26.4,95,99,27.7,14.6
2025-05-14T02:00,15.4,97,0.70,14.2,26.3,97,100,28.1,14.9
2025-05-14T03:00,15.3,96,0.30,13.9,24.6,96,103,27.0,14.7
2025-05-14T04:00,15.0,96,0.10,14.5,25.7,83,91,27.0,14.4
2025-05-14T05:00,14.4,96,0.00,14.3,26.5,80,88,27.4,13.9
2025-05-14T06:00,14.6,93,0.10,15.2,27.5,84,91,29.2,13.6
2025-05-14T07:00,15.0,93,0.00,15.1,27.8,90,97,28.8,13.9
2025-05-14T08:00,15.2,93,0.20,15.5,27.9,98,103,29.2,14.1
2025-05-14T09:00,14.9,93,0.10,16.6,29.6,89,93,32.0,13.8
2025-05-14T10:00,14.8,93,0.00,17.3,30.8,89,93,33.5,13.6
2025-05-14T11:00,15.1,92,0.00,17.2,30.2,85,89,34.9,13.8
2025-05-14T12:00,15.8,90,0.00,20.9,32.1,92,92,40.3,14.1
2025-05-14T13:00,15.0,97,0.80,21.2,36.6,97,100,42.5,14.4
2025-05-14T14:00,15.5,96,1.60,18.9,32.4,93,96,42.5,14.8
2025-05-14T15:00,16.0,94,1.30,16.1,26.9,83,87,38.2,15.1
2025-05-14T16:00,16.2,94,0.60,15.9,28.4,72,79,34.6,15.3
2025-05-14T17:00,17.0,89,0.60,21.6,33.3,90,91,48.6,15.1
2025-05-14T18:00,16.1,93,2.50,21.8,35.1,87,90,43.9,15.0
2025-05-14T19:00,16.4,93,0.40,20.5,34.0,89,92,42.8,15.2
2025-05-14T20:00,16.4,91,0.10,18.4,29.0,87,89,40.7,14.9
2025-05-14T21:00,16.2,91,0.00,17.6,28.9,79,85,39.6,14.6
2025-05-14T22:00,16.0,91,0.10,17.7,28.9,84,86,38.5,14.5
2025-05-14T23:00,15.4,94,0.10,15.4,28.1,79,83,36.7,14.4
2025-05-15T00:00,15.6,93,0.00,13.8,24.9,83,92,33.5,14.4
2025-05-15T01:00,16.8,96,0.00,9.6,18.1,95,110,20.2,16.1
2025-05-15T02:00,16.6,97,0.00,8.3,15.7,86,103,18.4,16.1
2025-05-15T03:00,16.5,97,0.00,7.7,14.2,74,94,15.8,16.0
2025-05-15T04:00,16.3,97,0.00,6.8,12.1,61,84,14.8,15.9
2025-05-15T05:00,16.2,97,0.00,8.9,15.6,65,75,16.9,15.8
2025-05-15T06:00,15.9,98,0.00,8.7,16.0,69,79,17.6,15.6
2025-05-15T07:00,15.8,98,0.00,8.7,15.6,69,79,16.9,15.5
2025-05-15T08:00,15.6,98,0.10,9.0,15.2,61,71,17.3,15.4
2025-05-15T09:00,15.6,98,0.10,9.7,18.0,71,74,19.1,15.2
2025-05-15T10:00,15.5,97,0.00,9.5,17.7,75,80,19.4,15.1
2025-05-15T11:00,15.6,97,0.00,9.9,18.7,65,70,19.1,15.2
2025-05-15T12:00,16.3,95,0.00,9.8,13.9,70,70,22.3,15.4
2025-05-15T13:00,17.5,93,0.10,8.3,11.0,68,71,21.2,16.4
2025-05-15T14:00,18.4,91,0.20,9.0,12.5,74,74,20.5,17.0
2025-05-15T15:00,19.8,87,0.10,8.0,11.2,84,85,22.7,17.5
2025-05-15T16:00,20.1,86,0.20,7.9,10.8,106,105,20.5,17.8
2025-05-15T17:00,21.6,80,0.10,8.0,10.9,115,114,26.6,18.0
2025-05-15T18:00,21.9,80,0.00,9.6,13.3,113,117,27.0,18.3
2025-05-15T19:00,22.0,80,0.10,8.6,11.8,112,116,27.4,18.4
2025-05-15T20:00,22.1,79,0.10,7.2,9.8,91,96,25.6,18.2
2025-05-15T21:00,22.4,72,0.40,5.3,7.8,102,103,23.4,17.1
2025-05-15T22:00,21.5,79,0.20,4.1,6.0,92,95,16.2,17.9
2025-05-15T23:00,20.9,84,0.00,5.8,9.0,106,106,13.3,18.0
2025-05-16T00:00,19.2,90,0.00,6.7,10.8,106,111,12.6,17.6
2025-05-16T01:00,17.5,97,0.00,7.2,13.3,94,103,13.7,17.0
2025-05-16T02:00,16.6,99,0.00,6.2,11.7,97,107,13.3,16.5
2025-05-16T03:00,16.3,100,0.00,4.5,9.4,119,133,11.2,16.2
2025-05-16T04:00,16.4,100,0.00,4.8,8.5,117,142,10.1,16.3
2025-05-16T05:00,16.5,99,0.00,3.1,5.6,135,165,10.4,16.4
2025-05-16T06:00,16.4,100,0.00,2.6,4.4,106,145,7.6,16.4
2025-05-16T07:00,16.4,100,0.00,1.7,4.3,131,182,6.5,16.4
2025-05-16T08:00,16.4,100,0.00,0.2,2.0,90,225,4.3,16.3
2025-05-16T09:00,16.4,100,0.00,4.2,4.3,83,90,8.3,16.4
2025-05-16T10:00,16.4,100,0.00,4.1,6.2,103,102,10.4,16.3
2025-05-16T11:00,16.6,99,0.00,3.3,3.9,135,137,9.4,16.4
2025-05-16T12:00,16.9,99,0.00,4.0,4.3,144,152,11.5,16.8
2025-05-16T13:00,19.1,91,0.00,5.5,6.7,167,172,15.1,17.6
2025-05-16T14:00,20.7,85,0.00,6.3,8.5,198,197,16.9,18.0
2025-05-16T15:00,22.0,80,0.00,5.5,7.6,199,194,18.0,18.4
2025-05-16T16:00,22.2,79,0.60,10.6,15.2,210,204,21.6,18.5
2025-05-16T17:00,21.9,83,0.50,7.9,12.1,183,181,25.2,18.9
2025-05-16T18:00,24.5,75,0.10,12.7,18.1,205,203,28.8,19.8
2025-05-16T19:00,24.9,78,0.10,11.5,17.5,210,208,34.2,20.7
2025-05-16T20:00,26.1,72,0.10,15.2,23.1,220,217,33.1,20.6
2025-05-16T21:00,24.8,80,0.60,5.8,10.3,272,257,32.4,21.1
2025-05-16T22:00,25.4,80,0.10,7.1,12.9,218,222,17.6,21.7
2025-05-16T23:00,24.5,83,0.00,5.6,13.2,209,218,15.1,21.5
2025-05-17T00:00,23.2,87,0.10,3.5,6.9,114,155,9.7,21.0
2025-05-17T01:00,21.5,91,0.00,7.9,16.3,153,170,16.2,20.0
2025-05-17T02:00,21.0,94,0.00,9.8,21.1,185,191,15.1,20.0
2025-05-17T03:00,21.1,93,0.00,5.4,13.5,233,226,24.1,20.0
2025-05-17T04:00,19.9,97,0.00,5.7,13.6,191,208,9.4,19.4
2025-05-17T05:00,18.9,98,0.00,4.8,13.8,202,220,11.9,18.6
2025-05-17T06:00,19.0,98,0.00,8.0,17.8,211,226,14.8,18.8
2025-05-17T07:00,18.4,98,0.00,8.1,17.6,209,225,14.4,18.1
2025-05-17T08:00,18.0,97,0.00,5.6,15.1,213,235,15.8,17.6
2025-05-17T09:00,17.8,97,0.00,6.6,15.1,202,230,11.5,17.2
2025-05-17T10:00,17.6,96,0.00,5.5,13.3,193,218,11.5,17.0
2025-05-17T11:00,18.5,95,0.00,8.6,17.0,179,196,15.5,17.6
2025-05-17T12:00,19.9,94,0.00,9.8,26.5,175,192,20.2,18.8
2025-05-17T13:00,21.3,87,0.00,8.1,12.3,186,188,24.8,19.0
2025-05-17T14:00,20.0,87,0.30,13.7,23.6,179,183,37.4,17.9
2025-05-17T15:00,22.0,82,0.00,10.5,15.5,184,185,27.7,18.7
2025-05-17T16:00,25.2,69,0.00,12.9,19.4,199,200,30.2,19.1
2025-05-17T17:00,26.2,62,0.00,16.4,24.4,210,210,47.2,18.5
2025-05-17T18:00,27.0,57,0.00,17.7,26.1,235,234,46.8,17.6
2025-05-17T19:00,27.0,56,0.10,19.2,28.8,244,244,45.0,17.4
2025-05-17T20:00,27.0,48,0.00,20.7,32.3,254,253,47.9,14.9
2025-05-17T21:00,26.1,51,0.00,21.8,34.8,257,256,46.4,15.1
2025-05-17T22:00,25.5,56,0.00,16.8,28.7,255,255,45.4,16.0
2025-05-17T23:00,24.5,58,0.00,14.5,27.3,258,260,34.6,15.8
2025-05-18T00:00,22.9,64,0.00,10.9,23.9,264,270,29.2,15.6
2025-05-18T01:00,22.9,55,0.00,14.9,30.3,291,293,32.0,13.4
2025-05-18T02:00,21.2,61,0.00,17.8,32.6,317,317,37.4,13.4
2025-05-18T03:00,19.5,67,0.00,11.8,22.9,331,333,36.0,13.2
2025-05-18T04:00,18.4,71,0.00,7.7,17.0,319,324,23.4,12.9
2025-05-18T05:00,16.9,77,0.00,5.4,13.5,285,303,15.5,12.7
2025-05-18T06:00,16.1,77,0.00,9.3,21.3,260,273,15.8,12.1
2025-05-18T07:00,16.3,67,0.00,17.8,33.3,282,282,36.0,10.1
2025-05-18T08:00,15.7,66,0.00,17.2,32.0,283,283,37.1,9.4
2025-05-18T09:00,15.0,69,0.00,15.8,30.0,277,279,34.9,9.4
2025-05-18T10:00,14.6,70,0.00,16.6,30.9,272,274,33.5,9.1
2025-05-18T11:00,15.1,67,0.00,17.8,31.6,272,275,36.7,9.0
2025-05-18T12:00,16.1,64,0.00,18.0,29.3,273,275,38.2,9.4
2025-05-18T13:00,18.6,55,0.00,21.1,32.7,273,274,45.0,9.6
2025-05-18T14:00,19.5,54,0.00,22.4,33.9,276,276,49.0,9.9
2025-05-18T15:00,20.6,51,0.00,28.9,43.5,284,284,62.3,10.0
2025-05-18T16:00,21.0,49,0.00,29.9,45.1,281,281,64.1,9.9
2025-05-18T17:00,21.0,51,0.10,24.0,37.1,278,280,63.4,10.6
2025-05-18T18:00,22.2,47,0.10,27.4,41.4,280,281,63.7,10.4
2025-05-18T19:00,22.3,49,0.10,25.0,38.0,279,280,63.0,11.0
2025-05-18T20:00,22.6,50,0.00,20.4,31.2,280,281,55.1,11.6
2025-05-18T21:00,22.4,47,0.00,22.6,34.4,290,289,50.0,10.6
2025-05-18T22:00,21.0,59,0.00,12.4,20.8,279,280,48.6,12.7
2025-05-18T23:00,20.5,63,0.40,14.5,25.5,284,286,34.9,13.3
2025-05-19T00:00,19.7,63,0.00,13.5,26.1,282,285,29.2,12.4
2025-05-19T01:00,18.9,57,0.00,17.8,33.0,283,285,37.1,10.2
2025-05-19T02:00,18.0,62,0.00,19.2,34.4,302,304,40.0,10.6
2025-05-19T03:00,17.0,66,0.00,18.6,33.5,301,302,39.6,10.6
2025-05-19T04:00,16.6,67,0.00,18.0,32.3,307,308,38.5,10.6
2025-05-19T05:00,15.6,69,0.00,18.3,32.1,316,317,39.6,10.1
2025-05-19T06:00,14.6,71,0.00,16.1,28.5,311,314,37.8,9.5
2025-05-19T07:00,14.1,72,0.00,15.6,27.7,307,312,33.1,9.1
2025-05-19T08:00,13.9,71,0.00,15.9,28.2,305,308,32.8,8.7
2025-05-19T09:00,13.3,72,0.00,15.3,27.9,313,316,32.8,8.4
2025-05-19T10:00,12.9,73,0.00,15.2,27.6,313,316,31.7,8.1
2025-05-19T11:00,13.1,71,0.00,15.8,26.8,307,310,33.5,8.1
2025-05-19T12:00,13.8,65,0.00,17.0,25.8,306,307,37.4,7.3
2025-05-19T13:00,15.6,60,0.00,15.1,21.9,306,308,37.4,7.9
2025-05-19T14:00,16.8,56,0.00,16.1,23.1,300,302,38.2,7.9
2025-05-19T15:00,17.8,53,0.00,17.6,25.5,304,305,41.8,8.2
2025-05-19T16:00,19.0,51,0.00,17.9,25.8,304,305,42.5,8.6
2025-05-19T17:00,19.9,48,0.00,18.8,27.1,304,305,44.3,8.6
2025-05-19T18:00,20.2,46,0.00,20.2,29.2,301,301,46.4,8.3
2025-05-19T19:00,19.8,47,0.00,21.0,30.9,305,305,47.9,8.1
2025-05-19T20:00,20.1,43,0.00,21.8,32.3,308,308,49.0,7.3
2025-05-19T21:00,19.4,41,0.00,22.6,33.9,310,310,50.4,5.9
2025-05-19T22:00,18.6,44,0.00,21.1,32.5,316,316,49.7,6.1
2025-05-19T23:00,17.5,45,0.00,19.7,32.1,326,326,45.7,5.4
2025-05-20T00:00,15.6,47,0.00,20.0,34.5,329,330,41.8,4.2
2025-05-20T01:00,15.6,41,0.00,16.8,30.8,321,323,34.6,2.3
2025-05-20T02:00,14.1,46,0.00,17.2,31.4,336,337,35.6,2.7
2025-05-20T03:00,12.5,50,0.00,17.4,31.4,344,345,35.6,2.5
2025-05-20T04:00,10.9,56,0.00,15.2,27.7,347,349,36.0,2.5
2025-05-20T05:00,10.1,62,0.00,11.8,22.4,348,351,31.3,3.0
2025-05-20T06:00,9.6,65,0.00,8.6,17.4,338,347,24.1,3.3
2025-05-20T07:00,8.9,68,0.00,8.0,16.6,326,338,17.3,3.5
2025-05-20T08:00,8.4,71,0.00,6.9,14.7,311,332,16.2,3.5
2025-05-20T09:00,8.0,72,0.00,7.8,16.5,312,330,15.1,3.3
2025-05-20T10:00,7.7,72,0.00,8.8,18.3,319,331,16.9,3.0
2025-05-20T11:00,8.6,67,0.00,10.5,16.9,336,339,23.4,2.8
2025-05-20T12:00,9.9,62,0.00,11.1,16.5,338,340,26.6,2.8
2025-05-20T13:00,11.9,55,0.00,10.1,14.3,338,340,27.4,3.0
2025-05-20T14:00,13.3,52,0.00,9.3,13.0,338,340,27.0,3.5
2025-05-20T15:00,15.1,48,0.00,10.0,13.9,342,343,28.4,4.2
2025-05-20T16:00,17.8,41,0.00,12.0,16.0,348,349,31.3,4.3
2025-05-20T17:00,17.4,44,0.00,8.5,11.6,342,344,32.8,5.0
2025-05-20T18:00,19.6,39,0.00,5.9,7.8,322,323,25.2,5.3
2025-05-20T19:00,19.7,40,0.00,12.2,16.3,332,332,31.7,5.6
2025-05-20T20:00,20.0,39,0.00,9.3,12.8,332,334,31.7,5.7
2025-05-20T21:00,19.6,41,0.00,10.1,13.9,356,356,25.6,6.1
2025-05-20T22:00,19.2,43,0.00,10.1,13.7,2,1,26.3,6.4
2025-05-20T23:00,18.2,47,0.00,8.3,11.7,14,14,24.8,6.6
2025-05-21T00:00,17.0,53,0.00,7.7,14.6,359,5,18.7,7.4
2025-05-21T01:00,16.3,62,0.00,2.7,8.1,82,91,6.1,8.9
2025-05-21T02:00,15.4,52,0.00,11.2,19.7,139,143,22.3,5.7
2025-05-21T03:00,13.9,59,0.00,6.3,13.9,156,157,22.3,6.0
2025-05-21T04:00,12.8,71,0.00,3.2,10.0,161,159,11.9,7.6
2025-05-21T05:00,12.4,71,0.00,1.9,8.0,163,160,5.4,7.2
2025-05-21T06:00,12.1,71,0.00,3.7,10.3,169,168,6.1,7.1
2025-05-21T07:00,12.1,68,0.00,4.9,12.4,152,156,8.6,6.3
2025-05-21T08:00,11.9,70,0.00,6.6,15.4,119,131,12.6,6.6
2025-05-21T09:00,12.1,73,0.00,8.4,17.9,113,119,15.5,7.5
2025-05-21T10:00,12.8,72,0.00,10.3,19.2,115,117,20.5,7.8
2025-05-21T11:00,12.6,75,0.40,13.4,22.6,110,111,26.3,8.4
2025-05-21T12:00,12.1,86,0.50,13.9,23.5,110,111,27.7,9.9
2025-05-21T13:00,12.0,88,0.70,15.8,25.7,104,105,32.0,10.1
2025-05-21T14:00,12.0,87,1.10,16.6,25.8,105,105,34.6,9.9
2025-05-21T15:00,12.1,85,0.90,17.9,27.4,102,103,35.6,9.6
2025-05-21T16:00,12.1,86,1.30,17.7,27.5,105,106,35.6,9.8
2025-05-21T17:00,11.9,87,1.20,18.5,28.3,111,111,36.4,9.7
2025-05-21T18:00,11.6,87,1.00,18.8,29.7,107,108,37.4,9.5
2025-05-21T19:00,12.1,81,0.30,23.3,35.4,108,108,48.2,8.9
2025-05-21T20:00,11.8,79,0.20,19.3,29.7,102,103,47.9,8.3
2025-05-21T21:00,11.5,76,0.10,19.8,30.3,105,106,45.4,7.4
2025-05-21T22:00,11.6,76,0.00,21.7,33.9,102,103,46.1,7.4
2025-05-21T23:00,11.1,78,0.10,18.9,29.9,97,99,47.5,7.4
2025-05-22T00:00,10.8,81,0.00,17.2,29.4,95,97,40.7,7.8
2025-05-22T01:00,10.6,84,0.20,18.0,30.8,88,91,38.5,7.9
2025-05-22T02:00,10.4,84,0.20,16.9,29.0,83,87,36.7,7.8
2025-05-22T03:00,10.1,88,1.10,15.7,27.1,74,80,34.2,8.1
2025-05-22T04:00,9.6,94,1.20,11.4,22.0,61,72,30.2,8.7
2025-05-22T05:00,9.5,95,3.60,11.2,20.3,49,60,21.2,8.8
2025-05-22T06:00,9.4,96,3.70,20.8,35.7,80,82,38.9,8.9
2025-05-22T07:00,9.9,97,1.30,15.9,29.1,78,84,41.8,9.4
2025-05-22T08:00,9.9,97,2.10,10.7,20.7,48,61,29.5,9.4
2025-05-22T09:00,9.9,97,2.20,14.2,25.5,64,70,26.6,9.4
2025-05-22T10:00,9.9,97,2.20,14.9,26.8,65,71,29.2,9.4
2025-05-22T11:00,9.9,97,2.40,16.0,28.1,66,71,30.6,9.5
2025-05-22T12:00,9.9,95,0.60,17.2,29.4,62,67,32.8,9.1
2025-05-22T13:00,9.2,96,0.80,15.9,26.9,61,63,31.3,8.6
2025-05-22T14:00,10.1,89,0.50,18.1,27.3,66,65,34.2,8.4
2025-05-22T15:00,10.8,86,0.30,18.4,27.7,68,67,36.4,8.4
2025-05-22T16:00,11.6,83,0.20,15.7,23.9,63,64,36.0,8.8
2025-05-22T17:00,12.2,80,0.10,13.5,20.3,56,57,31.7,8.9
2025-05-22T18:00,12.4,80,0.10,12.2,18.0,45,47,29.2,9.0
2025-05-22T19:00,12.4,79,0.20,12.5,18.3,60,60,27.7,8.9
2025-05-22T20:00,11.9,81,0.70,9.7,14.9,65,65,27.7,8.8
2025-05-22T21:00,11.6,86,0.80,8.8,14.5,70,68,20.9,9.4
2025-05-22T22:00,11.4,94,0.90,6.0,11.1,73,70,17.3,10.4
2025-05-22T23:00,11.4,94,0.50,4.1,9.2,29,47,10.8,10.5
2025-05-23T00:00,11.1,95,0.20,5.6,12.3,31,37,10.1,10.4
2025-05-23T01:00,10.0,93,0.10,6.0,11.9,65,60,10.4,8.9
2025-05-23T02:00,9.6,93,0.00,7.4,14.0,45,49,13.0,8.6
2025-05-23T03:00,7.9,95,0.00,3.0,10.9,57,52,13.3,7.2
2025-05-23T04:00,8.8,94,0.00,3.8,10.4,71,67,6.5,7.9
2025-05-23T05:00,8.9,93,0.00,5.3,10.3,72,71,10.1,7.8
2025-05-23T06:00,8.9,93,0.00,4.6,8.6,69,67,9.7,7.8
2025-05-23T07:00,8.8,92,0.00,3.6,6.7,84,76,8.6,7.5
2025-05-23T08:00,8.8,91,0.00,3.6,6.3,90,88,7.2,7.4
2025-05-23T09:00,8.9,91,0.10,2.6,4.3,56,73,6.8,7.5
2025-05-23T10:00,8.9,93,0.00,1.6,1.8,243,204,6.1,7.8
2025-05-23T11:00,9.1,93,0.00,2.0,3.3,180,186,6.1,7.9
2025-05-23T12:00,9.7,91,0.00,5.7,7.7,229,231,13.3,8.2
2025-05-23T13:00,10.9,88,0.00,7.3,10.2,240,240,18.4,9.1
2025-05-23T14:00,12.4,81,0.00,9.4,13.7,257,257,22.0,9.3
2025-05-23T15:00,13.1,74,0.00,13.3,19.3,283,282,28.8,8.6
2025-05-23T16:00,14.6,66,0.00,14.1,20.4,281,282,32.4,8.4
2025-05-23T17:00,16.1,57,0.20,18.6,27.2,279,279,40.7,7.7
2025-05-23T18:00,16.9,55,0.10,18.2,27.0,286,286,45.7,7.8
2025-05-23T19:00,17.8,54,0.00,16.0,23.5,287,287,44.3,8.5
2025-05-23T20:00,17.9,52,0.00,15.7,23.0,280,282,38.5,7.9
2025-05-23T21:00,17.6,49,0.00,15.7,23.8,281,280,35.6,6.8
2025-05-23T22:00,15.7,61,0.00,15.2,23.7,237,243,35.6,8.3
2025-05-23T23:00,14.6,77,0.00,10.6,18.7,222,226,32.4,10.8
2025-05-24T00:00,12.5,88,1.80,4.1,12.6,255,269,25.9,10.6
2025-05-24T01:00,12.9,72,0.00,11.7,24.0,272,275,27.0,8.0
2025-05-24T02:00,12.0,76,0.00,10.5,22.8,278,279,23.4,7.8
2025-05-24T03:00,11.0,81,0.00,8.0,19.0,286,289,20.5,7.8
2025-05-24T04:00,10.4,84,0.00,8.1,19.4,273,280,14.8,7.7
2025-05-24T05:00,9.9,83,0.00,9.6,21.6,266,274,17.3,7.2
2025-05-24T06:00,9.4,81,0.00,11.9,25.1,268,273,22.3,6.3
2025-05-24T07:00,9.1,80,0.00,12.3,25.9,275,279,24.1,5.8
2025-05-24T08:00,8.6,80,0.00,11.7,24.9,270,275,24.1,5.3
2025-05-24T09:00,8.2,80,0.00,11.9,25.0,267,271,23.0,5.0
2025-05-24T10:00,8.2,79,0.00,12.3,25.2,264,268,23.8,4.8
2025-05-24T11:00,9.4,75,0.00,13.6,26.7,264,267,28.1,5.2
2025-05-24T12:00,10.9,72,0.00,13.4,22.0,264,267,28.4,6.1
2025-05-24T13:00,13.3,64,0.00,17.1,25.8,272,274,37.8,6.6
2025-05-24T14:00,14.4,59,0.00,20.0,29.5,284,282,44.6,6.6
2025-05-24T15:00,14.7,58,0.10,21.6,32.1,288,286,48.6,6.4
2025-05-24T16:00,15.2,54,0.00,20.2,29.9,287,287,47.9,6.1
2025-05-24T17:00,16.4,52,0.00,19.8,29.1,283,284,46.4,6.4
2025-05-24T18:00,16.4,49,0.00,19.9,29.4,284,285,46.8,5.7
2025-05-24T19:00,16.7,49,0.10,20.1,30.3,293,293,43.9,5.9
2025-05-24T20:00,16.8,49,0.00,19.7,30.0,294,294,43.6,5.8
2025-05-24T21:00,16.5,53,0.00,17.8,27.4,294,296,43.6,6.8
2025-05-24T22:00,16.5,53,0.00,17.3,27.3,297,298,40.3,6.9
2025-05-24T23:00,15.9,58,0.00,14.4,25.2,298,299,39.6,7.6
2025-05-25T00:00,14.6,64,0.00,11.4,22.1,299,301,29.9,7.8
2025-05-25T01:00,13.9,66,0.00,11.3,23.1,306,309,27.7,7.6
2025-05-25T02:00,12.7,71,0.00,9.4,21.6,290,296,22.7,7.6
2025-05-25T03:00,11.9,76,0.00,10.7,23.7,278,285,19.8,7.8
2025-05-25T04:00,11.4,77,0.00,12.0,25.6,278,283,23.0,7.7
2025-05-25T05:00,11.1,78,0.00,12.0,24.9,282,286,23.8,7.3
2025-05-25T06:00,10.4,80,0.00,10.2,22.5,284,289,23.4,7.1
2025-05-25T07:00,9.7,83,0.00,10.2,22.6,277,285,19.8,6.9
2025-05-25T08:00,9.4,82,0.00,12.1,25.6,276,281,23.0,6.6
2025-05-25T09:00,9.2,83,0.00,12.3,25.8,280,285,24.1,6.4
2025-05-25T10:00,9.0,84,0.00,11.6,24.6,278,284,23.8,6.4
2025-05-25T11:00,10.4,78,0.00,14.5,22.9,293,296,29.5,6.8
2025-05-25T12:00,12.2,73,0.00,12.3,18.8,293,296,33.1,7.4
2025-05-25T13:00,14.6,64,0.00,13.0,19.1,290,292,31.0,7.8
2025-05-25T14:00,16.5,54,0.00,17.4,25.1,313,312,39.2,7.2
2025-05-25T15:00,17.8,48,0.00,17.9,25.7,306,306,41.0,6.6
2025-05-25T16:00,17.5,48,0.00,18.2,27.0,301,302,41.4,6.3
2025-05-25T17:00,18.4,45,0.00,19.0,27.7,303,304,42.5,6.1
2025-05-25T18:00,18.6,44,0.00,18.0,26.5,308,309,42.5,6.0
2025-05-25T19:00,18.9,44,0.00,17.7,26.3,308,308,39.6,6.3
2025-05-25T20:00,19.3,43,0.00,18.0,26.8,306,306,39.2,6.3
2025-05-25T21:00,18.5,47,0.00,18.5,28.2,302,302,40.7,7.0
2025-05-25T22:00,17.9,50,0.00,15.9,25.0,293,295,40.0,7.4
2025-05-25T23:00,17.3,54,0.00,12.9,22.4,293,295,33.5,7.9
2025-05-26T00:00,16.0,60,0.00,10.9,22.1,301,303,26.6,8.3
2025-05-26T01:00,15.4,63,0.00,12.6,26.0,318,318,24.1,8.6
2025-05-26T02:00,14.4,67,0.00,10.2,22.9,321,327,24.8,8.4
2025-05-26T03:00,14.0,68,0.00,10.4,23.0,324,331,21.6,8.1
2025-05-26T04:00,13.0,73,0.00,8.5,20.4,325,333,20.5,8.3
2025-05-26T05:00,11.8,79,0.00,7.7,19.0,321,333,16.2,8.1
2025-05-26T06:00,10.9,81,0.00,7.3,18.9,322,336,14.0,7.9
2025-05-26T07:00,10.4,83,0.00,6.8,17.6,307,329,13.3,7.7
2025-05-26T08:00,9.9,84,0.00,7.4,18.2,311,325,13.7,7.4
2025-05-26T09:00,9.5,85,0.00,8.2,19.5,320,331,14.8,7.2
2025-05-26T10:00,9.4,86,0.00,8.7,20.4,323,334,16.2,7.1
2025-05-26T11:00,10.8,82,0.00,8.7,20.1,310,335,16.9,7.9
2025-05-26T12:00,13.1,74,0.00,6.2,10.6,327,334,16.9,8.6
2025-05-26T13:00,15.9,64,0.00,5.1,7.5,337,340,17.3,9.1
2025-05-26T14:00,17.8,52,0.00,4.4,6.0,351,353,17.3,7.9
2025-05-26T15:00,19.1,46,0.00,4.0,5.4,357,2,16.6,7.4
2025-05-26T16:00,20.7,41,0.00,6.5,8.7,2,5,20.2,6.8
2025-05-26T17:00,21.2,39,0.00,7.9,10.6,357,360,22.7,6.7
2025-05-26T18:00,21.5,38,0.00,10.1,13.4,350,352,25.6,6.4
2025-05-26T19:00,21.5,39,0.00,10.6,14.5,345,348,27.4,6.9
2025-05-26T20:00,21.4,41,0.00,9.7,13.2,344,345,26.6,7.5
2025-05-26T21:00,21.0,42,0.00,7.8,10.6,341,339,24.5,7.7
2025-05-26T22:00,20.6,43,0.00,5.6,7.8,339,338,20.2,7.8
2025-05-26T23:00,20.0,49,0.00,3.0,5.3,346,350,14.8,8.9
2025-05-27T00:00,18.6,61,0.00,3.1,8.7,360,5,6.5,11.1
2025-05-27T01:00,18.1,56,0.00,6.0,12.1,127,148,8.3,9.2
2025-05-27T02:00,16.6,58,0.00,12.6,26.0,182,193,25.2,8.4
2025-05-27T03:00,15.2,65,0.00,7.3,19.1,210,212,24.5,8.8
2025-05-27T04:00,14.2,70,0.00,7.9,19.3,200,209,14.0,8.9
2025-05-27T05:00,13.4,76,0.00,5.8,16.8,214,218,14.8,9.2
2025-05-27T06:00,12.5,81,0.00,4.9,14.0,246,237,10.1,9.4
2025-05-27T07:00,11.9,84,0.00,4.8,13.6,255,253,7.9,9.4
2025-05-27T08:00,11.6,86,0.00,5.3,14.9,242,248,9.4,9.2
2025-05-27T09:00,10.9,88,0.00,4.7,14.6,268,266,9.7,9.0
2025-05-27T10:00,10.6,90,0.00,2.3,9.4,321,296,7.9,8.9
2025-05-27T11:00,12.1,85,0.00,3.1,7.0,66,13,7.9,9.6
2025-05-27T12:00,14.5,76,0.00,2.3,5.9,122,78,9.7,10.4
2025-05-27T13:00,17.7,65,0.00,2.4,4.1,77,77,11.9,11.1
2025-05-27T14:00,20.1,55,0.00,2.5,4.0,98,95,13.3,10.9
2025-05-27T15:00,22.0,46,0.00,3.7,5.2,141,136,15.8,9.9
2025-05-27T16:00,23.2,39,0.00,3.5,4.7,189,184,15.8,8.6
2025-05-27T17:00,24.0,36,0.00,2.8,4.0,207,198,15.8,8.0
2025-05-27T18:00,24.3,34,0.00,4.3,5.8,225,214,15.8,7.3
2025-05-27T19:00,24.5,32,0.00,5.7,7.5,229,222,17.6,6.7
2025-05-27T20:00,24.4,32,0.00,5.9,7.8,207,206,18.0,6.7
2025-05-27T21:00,24.0,33,0.00,5.9,8.3,256,246,17.3,6.8
2025-05-27T22:00,23.6,34,0.00,4.7,7.9,242,243,15.8,6.7
2025-05-27T23:00,21.8,43,0.00,7.6,13.9,194,203,14.0,8.6
2025-05-28T00:00,20.0,45,0.00,11.4,22.0,186,191,22.7,7.8
2025-05-28T01:00,18.6,50,0.00,6.8,16.3,202,202,15.1,8.1
2025-05-28T02:00,17.9,52,0.00,6.1,15.4,210,210,13.0,8.0
2025-05-28T03:00,17.1,56,0.00,6.1,15.3,223,224,11.9,8.4
2025-05-28T04:00,16.3,65,0.00,4.0,11.6,216,224,11.5,9.6
2025-05-28T05:00,15.8,68,0.00,3.7,10.7,203,216,7.2,10.0
2025-05-28T06:00,15.6,67,0.00,4.2,11.1,192,202,7.2,9.4
2025-05-28T07:00,15.2,66,0.00,7.4,15.8,203,209,14.0,8.9
2025-05-28T08:00,14.6,69,0.00,7.6,14.7,208,216,15.1,9.1
2025-05-28T09:00,13.9,76,0.00,6.9,13.0,221,227,16.6,9.8
2025-05-28T10:00,13.6,80,0.10,5.0,9.0,224,232,13.7,10.2
2025-05-28T11:00,13.4,82,0.10,2.2,4.8,256,245,9.7,10.4
2025-05-28T12:00,14.0,76,0.00,1.6,2.9,90,120,6.5,9.9
2025-05-28T13:00,15.4,65,0.00,3.0,4.4,197,192,10.8,8.8
2025-05-28T14:00,16.0,54,0.00,4.3,6.0,147,147,13.3,6.7
2025-05-28T15:00,16.3,48,0.10,7.7,11.0,114,111,18.7,5.2
2025-05-28T16:00,16.0,47,0.10,10.5,15.4,128,127,24.1,4.8
2025-05-28T17:00,15.9,50,0.30,10.8,15.7,126,126,26.6,5.6
2025-05-28T18:00,15.6,53,0.50,11.9,17.3,101,102,27.4,6.1
2025-05-28T19:00,15.2,58,0.50,12.8,18.5,90,92,28.8,7.0
2025-05-28T20:00,14.9,63,0.50,12.8,18.7,81,83,29.2,7.8
2025-05-28T21:00,13.6,75,1.30,12.5,20.3,82,84,28.4,9.2
2025-05-28T22:00,12.3,92,3.00,12.3,22.7,84,86,24.1,11.1
2025-05-28T23:00,12.1,94,1.10,13.9,26.0,79,82,25.9,11.2
2025-05-29T00:00,12.3,93,0.40,13.8,24.6,79,83,26.3,11.1
2025-05-29T01:00,11.5,95,3.20,12.0,23.4,81,86,22.7,10.8
2025-05-29T02:00,11.6,96,0.80,12.5,24.0,75,82,24.5,11.0
2025-05-29T03:00,11.9,97,0.30,11.9,23.1,61,72,23.4,11.4
2025-05-29T04:00,12.1,97,0.60,13.5,25.6,63,72,25.2,11.6
2025-05-29T05:00,12.4,97,0.40,14.1,26.7,62,69,27.7,11.9
2025-05-29T06:00,12.8,98,0.50,13.6,25.8,51,62,26.6,12.4
2025-05-29T07:00,12.9,98,0.60,13.1,24.4,38,50,25.6,12.7
2025-05-29T08:00,13.1,97,0.30,15.4,27.8,42,49,30.2,12.8
2025-05-29T09:00,13.2,98,0.10,12.9,24.2,36,45,28.8,13.0
2025-05-29T10:00,13.4,97,0.20,12.1,22.5,32,43,24.5,13.0
2025-05-29T11:00,13.7,97,0.00,10.4,18.6,18,34,22.3,13.2
2025-05-29T12:00,14.2,95,0.00,12.5,18.7,18,21,25.2,13.4
2025-05-29T13:00,15.6,89,0.00,12.5,17.8,45,45,30.6,13.8
2025-05-29T14:00,17.5,82,0.00,8.0,11.1,31,30,27.7,14.4
2025-05-29T15:00,18.6,77,0.10,7.2,10.0,6,7,20.9,14.6
2025-05-29T16:00,19.0,75,0.10,5.2,7.0,358,1,20.2,14.6
2025-05-29T17:00,19.7,73,0.00,5.4,7.2,304,305,15.5,14.7
2025-05-29T18:00,20.5,72,0.10,7.4,10.1,288,289,19.4,15.3
2025-05-29T19:00,21.2,70,0.00,7.8,10.7,283,282,20.5,15.6
2025-05-29T20:00,21.5,68,0.10,9.4,13.3,268,267,22.0,15.5
2025-05-29T21:00,21.4,69,0.00,12.4,18.6,261,261,27.4,15.6
2025-05-29T22:00,21.4,70,0.10,13.5,20.6,267,266,30.6,15.6
2025-05-29T23:00,21.0,72,0.00,10.7,17.9,257,258,29.2,15.7
2025-05-30T00:00,19.6,78,0.00,7.7,17.4,237,243,22.3,15.8
2025-05-30T01:00,18.2,83,0.00,8.8,19.6,211,222,19.8,15.2
2025-05-30T02:00,17.5,86,0.00,7.3,18.0,222,229,16.2,15.1
2025-05-30T03:00,17.2,87,0.00,8.8,20.4,221,228,16.2,14.9
2025-05-30T04:00,17.0,87,0.00,10.0,22.2,219,222,18.4,14.8
2025-05-30T05:00,16.5,90,0.00,9.8,22.2,227,229,18.4,14.8
2025-05-30T06:00,16.3,92,0.00,7.2,18.6,235,234,18.4,15.0
2025-05-30T07:00,16.0,93,0.00,5.6,15.4,243,238,13.0,14.9
2025-05-30T08:00,15.6,94,0.00,5.5,14.3,259,256,10.1,14.8
2025-05-30T09:00,15.8,95,0.00,6.1,14.2,223,240,11.9,15.0
2025-05-30T10:00,15.6,96,0.00,7.1,15.7,207,220,13.0,15.0
2025-05-30T11:00,16.4,95,0.00,8.4,14.4,225,226,16.9,15.5
2025-05-30T12:00,17.5,91,0.00,9.5,13.0,245,246,21.2,16.0
2025-05-30T13:00,19.0,89,0.00,7.6,10.6,242,238,19.4,17.0
2025-05-30T14:00,21.0,79,0.00,7.1,9.8,232,229,19.4,17.2
2025-05-30T15:00,21.5,77,0.00,6.7,9.3,246,242,22.7,17.2
2025-05-30T16:00,22.4,74,0.00,5.9,8.3,223,219,21.2,17.5
2025-05-30T17:00,23.8,66,0.00,7.4,10.4,221,214,22.3,17.0
2025-05-30T18:00,23.0,67,0.40,8.6,11.9,237,238,22.0,16.5
2025-05-30T19:00,23.6,65,0.40,6.5,8.9,231,227,23.4,16.8
2025-05-30T20:00,24.4,63,0.10,6.9,9.3,247,245,23.0,16.9
2025-05-30T21:00,24.1,61,0.00,8.3,11.4,250,247,24.1,16.1
2025-05-30T22:00,24.0,57,0.00,5.3,7.3,232,239,20.5,14.9
2025-05-30T23:00,23.1,62,0.00,6.3,11.0,145,156,12.6,15.4
2025-05-31T00:00,21.2,77,0.00,6.4,14.9,158,162,17.3,17.1
2025-05-31T01:00,20.6,82,0.00,6.5,15.9,182,183,15.5,17.5
2025-05-31T02:00,19.9,88,0.10,5.8,13.3,154,164,11.5,17.8
2025-05-31T03:00,19.0,93,0.30,3.2,7.3,106,150,10.8,17.9
2025-05-31T04:00,17.9,94,3.50,4.2,3.6,31,63,6.8,16.9
2025-05-31T05:00,17.2,97,3.20,8.1,14.9,107,122,18.4,16.8
2025-05-31T06:00,16.8,98,9.00,7.4,16.0,97,104,22.0,16.5
2025-05-31T07:00,16.4,99,0.90,7.7,13.0,99,104,22.0,16.1
2025-05-31T08:00,15.8,98,0.60,8.6,13.0,75,94,22.3,15.6
2025-05-31T09:00,15.6,98,0.10,7.5,14.0,136,162,16.6,15.4
2025-05-31T10:00,15.3,98,0.50,13.6,22.9,216,220,28.1,15.1
2025-05-31T11:00,14.8,89,1.00,28.5,47.5,310,315,52.2,13.1
2025-05-31T12:00,15.0,83,0.30,29.1,48.3,301,304,59.8,12.2
2025-05-31T13:00,14.8,85,0.60,26.1,43.5,283,286,51.8,12.2
2025-05-31T14:00,16.0,83,0.70,23.4,37.9,286,287,52.6,13.1
2025-05-31T15:00,16.6,80,0.30,22.1,34.6,286,288,51.5,13.1
2025-05-31T16:00,17.5,73,0.10,20.6,31.9,282,284,47.2,12.6
2025-05-31T17:00,18.9,69,0.10,20.7,31.0,277,277,50.8,13.1
2025-05-31T18:00,19.9,64,0.10,22.7,33.8,283,283,52.2,13.0
2025-05-31T19:00,19.5,61,0.00,21.4,31.1,287,285,51.8,11.9
2025-05-31T20:00,17.6,74,0.30,14.1,20.7,266,270,52.6,12.9
2025-05-31T21:00,16.8,71,3.30,19.9,29.4,288,290,44.3,11.6
2025-05-31T22:00,15.9,78,0.30,15.5,24.8,301,301,39.6,12.1
2025-05-31T23:00,15.6,67,0.00,17.0,28.1,306,308,41.4,9.6
2025-06-01T00:00,14.2,67,0.00,15.8,28.0,308,310,36.7,8.1
2025-06-01T01:00,13.8,67,0.00,13.6,25.8,299,302,32.4,7.8
2025-06-01T02:00,13.2,68,0.00,14.5,26.6,312,312,29.5,7.3
2025-06-01T03:00,12.4,67,0.00,17.2,30.4,310,310,35.6,6.4
2025-06-01T04:00,11.6,65,0.00,15.3,28.3,295,296,35.6,5.3
2025-06-01T05:00,10.8,67,0.00,13.1,25.5,279,283,31.3,4.9
2025-06-01T06:00,10.2,69,0.00,12.1,24.4,274,279,26.6,4.8
2025-06-01T07:00,9.7,71,0.00,12.4,25.1,269,275,24.5,4.7
2025-06-01T08:00,9.4,73,0.00,12.8,26.3,266,270,25.6,4.8
2025-06-01T09:00,9.2,74,0.00,13.0,26.6,260,264,25.6,4.9
2025-06-01T10:00,9.2,76,0.00,13.3,26.9,254,258,25.9,5.2
2025-06-01T11:00,10.2,76,0.00,12.5,29.1,259,265,29.2,6.1
2025-06-01T12:00,11.9,72,0.00,14.1,22.5,257,260,30.6,7.1
2025-06-01T13:00,13.9,61,0.00,19.8,29.5,270,269,41.4,6.7
2025-06-01T14:00,14.9,53,0.00,24.1,35.9,276,277,51.8,5.4
2025-06-01T15:00,15.6,48,0.00,23.2,35.0,280,280,51.8,4.6
2025-06-01T16:00,16.8,44,0.00,24.5,36.5,281,281,53.6,4.3
2025-06-01T17:00,18.0,40,0.00,22.9,34.2,277,278,54.0,4.0
2025-06-01T18:00,19.2,36,0.00,22.7,34.1,281,281,51.5,3.6
2025-06-01T19:00,19.1,37,0.00,23.1,34.7,279,279,50.4,3.9
2025-06-01T20:00,18.4,40,0.00,19.1,28.7,274,274,50.0,4.7
2025-06-01T21:00,18.5,41,0.00,17.6,27.6,259,259,41.0,5.1
2025-06-01T22:00,18.1,47,0.00,13.5,22.8,254,256,37.1,6.7
2025-06-01T23:00,17.5,52,0.00,10.7,20.4,248,251,28.1,7.6
2025-06-02T00:00,16.0,60,0.00,9.2,20.8,228,237,21.2,8.4
2025-06-02T01:00,15.2,57,0.00,10.8,24.9,233,241,20.2,6.7
2025-06-02T02:00,14.1,63,0.00,7.2,19.2,252,257,20.5,7.2
2025-06-02T03:00,12.9,70,0.00,7.1,17.2,304,304,13.3,7.6
2025-06-02T04:00,12.4,76,0.00,1.0,9.3,22,15,15.5,8.2
2025-06-02T05:00,11.5,79,0.00,3.6,9.1,323,350,5.4,8.1
2025-06-02T06:00,10.6,83,0.00,2.5,6.0,274,316,6.8,7.8
2025-06-02T07:00,9.8,87,0.00,3.5,7.8,285,314,6.1,7.7
2025-06-02T08:00,8.9,89,0.00,4.0,8.1,306,325,6.5,7.2
2025-06-02T09:00,8.2,91,0.00,4.1,9.0,308,327,7.6,6.8
2025-06-02T10:00,8.1,91,0.00,3.3,6.8,292,320,6.8,6.8
2025-06-02T11:00,9.7,86,0.00,5.1,9.6,288,298,12.2,7.5
2025-06-02T12:00,12.4,79,0.00,4.1,11.8,268,281,13.0,8.8
2025-06-02T13:00,15.7,62,0.00,5.3,7.9,280,282,16.2,8.5
2025-06-02T14:00,17.5,50,0.00,8.8,12.4,282,283,23.4,6.8
2025-06-02T15:00,18.5,44,0.00,10.0,13.6,288,288,26.3,6.1
2025-06-02T16:00,19.3,43,0.00,10.6,14.3,285,285,28.1,6.4
2025-06-02T17:00,20.0,43,0.00,10.6,14.2,280,279,28.1,6.9
2025-06-02T18:00,21.0,40,0.00,11.7,15.9,280,279,29.9,7.0
2025-06-02T19:00,20.8,41,0.00,10.3,14.0,285,282,29.5,7.1
2025-06-02T20:00,21.5,39,0.00,9.2,12.7,286,283,25.2,6.8
2025-06-02T21:00,21.2,38,0.00,10.0,14.1,285,283,25.2,6.4
2025-06-02T22:00,21.1,39,0.00,9.2,13.7,274,273,25.2,6.7
2025-06-02T23:00,20.2,46,0.00,8.5,16.8,243,244,20.5,8.1
2025-06-03T00:00,18.4,53,0.00,11.2,24.3,240,241,21.6,8.6
2025-06-03T01:00,16.2,61,0.00,6.6,19.5,249,249,20.9,8.6
2025-06-03T02:00,14.9,66,0.00,5.8,17.1,265,266,11.2,8.6
2025-06-03T03:00,14.2,68,0.00,3.4,11.9,267,259,9.4,8.4
2025-06-03T04:00,13.8,72,0.00,4.7,13.6,261,255,7.6,8.8
2025-06-03T05:00,13.7,72,0.00,2.7,10.8,242,244,7.6,8.8
2025-06-03T06:00,12.7,75,0.00,5.7,15.6,246,244,9.4,8.3
2025-06-03T07:00,12.2,77,0.00,5.8,16.5,261,259,9.7,8.2
2025-06-03T08:00,11.6,79,0.00,5.9,16.2,256,269,9.7,8.1
2025-06-03T09:00,10.9,83,0.00,5.5,16.1,279,288,10.8,8.1
2025-06-03T10:00,10.2,87,0.00,4.1,11.1,304,328,9.4,8.1
2025-06-03T11:00,11.9,81,0.00,4.9,11.8,354,12,10.8,8.6
2025-06-03T12:00,15.0,72,0.00,2.7,12.9,4,30,11.2,9.9
2025-06-03T13:00,19.1,56,0.00,3.6,6.8,57,53,12.6,10.1
2025-06-03T14:00,21.7,44,0.00,4.9,6.9,86,81,16.2,8.8
2025-06-03T15:00,23.2,36,0.00,4.4,5.8,97,92,16.6,7.2
2025-06-03T16:00,24.3,34,0.00,2.3,3.0,113,104,16.2,7.2
2025-06-03T17:00,25.4,32,0.00,0.8,1.0,207,225,13.7,7.6
2025-06-03T18:00,26.1,31,0.00,2.8,3.7,255,256,14.0,7.7
2025-06-03T19:00,26.6,31,0.00,5.0,6.6,283,281,17.3,8.3
2025-06-03T20:00,26.6,33,0.00,6.2,7.9,287,286,19.1,9.0
2025-06-03T21:00,26.5,34,0.00,6.8,8.6,282,282,18.7,9.4
2025-06-03T22:00,26.2,36,0.00,7.0,9.8,282,277,18.4,10.1
2025-06-03T23:00,25.5,46,0.00,1.9,3.8,299,278,16.6,12.9
2025-06-04T00:00,22.4,52,0.00,6.8,14.0,117,132,11.5,12.2
2025-06-04T01:00,20.9,54,0.00,8.0,17.0,144,163,13.7,11.2
2025-06-04T02:00,19.3,57,0.00,10.7,24.7,173,182,21.2,10.6
2025-06-04T03:00,18.1,60,0.00,8.5,21.7,179,185,20.2,10.2
2025-06-04T04:00,17.2,62,0.00,8.4,21.6,190,195,15.8,9.9
2025-06-04T05:00,16.4,66,0.00,7.4,20.3,194,201,15.5,9.9
2025-06-04T06:00,15.6,70,0.00,6.8,19.7,205,213,14.0,10.1
2025-06-04T07:00,14.7,75,0.00,5.3,16.6,204,216,11.9,10.3
2025-06-04T08:00,14.4,75,0.00,3.8,14.1,221,224,7.6,10.0
2025-06-04T09:00,14.1,76,0.00,2.9,12.3,223,231,5.8,9.9
2025-06-04T10:00,13.8,79,0.00,3.8,12.1,221,235,5.4,10.2
2025-06-04T11:00,15.6,73,0.00,4.8,11.1,233,238,9.0,10.9
2025-06-04T12:00,18.1,66,0.00,3.1,9.1,234,234,10.8,11.7
2025-06-04T13:00,20.6,61,0.00,3.7,5.8,215,216,13.3,12.7
2025-06-04T14:00,23.3,54,0.00,4.8,6.9,207,205,16.6,13.4
2025-06-04T15:00,25.9,49,0.00,6.0,8.4,196,196,19.1,14.2
2025-06-04T16:00,28.0,44,0.00,7.2,10.2,205,204,21.2,14.8
2025-06-04T17:00,29.6,39,0.00,9.1,12.7,219,218,24.8,14.4
2025-06-04T18:00,30.5,36,0.00,10.0,13.6,221,220,26.3,13.6
2025-06-04T19:00,31.2,33,0.00,10.4,14.4,219,218,26.6,12.9
2025-06-04T20:00,31.4,31,0.00,11.3,15.9,227,225,28.1,12.4
2025-06-04T21:00,31.2,31,0.00,11.2,16.0,238,234,28.1,12.2
2025-06-04T22:00,30.6,34,0.00,11.4,17.2,246,241,26.3,12.9
2025-06-04T23:00,29.4,41,0.00,11.4,19.7,245,241,25.6,14.6
2025-06-05T00:00,27.0,51,0.00,8.5,20.9,228,226,23.8,16.1
2025-06-05T01:00,25.5,57,0.00,10.7,24.1,207,211,20.9,16.4
2025-06-05T02:00,24.5,62,0.00,11.6,25.0,201,206,22.7,16.6
2025-06-05T03:00,23.1,67,0.00,11.0,24.9,198,206,22.7,16.8
2025-06-05T04:00,22.1,71,0.00,9.9,22.8,212,218,21.2,16.6
2025-06-05T05:00,21.2,74,0.00,8.4,20.3,223,228,18.7,16.5
2025-06-05T06:00,20.4,76,0.00,7.4,18.8,229,234,15.5,16.0
2025-06-05T07:00,19.7,78,0.00,8.2,19.7,234,237,15.1,15.7
2025-06-05T08:00,19.0,81,0.00,8.5,19.9,243,248,15.8,15.7
2025-06-05T09:00,18.6,84,0.00,8.3,19.7,248,254,15.8,15.9
2025-06-05T10:00,18.4,86,0.00,8.4,19.1,247,254,15.8,16.0
2025-06-05T11:00,19.5,83,0.00,8.0,20.7,239,249,16.6,16.5
2025-06-05T12:00,21.5,76,0.00,7.3,12.5,240,243,18.0,17.0
2025-06-05T13:00,23.8,70,0.00,6.0,8.9,243,242,17.3,18.0
2025-06-05T14:00,26.0,63,0.00,6.6,9.0,233,232,19.4,18.4
2025-06-05T15:00,28.0,56,0.00,7.1,9.9,225,224,20.9,18.4
2025-06-05T16:00,30.3,47,0.00,7.7,10.8,221,218,22.7,17.8
2025-06-05T17:00,32.0,40,0.00,7.7,10.8,211,210,23.4,16.7
2025-06-05T18:00,32.8,36,0.00,9.1,12.7,212,210,25.6,15.9
2025-06-05T19:00,33.2,35,0.00,10.7,14.9,215,214,28.4,15.4
2025-06-05T20:00,33.2,34,0.00,12.0,16.5,229,226,29.9,15.4
2025-06-05T21:00,32.3,37,0.00,10.4,14.9,238,234,30.2,15.6
2025-06-05T22:00,31.8,38,0.00,10.8,15.7,232,227,25.9,15.8
2025-06-05T23:00,30.6,41,0.00,10.5,16.3,231,228,25.9,16.0
2025-06-06T00:00,28.9,49,0.00,5.2,13.6,224,226,22.3,17.0
2025-06-06T01:00,27.0,57,0.00,9.2,20.3,223,222,18.7,17.8
2025-06-06T02:00,26.0,61,0.00,9.3,21.1,220,219,18.4,18.0
2025-06-06T03:00,24.9,67,0.00,10.9,22.4,219,222,21.6,18.4
2025-06-06T04:00,23.5,73,0.00,9.3,20.9,236,238,21.6,18.5
2025-06-06T05:00,22.5,77,0.00,8.2,18.9,232,237,18.4,18.3
2025-06-06T06:00,21.5,80,0.00,8.8,19.6,237,241,16.2,18.0
2025-06-06T07:00,21.0,82,0.00,9.8,21.1,229,237,18.7,17.7
2025-06-06T08:00,20.4,83,0.00,9.5,20.8,224,233,19.1,17.5
2025-06-06T09:00,19.8,86,0.00,5.9,15.8,243,246,18.0,17.3
2025-06-06T10:00,19.5,88,0.00,4.3,12.2,253,262,10.4,17.5
2025-06-06T11:00,20.5,85,0.00,3.8,8.9,239,264,10.1,17.9
2025-06-06T12:00,22.1,78,0.00,6.1,8.7,227,230,16.6,18.1
2025-06-06T13:00,25.0,71,0.00,2.2,2.8,194,191,12.2,19.5
2025-06-06T14:00,27.1,64,0.00,1.4,2.2,157,138,13.0,19.6
2025-06-06T15:00,29.0,56,0.00,4.6,6.4,191,188,17.6,19.4
2025-06-06T16:00,30.5,48,0.00,7.6,10.8,187,185,23.0,18.5
2025-06-06T17:00,32.0,37,0.00,9.9,13.6,195,192,27.4,15.4
2025-06-06T18:00,32.9,30,0.00,13.0,18.1,215,214,32.8,13.1
2025-06-06T19:00,32.8,31,0.00,15.9,22.5,226,225,38.2,13.5
2025-06-06T20:00,31.8,33,0.00,19.1,27.6,223,223,42.8,13.4
2025-06-06T21:00,30.4,42,0.00,14.6,22.0,226,225,44.6,16.0
2025-06-06T22:00,30.6,36,0.00,14.8,21.7,231,230,35.3,13.9
2025-06-06T23:00,29.2,39,0.00,11.5,17.3,239,236,33.5,13.9
2025-06-07T00:00,28.0,44,0.00,6.9,13.1,245,243,24.1,14.6
2025-06-07T01:00,24.5,70,0.00,3.9,9.6,304,278,11.9,18.7
2025-06-07T02:00,23.6,80,0.00,1.5,6.0,353,299,8.6,20.0
2025-06-07T03:00,23.0,82,0.00,1.5,3.2,111,161,2.9,19.6
2025-06-07T04:00,22.5,81,0.00,1.9,7.4,163,184,3.6,19.2
2025-06-07T05:00,22.2,79,0.00,4.2,11.0,170,180,5.8,18.5
2025-06-07T06:00,22.0,81,0.00,5.9,14.7,207,206,11.5,18.5
2025-06-07T07:00,21.1,88,0.00,4.7,12.2,212,216,10.8,19.1
2025-06-07T08:00,20.5,93,0.00,2.3,8.2,219,229,8.6,19.4
2025-06-07T09:00,19.7,95,0.00,2.6,7.8,231,236,4.7,19.0
2025-06-07T10:00,19.9,97,0.00,3.8,7.8,221,224,6.1,19.3
2025-06-07T11:00,20.7,93,0.00,5.0,7.9,224,219,11.5,19.5
2025-06-07T12:00,21.4,88,0.00,5.6,8.2,228,229,14.4,19.4
2025-06-07T13:00,22.9,82,0.40,3.6,5.1,261,253,11.9,19.8
2025-06-07T14:00,24.9,71,0.10,4.5,6.2,268,258,20.2,19.2
2025-06-07T15:00,25.1,68,0.10,4.2,5.8,258,250,19.4,18.8
2025-06-07T16:00,26.0,64,0.10,8.1,11.4,242,239,25.6,18.7
2025-06-07T17:00,25.7,63,0.10,11.8,16.5,251,248,27.7,18.1
2025-06-07T18:00,25.1,67,0.50,12.7,17.7,258,255,29.2,18.7
2025-06-07T19:00,25.2,69,0.20,14.3,20.2,264,262,33.8,19.0
2025-06-07T20:00,26.5,64,0.00,12.3,17.0,281,280,36.7,19.2
2025-06-07T21:00,26.5,65,0.10,11.8,16.9,296,299,34.9,19.2
2025-06-07T22:00,26.0,61,0.40,13.8,19.8,309,309,32.8,17.8
2025-06-07T23:00,24.9,67,0.10,10.3,14.9,335,337,31.3,18.2
2025-06-08T00:00,23.0,75,0.40,11.3,18.4,8,12,24.1,18.4
2025-06-08T01:00,21.8,79,0.00,8.4,18.1,31,33,28.4,18.0
2025-06-08T02:00,21.0,81,0.00,7.5,17.6,17,23,16.6,17.6
2025-06-08T03:00,20.5,82,0.00,8.1,18.1,13,20,15.5,17.3
2025-06-08T04:00,19.9,84,0.00,8.7,19.1,13,22,16.6,17.1
2025-06-08T05:00,19.4,87,0.00,7.2,17.0,22,28,16.9,17.2
2025-06-08T06:00,18.9,90,0.00,7.2,16.9,32,39,13.7,17.3
2025-06-08T07:00,18.4,93,0.00,5.7,14.7,18,33,13.3,17.1
2025-06-08T08:00,18.0,93,0.00,6.0,14.9,33,41,10.4,16.9
2025-06-08T09:00,17.5,93,0.00,5.4,14.9,40,46,11.2,16.4
2025-06-08T10:00,17.5,93,0.00,4.6,12.8,39,48,9.4,16.3
2025-06-08T11:00,18.1,90,0.00,5.2,13.5,31,44,10.4,16.5
2025-06-08T12:00,19.0,86,0.00,5.2,9.6,49,47,12.6,16.7
2025-06-08T13:00,21.0,72,0.00,9.2,13.3,73,71,22.7,15.8
2025-06-08T14:00,22.1,66,0.00,13.5,19.1,87,86,31.0,15.4
2025-06-08T15:00,23.1,62,0.00,14.4,20.3,103,102,34.2,15.4
2025-06-08T16:00,21.6,71,0.00,14.6,21.5,108,108,34.6,16.2
2025-06-08T17:00,22.5,68,0.00,15.4,22.4,108,107,36.0,16.4
2025-06-08T18:00,22.0,70,0.00,15.9,23.2,115,115,37.4,16.4
2025-06-08T19:00,21.6,74,0.00,16.3,24.0,109,109,38.5,16.9
2025-06-08T20:00,20.5,79,1.40,16.6,24.4,109,109,37.4,16.9
2025-06-08T21:00,19.4,83,0.10,17.1,26.5,99,100,36.7,16.4
2025-06-08T22:00,18.5,85,0.10,16.6,26.6,106,106,36.7,15.9
2025-06-08T23:00,18.0,88,0.30,15.9,26.0,103,104,35.6,15.9
2025-06-09T00:00,17.5,89,0.00,16.0,26.2,105,106,35.3,15.8
2025-06-09T01:00,17.4,92,0.00,13.1,22.5,97,100,28.1,16.0
2025-06-09T02:00,17.1,93,0.30,13.0,22.1,96,97,28.1,15.9
2025-06-09T03:00,17.0,94,0.50,15.5,27.4,94,97,31.0,16.0
2025-06-09T04:00,16.8,93,0.20,16.8,28.8,100,101,34.2,15.6
2025-06-09T05:00,16.5,94,0.10,16.1,27.4,100,102,33.5,15.6
2025-06-09T06:00,16.2,95,0.00,16.0,30.1,99,101,33.8,15.4
2025-06-09T07:00,16.1,95,0.00,14.3,27.4,96,99,33.5,15.4
2025-06-09T08:00,16.0,96,0.00,11.4,23.4,85,93,30.2,15.4
2025-06-09T09:00,15.9,96,0.10,13.2,26.7,86,93,26.6,15.2
2025-06-09T10:00,15.9,95,0.30,14.1,27.2,87,94,28.8,15.1
2025-06-09T11:00,16.0,95,0.60,14.8,26.3,81,87,28.8,15.2
2025-06-09T12:00,16.1,94,0.10,16.0,27.4,81,85,32.0,15.2
2025-06-09T13:00,17.4,89,0.00,15.3,22.7,90,91,33.8,15.5
2025-06-09T14:00,17.9,89,3.20,8.8,12.1,89,89,31.7,15.9
2025-06-09T15:00,17.7,90,0.90,11.2,15.8,90,91,24.8,16.0
2025-06-09T16:00,19.8,81,0.00,11.5,15.9,101,100,28.1,16.5
2025-06-09T17:00,19.9,82,0.00,11.3,15.9,103,102,27.4,16.7
2025-06-09T18:00,20.2,81,0.00,12.6,18.1,103,103,30.6,16.9
2025-06-09T19:00,19.9,82,0.00,12.0,17.1,99,99,29.9,16.8
2025-06-09T20:00,20.0,83,0.00,11.2,16.3,102,101,31.0,17.0
2025-06-09T21:00,19.8,84,0.00,10.9,15.6,99,98,27.0,17.0
2025-06-09T22:00,19.3,85,0.00,9.0,13.6,103,101,26.3,16.8
2025-06-09T23:00,19.3,85,0.00,7.9,11.9,110,108,20.9,16.8
2025-06-10T00:00,18.5,88,0.00,7.1,11.5,144,136,18.0,16.5
2025-06-10T01:00,17.5,89,0.00,6.5,9.4,120,120,14.4,15.8
2025-06-10T02:00,17.3,91,0.00,8.8,14.1,101,101,18.7,15.9
2025-06-10T03:00,17.0,94,0.00,5.5,10.1,117,115,18.7,15.9
2025-06-10T04:00,17.0,94,0.00,6.5,11.8,92,97,13.3,16.0
2025-06-10T05:00,16.8,96,0.00,7.5,14.0,101,103,14.4,16.1
2025-06-10T06:00,16.9,96,0.00,7.2,13.4,108,107,16.9,16.2
2025-06-10T07:00,17.0,96,0.00,7.0,11.8,102,102,15.5,16.3
2025-06-10T08:00,17.0,96,0.00,9.6,15.5,95,95,18.7,16.4
2025-06-10T09:00,17.0,96,0.00,9.1,15.8,104,105,19.4,16.4
2025-06-10T10:00,17.0,97,0.50,8.5,16.4,132,130,18.7,16.5
2025-06-10T11:00,16.9,99,2.60,3.4,9.0,122,145,19.8,16.8
2025-06-10T12:00,17.5,97,0.70,3.4,2.5,317,291,9.7,17.0
2025-06-10T13:00,17.5,97,6.10,5.8,9.4,106,82,19.1,17.1
2025-06-10T14:00,17.8,99,3.10,6.1,13.3,56,74,19.4,17.5
2025-06-10T15:00,19.4,89,0.30,7.9,10.0,79,82,21.2,17.5
2025-06-10T16:00,20.8,86,0.10,4.4,5.7,58,62,19.8,18.2
2025-06-10T17:00,21.4,83,0.00,1.1,1.3,9,8,14.8,18.4
2025-06-10T18:00,23.4,76,0.10,5.6,7.4,268,266,16.6,18.9
2025-06-10T19:00,24.1,72,0.00,10.4,14.6,280,279,23.8,18.8
2025-06-10T20:00,25.1,67,0.00,9.2,13.5,263,262,29.5,18.6
2025-06-10T21:00,25.9,66,0.00,12.3,17.8,248,247,31.7,19.0
2025-06-10T22:00,25.6,65,0.00,17.1,26.2,253,252,33.8,18.6
2025-06-10T23:00,24.5,67,0.00,13.0,23.2,252,253,41.4,18.0
2025-06-11T00:00,23.5,66,0.00,12.5,25.3,249,253,27.0,16.9
2025-06-11T01:00,23.0,65,0.00,10.7,24.1,262,263,22.0,16.1
2025-06-11T02:00,21.9,74,0.00,7.2,18.4,270,276,20.5,17.0
2025-06-11T03:00,20.6,81,0.00,5.6,15.6,263,277,13.3,17.2
2025-06-11T04:00,19.6,85,0.00,6.0,14.9,241,255,10.4,17.1
2025-06-11T05:00,19.0,87,0.00,6.3,16.6,277,273,11.2,16.8
2025-06-11T06:00,18.2,89,0.00,6.3,16.3,268,277,11.5,16.4
2025-06-11T07:00,17.6,90,0.00,6.8,17.1,281,287,11.9,16.0
2025-06-11T08:00,17.0,91,0.00,6.7,16.8,290,297,12.6,15.6
2025-06-11T09:00,16.4,92,0.00,6.1,15.6,293,307,11.9,15.1
2025-06-11T10:00,16.0,92,0.00,7.1,16.7,306,318,12.6,14.7
2025-06-11T11:00,17.5,86,0.00,5.8,13.9,290,323,13.0,15.1
2025-06-11T12:00,20.0,77,0.00,3.2,8.9,273,313,11.2,15.8
2025-06-11T13:00,23.0,62,0.00,5.1,7.6,288,297,15.5,15.2
2025-06-11T14:00,25.0,44,0.00,7.9,11.0,297,300,20.9,11.8
2025-06-11T15:00,26.0,40,0.00,11.3,15.7,290,290,28.1,11.4
2025-06-11T16:00,26.8,39,0.00,12.3,17.0,277,277,31.0,11.6
2025-06-11T17:00,27.5,37,0.00,14.4,20.1,266,265,34.6,11.6
2025-06-11T18:00,28.4,34,0.00,17.1,24.2,266,265,40.0,11.1
2025-06-11T19:00,27.5,36,0.00,17.9,26.2,267,265,40.3,11.2
2025-06-11T20:00,27.8,36,0.00,17.7,26.1,272,270,40.0,11.4
2025-06-11T21:00,27.6,38,0.00,17.3,25.6,272,271,39.2,11.9
2025-06-11T22:00,27.4,38,0.00,14.9,23.5,269,266,37.8,11.9
2025-06-11T23:00,26.4,43,0.00,12.9,22.5,263,260,33.8,12.6
2025-06-12T00:00,24.4,49,0.00,10.5,23.5,264,265,27.4,13.1
2025-06-12T01:00,23.1,57,0.00,8.1,21.4,239,245,13.7,14.3
2025-06-12T02:00,22.5,57,0.00,9.4,24.1,239,242,18.4,13.5
2025-06-12T03:00,21.7,57,0.00,9.9,24.6,232,237,19.1,12.7
2025-06-12T04:00,20.8,61,0.00,9.1,23.2,229,234,18.7,12.9
2025-06-12T05:00,20.0,66,0.00,9.1,23.3,236,238,16.9,13.4
2025-06-12T06:00,19.6,71,0.00,9.2,23.1,235,237,17.3,14.1
2025-06-12T07:00,19.2,75,0.00,9.7,23.3,255,252,18.0,14.6
2025-06-12T08:00,19.0,78,0.00,10.1,23.7,251,253,19.1,14.9
2025-06-12T09:00,18.6,81,0.00,10.6,24.1,247,252,19.8,15.2
2025-06-12T10:00,18.5,82,0.00,10.1,23.1,253,255,19.8,15.4
2025-06-12T11:00,20.0,77,0.00,8.8,22.3,255,260,19.1,15.9
2025-06-12T12:00,22.1,68,0.00,8.7,14.2,249,254,20.5,16.0
2025-06-12T13:00,25.3,56,0.00,10.7,15.6,254,256,25.9,15.9
2025-06-12T14:00,27.4,49,0.00,11.6,16.5,262,263,29.2,15.9
2025-06-12T15:00,29.0,45,0.00,11.7,16.4,267,267,30.6,15.9
2025-06-12T16:00,30.6,39,0.00,12.5,17.3,266,265,32.0,15.0
2025-06-12T17:00,31.9,35,0.00,14.2,19.7,268,266,35.3,14.4
2025-06-12T18:00,32.5,33,0.00,16.1,22.5,276,274,39.2,14.1
2025-06-12T19:00,32.5,33,0.00,17.8,25.4,272,271,42.5,14.1
2025-06-12T20:00,32.3,34,0.00,16.5,23.5,259,259,42.5,14.5
2025-06-12T21:00,31.9,38,0.00,15.9,22.5,273,271,38.9,15.6
2025-06-12T22:00,30.9,41,0.10,16.2,23.6,284,283,36.7,16.0
2025-06-12T23:00,29.5,49,0.00,15.7,23.8,279,280,36.4,17.5
2025-06-13T00:00,28.0,55,0.00,14.0,23.4,296,298,33.1,18.0
2025-06-13T01:00,27.5,55,0.00,9.8,19.7,313,319,20.9,17.8
2025-06-13T02:00,25.4,65,0.00,4.7,12.9,288,298,19.8,18.3
2025-06-13T03:00,24.5,68,0.00,6.3,15.4,309,305,11.5,18.1
2025-06-13T04:00,23.3,72,0.00,6.8,16.0,331,335,14.0,17.9
2025-06-13T05:00,22.3,72,0.00,5.1,14.4,343,1,13.3,17.0
2025-06-13T06:00,21.9,64,0.00,7.2,17.6,1,11,13.3,14.8
2025-06-13T07:00,21.1,57,0.00,8.7,19.6,17,20,16.6,12.2
2025-06-13T08:00,20.5,54,0.00,5.9,16.6,27,31,16.6,10.8
2025-06-13T09:00,20.0,51,0.00,5.5,15.4,19,33,10.8,9.6
2025-06-13T10:00,20.0,47,0.00,7.5,17.7,21,33,14.0,8.3
2025-06-13T11:00,20.7,46,0.00,5.9,13.9,27,40,15.1,8.6
2025-06-13T12:00,22.4,46,0.00,6.0,9.3,63,63,16.6,10.1
2025-06-13T13:00,24.2,40,0.00,8.5,11.8,78,77,22.3,9.7
2025-06-13T14:00,25.6,35,0.00,9.4,12.8,90,88,25.6,8.9
2025-06-13T15:00,26.6,31,0.00,9.8,13.4,96,95,27.0,7.9
2025-06-13T16:00,27.8,28,0.00,10.3,14.2,109,108,28.8,7.4
2025-06-13T17:00,28.3,27,0.00,11.2,15.2,118,116,30.6,7.4
2025-06-13T18:00,28.8,27,0.00,11.7,15.8,121,120,31.7,7.7
2025-06-13T19:00,28.3,28,0.00,12.6,17.3,114,115,32.8,7.9
2025-06-13T20:00,28.4,28,0.00,13.0,18.0,112,113,32.8,8.3
2025-06-13T21:00,27.9,28,0.00,13.7,19.2,115,116,33.5,7.7
2025-06-13T22:00,26.7,29,0.00,13.5,19.3,115,117,33.8,7.2
2025-06-13T23:00,25.4,32,0.00,12.7,18.4,111,112,32.0,7.3
2025-06-14T00:00,23.5,40,0.00,11.0,16.9,105,107,28.4,9.3
2025-06-14T01:00,21.0,52,0.00,9.6,15.9,99,100,21.2,10.6
2025-06-14T02:00,20.1,59,0.00,9.9,16.4,92,94,22.0,11.9
2025-06-14T03:00,19.6,65,0.00,7.9,12.8,78,79,21.2,12.9
2025-06-14T04:00,19.1,68,0.00,8.9,14.4,81,82,18.4,13.0
2025-06-14T05:00,18.8,68,0.10,8.6,14.5,82,82,18.7,12.7
2025-06-14T06:00,18.6,69,0.00,8.5,14.1,84,83,20.5,12.8
2025-06-14T07:00,18.5,71,0.00,10.3,16.9,95,88,20.9,13.1
2025-06-14T08:00,18.2,74,0.00,10.8,17.5,79,78,22.0,13.5
2025-06-14T09:00,18.4,71,0.00,9.6,15.6,86,79,23.4,13.1
2025-06-14T10:00,18.4,70,0.00,10.9,18.4,81,76,23.0,12.8
2025-06-14T11:00,18.1,73,0.70,9.1,14.3,32,36,22.7,13.2
2025-06-14T12:00,17.2,87,1.50,13.1,22.8,54,55,24.1,15.1
2025-06-14T13:00,17.8,76,0.00,11.1,17.3,51,52,28.1,13.5
2025-06-14T14:00,19.7,68,0.10,9.8,14.3,49,50,27.4,13.6
2025-06-14T15:00,19.2,71,0.70,9.0,12.9,44,47,26.3,13.8
2025-06-14T16:00,18.7,72,0.60,8.9,12.6,45,43,23.4,13.6
2025-06-14T17:00,19.7,72,0.80,10.6,15.0,56,53,23.8,14.5
2025-06-14T18:00,19.3,74,0.60,9.7,14.3,51,49,24.8,14.6
2025-06-14T19:00,19.9,73,0.50,10.4,14.7,54,54,24.8,14.9
2025-06-14T20:00,19.1,78,0.70,9.8,14.8,59,60,24.5,15.2
2025-06-14T21:00,18.8,82,0.60,11.1,16.4,68,67,22.3,15.6
2025-06-14T22:00,18.4,82,0.40,11.2,17.1,74,73,26.3,15.2
2025-06-14T23:00,18.1,82,0.40,9.5,14.8,79,76,24.8,15.1
2025-06-15T00:00,17.9,83,0.10,7.8,12.8,95,88,19.8,15.0
2025-06-15T01:00,16.9,87,0.00,9.5,16.7,76,74,18.7,14.8
2025-06-15T02:00,16.5,85,0.00,10.3,17.9,74,71,20.9,13.9
2025-06-15T03:00,16.0,85,0.00,9.6,15.8,78,79,21.2,13.6
2025-06-15T04:00,15.8,85,0.00,9.5,16.2,76,75,19.8,13.4
2025-06-15T05:00,15.6,84,0.00,9.4,16.0,83,83,19.8,13.0
2025-06-15T06:00,15.4,85,0.00,7.7,14.3,81,80,19.1,12.9
2025-06-15T07:00,15.5,85,0.00,7.1,12.8,80,80,15.5,13.0
2025-06-15T08:00,15.5,85,0.00,7.4,13.0,67,71,15.5,13.0
2025-06-15T09:00,15.4,85,0.00,7.0,12.4,72,74,15.1,12.9
2025-06-15T10:00,15.4,85,0.00,8.1,13.8,78,78,17.3,12.9
2025-06-15T11:00,15.6,83,0.00,9.4,14.3,72,73,21.2,12.9
2025-06-15T12:00,16.2,81,0.00,10.7,16.0,81,81,23.8,12.9
2025-06-15T13:00,15.6,83,0.10,12.7,19.1,75,74,27.4,12.8
2025-06-15T14:00,15.9,83,0.20,11.2,16.7,84,84,27.4,12.9
2025-06-15T15:00,16.2,83,0.30,9.4,13.5,90,90,24.1,13.3
2025-06-15T16:00,16.5,82,0.20,9.5,13.6,99,98,20.9,13.4
2025-06-15T17:00,16.6,83,0.30,9.3,13.3,100,99,21.2,13.7
2025-06-15T18:00,17.2,81,0.10,10.8,15.3,88,87,24.8,13.9
2025-06-15T19:00,18.1,76,0.00,11.5,16.4,89,87,26.6,13.9
2025-06-15T20:00,19.3,73,0.00,12.3,17.2,98,95,29.2,14.2
2025-06-15T21:00,18.8,74,0.00,11.4,16.6,108,106,29.5,14.1
2025-06-15T22:00,18.4,75,0.00,11.1,16.5,106,106,26.6,13.8
2025-06-15T23:00,17.9,77,0.00,9.8,14.9,97,98,25.6,13.7
2025-06-16T00:00,17.3,80,0.00,8.2,13.6,99,101,21.6,13.9
2025-06-16T01:00,15.4,87,0.00,5.2,8.6,112,110,13.0,13.3
2025-06-16T02:00,15.6,87,0.00,4.5,8.3,90,95,11.2,13.4
2025-06-16T03:00,15.6,88,0.10,3.6,9.0,63,93,9.4,13.6
2025-06-16T04:00,15.6,86,0.60,5.9,11.9,55,84,9.7,13.4
2025-06-16T05:00,15.4,90,1.00,8.1,15.2,53,68,14.4,13.9
2025-06-16T06:00,15.4,91,0.00,7.4,14.1,34,47,14.4,14.1
2025-06-16T07:00,15.5,93,0.00,7.0,15.1,48,55,12.6,14.3
2025-06-16T08:00,15.6,90,0.00,8.5,17.0,65,67,15.5,13.9
2025-06-16T09:00,15.5,87,0.00,8.1,16.6,66,68,15.1,13.3
2025-06-16T10:00,15.6,85,0.00,8.8,17.3,64,67,15.5,13.0
2025-06-16T11:00,16.1,83,0.00,9.3,16.9,65,69,17.6,13.2
2025-06-16T12:00,16.8,82,0.00,9.3,15.2,49,54,19.8,13.8
2025-06-16T13:00,17.0,84,0.00,9.7,15.7,56,60,21.2,14.4
2025-06-16T14:00,17.5,84,0.00,14.4,21.6,86,86,32.0,14.9
2025-06-16T15:00,17.8,85,0.00,13.2,19.6,87,87,30.6,15.2
2025-06-16T16:00,18.2,84,0.10,14.3,21.3,94,93,30.2,15.5
2025-06-16T17:00,18.4,84,0.00,14.4,21.7,99,99,31.7,15.7
2025-06-16T18:00,18.4,84,0.00,15.6,23.7,97,97,33.5,15.7
2025-06-16T19:00,18.6,83,0.10,14.5,21.7,96,95,33.5,15.8
2025-06-16T20:00,18.2,86,0.10,12.3,18.7,97,97,31.3,15.8
2025-06-16T21:00,17.9,88,0.00,12.3,18.8,93,95,27.4,15.8
2025-06-16T22:00,17.8,88,0.00,11.7,18.3,94,95,26.3,15.8
2025-06-16T23:00,17.9,88,0.00,10.8,16.7,95,96,24.8,15.8
2025-06-17T00:00,17.5,90,0.00,7.7,12.3,91,93,23.0,15.8
2025-06-17T01:00,17.0,91,0.00,8.8,14.8,101,100,19.1,15.6
2025-06-17T02:00,16.8,92,0.50,9.5,16.6,88,91,20.2,15.6
2025-06-17T03:00,16.6,95,0.20,8.1,14.8,86,91,18.4,15.8
2025-06-17T04:00,16.5,96,0.30,8.7,16.0,83,87,16.6,15.9
2025-06-17T05:00,16.4,97,0.00,8.0,15.1,85,90,16.6,15.9
2025-06-17T06:00,16.5,97,0.00,5.8,11.0,70,86,14.8,16.0
2025-06-17T07:00,16.5,97,0.00,5.4,10.6,82,94,10.4,16.1
2025-06-17T08:00,16.6,97,0.00,7.4,14.2,93,103,13.7,16.2
2025-06-17T09:00,16.8,97,0.00,7.1,14.1,100,109,13.7,16.4
2025-06-17T10:00,17.0,97,0.20,6.3,11.9,77,95,12.6,16.5
2025-06-17T11:00,17.4,96,0.30,6.1,9.5,90,100,12.2,16.7
2025-06-17T12:00,17.8,95,0.20,7.4,10.0,96,104,15.1,17.0
2025-06-17T13:00,18.1,92,0.00,7.7,10.1,108,107,19.4,16.7
2025-06-17T14:00,18.6,91,0.00,9.3,12.6,103,103,20.9,17.1
2025-06-17T15:00,19.3,88,0.00,9.1,12.7,105,106,22.0,17.2
2025-06-17T16:00,20.0,86,0.20,10.0,13.7,110,112,22.7,17.5
2025-06-17T17:00,21.3,81,0.00,11.0,15.2,120,119,25.2,18.0
2025-06-17T18:00,22.0,80,0.00,10.9,15.3,130,130,25.9,18.5
2025-06-17T19:00,22.1,81,0.00,10.8,15.5,128,128,25.2,18.8
2025-06-17T20:00,23.0,79,0.00,10.2,14.2,127,128,25.2,19.0
2025-06-17T21:00,23.2,79,0.10,8.9,12.5,133,134,24.8,19.3
2025-06-17T22:00,23.2,79,0.00,8.9,12.9,135,136,21.2,19.4
2025-06-17T23:00,22.5,82,0.00,7.7,12.2,108,114,21.2,19.4
2025-06-18T00:00,21.2,88,0.00,9.4,15.5,87,91,19.8,19.1
2025-06-18T01:00,19.3,93,0.00,7.8,15.9,97,108,19.4,18.2
2025-06-18T02:00,19.1,94,0.00,9.0,20.3,105,120,17.6,18.1
2025-06-18T03:00,19.0,95,0.10,7.9,16.1,111,125,17.6,18.2
2025-06-18T04:00,19.0,96,0.00,7.5,15.3,127,141,16.2,18.3
2025-06-18T05:00,19.0,97,0.00,7.1,14.4,150,160,15.5,18.4
2025-06-18T06:00,19.0,97,0.00,7.1,14.5,153,169,14.0,18.5
2025-06-18T07:00,19.0,98,0.00,6.4,13.1,151,171,13.7,18.6
2025-06-18T08:00,18.9,98,2.60,6.9,14.1,185,190,16.6,18.6
2025-06-18T09:00,19.0,99,0.00,6.5,13.7,185,197,12.6,18.8
2025-06-18T10:00,19.1,99,0.00,7.9,15.7,191,199,13.7,18.9
2025-06-18T11:00,19.8,97,0.00,9.9,17.6,199,204,18.0,19.2
2025-06-18T12:00,20.8,95,0.00,9.7,12.8,207,206,20.9,19.9
2025-06-18T13:00,21.6,92,0.00,6.9,8.8,213,213,16.9,20.2
2025-06-18T14:00,23.5,86,0.00,7.1,9.7,232,230,18.4,21.1
2025-06-18T15:00,25.0,80,0.10,5.7,7.7,252,245,18.0,21.4
2025-06-18T16:00,26.8,72,0.00,6.8,9.3,209,204,18.0,21.4
2025-06-18T17:00,28.1,67,0.00,8.6,12.0,210,208,21.2,21.4
2025-06-18T18:00,29.1,64,0.00,7.6,10.8,232,226,25.9,21.6
2025-06-18T19:00,30.1,62,0.00,5.2,7.8,211,203,24.5,22.0
2025-06-18T20:00,26.3,80,4.40,15.3,22.5,171,170,33.5,22.5
2025-06-18T21:00,25.5,87,0.10,7.9,11.4,213,215,33.1,23.2
2025-06-18T22:00,25.0,92,2.30,5.1,7.8,225,230,18.4,23.6
2025-06-18T23:00,24.9,89,0.50,7.8,13.2,262,263,17.6,22.9
2025-06-19T00:00,24.0,94,0.20,5.8,11.7,292,285,14.0,23.0
2025-06-19T01:00,23.4,96,0.00,4.6,12.9,219,222,12.2,22.6
2025-06-19T02:00,23.1,97,0.10,9.8,19.7,230,234,17.6,22.6
2025-06-19T03:00,22.5,98,0.10,5.4,13.7,249,249,16.9,22.1
2025-06-19T04:00,22.0,98,0.00,5.8,15.5,214,230,10.1,21.8
2025-06-19T05:00,22.0,98,0.00,6.3,17.5,250,250,10.4,21.8
2025-06-19T06:00,22.2,99,0.00,7.3,17.6,226,243,12.6,22.0
2025-06-19T07:00,22.1,99,0.00,9.4,20.9,232,238,16.2,22.0
2025-06-19T08:00,22.1,99,0.00,9.1,20.6,229,237,18.0,21.9
2025-06-19T09:00,21.8,98,0.00,8.5,19.8,238,244,16.2,21.5
2025-06-19T10:00,21.6,98,0.00,10.0,21.5,242,246,17.6,21.4
2025-06-19T11:00,22.6,96,0.00,10.1,20.2,245,252,20.2,22.0
2025-06-19T12:00,24.0,92,0.00,7.0,13.6,241,247,18.7,22.6
2025-06-19T13:00,26.1,85,0.00,6.0,8.8,217,221,16.9,23.5
2025-06-19T14:00,28.3,75,0.00,7.5,10.6,217,219,20.2,23.4
2025-06-19T15:00,30.3,63,0.00,12.5,18.1,235,233,34.2,22.4
2025-06-19T16:00,31.3,59,0.00,17.1,24.5,236,236,40.7,22.2
2025-06-19T17:00,29.5,65,0.60,14.8,22.4,217,219,45.0,22.4
2025-06-19T18:00,29.8,63,0.00,16.8,24.8,213,213,43.9,22.0
2025-06-19T19:00,30.8,62,0.00,14.9,22.2,212,212,43.9,22.6
2025-06-19T20:00,30.4,65,0.30,18.7,28.3,213,212,47.5,23.0
2025-06-19T21:00,29.4,64,0.50,13.4,21.1,248,244,45.4,22.0
2025-06-19T22:00,26.6,75,1.90,21.3,34.5,241,240,45.0,21.9
2025-06-19T23:00,24.1,90,1.20,15.1,26.6,215,218,42.8,22.4
2025-06-20T00:00,23.8,90,0.00,15.7,28.2,218,220,30.2,22.0
2025-06-20T01:00,22.8,87,0.10,15.8,29.0,221,224,32.8,20.5
2025-06-20T02:00,22.3,88,0.00,13.8,26.1,237,235,31.3,20.2
2025-06-20T03:00,21.8,89,0.00,16.8,30.5,232,233,33.5,19.9
2025-06-20T04:00,21.6,89,0.00,16.1,29.7,236,240,34.6,19.8
2025-06-20T05:00,21.8,89,0.00,16.6,30.3,248,253,33.8,19.9
2025-06-20T06:00,21.5,86,0.00,18.6,32.9,267,271,37.8,19.0
2025-06-20T07:00,20.1,82,0.00,18.6,32.4,278,281,39.2,17.0
2025-06-20T08:00,18.9,80,0.00,17.8,31.5,281,284,38.5,15.4
2025-06-20T09:00,18.1,77,0.00,17.7,31.8,283,286,37.1,14.1
2025-06-20T10:00,17.8,76,0.00,16.5,29.8,283,286,36.7,13.4
2025-06-20T11:00,18.5,72,0.00,15.5,27.2,280,283,34.2,13.4
2025-06-20T12:00,19.6,69,0.00,15.1,23.9,273,276,32.4,13.8
2025-06-20T13:00,22.0,61,0.00,16.6,25.4,275,277,37.1,14.2
2025-06-20T14:00,23.4,57,0.00,17.5,26.1,271,273,39.6,14.2
2025-06-20T15:00,24.9,52,0.00,18.6,27.6,273,275,41.8,14.4
2025-06-20T16:00,25.9,53,0.00,21.3,31.4,278,277,46.8,15.4
2025-06-20T17:00,26.3,52,0.10,20.7,30.6,286,285,48.6,15.7
2025-06-20T18:00,27.0,49,0.00,19.3,28.3,279,280,46.4,15.2
2025-06-20T19:00,27.1,48,0.00,18.2,26.5,277,278,45.7,15.1
2025-06-20T20:00,27.3,49,0.00,16.9,25.2,272,273,41.8,15.7
2025-06-20T21:00,27.2,51,0.00,17.3,25.9,279,279,41.0,16.2
2025-06-20T22:00,27.0,50,0.00,17.2,26.8,280,279,39.6,15.7
2025-06-20T23:00,26.3,54,0.00,12.1,21.5,275,275,36.7,16.4
2025-06-21T00:00,25.0,62,0.00,8.4,18.7,254,259,25.6,17.1
2025-06-21T01:00,24.1,65,0.00,10.8,24.3,246,253,22.7,17.2
2025-06-21T02:00,23.3,68,0.00,10.0,23.4,250,257,21.2,17.1
2025-06-21T03:00,22.4,72,0.00,8.2,20.4,241,250,19.1,17.0
2025-06-21T04:00,21.8,74,0.00,8.7,21.5,248,256,16.2,17.0
2025-06-21T05:00,21.2,75,0.00,8.7,22.0,264,274,16.9,16.5
2025-06-21T06:00,20.6,77,0.00,8.3,20.7,268,278,16.2,16.5
2025-06-21T07:00,20.6,78,0.00,8.4,20.5,281,283,15.8,16.7
2025-06-21T08:00,20.3,79,0.00,9.7,22.9,297,298,18.7,16.6
2025-06-21T09:00,19.9,81,0.00,7.1,18.8,294,302,18.4,16.5
2025-06-21T10:00,19.5,83,0.00,4.8,14.3,297,314,13.0,16.5
2025-06-21T11:00,20.7,79,0.00,4.3,8.2,225,293,9.7,16.9
2025-06-21T12:00,22.5,71,0.00,1.8,3.3,259,292,10.4,17.1
2025-06-21T13:00,25.9,58,0.00,2.2,3.4,14,6,11.2,17.1
2025-06-21T14:00,27.1,54,0.00,1.5,2.0,104,90,10.4,16.9
2025-06-21T15:00,28.6,49,0.00,3.3,4.2,189,192,14.4,17.0
2025-06-21T16:00,29.9,45,0.00,6.5,8.8,236,237,22.7,16.8
2025-06-21T17:00,31.0,42,0.00,8.9,11.9,264,264,24.8,16.5
2025-06-21T18:00,31.5,39,0.00,10.8,14.6,266,265,28.1,16.0
2025-06-21T19:00,31.5,39,0.00,12.7,17.3,264,262,31.0,15.7
2025-06-21T20:00,31.0,41,0.00,11.7,16.4,266,262,31.0,16.4
2025-06-21T21:00,31.0,42,0.00,11.0,15.7,260,255,28.8,16.7
2025-06-21T22:00,30.6,45,0.00,11.1,16.8,240,237,27.4,17.1
2025-06-21T23:00,29.5,49,0.00,11.0,18.5,230,230,25.2,17.8
2025-06-22T00:00,28.2,57,0.00,7.9,17.6,221,223,24.1,19.0
2025-06-22T01:00,26.8,62,0.00,12.4,26.5,193,195,25.2,18.9
2025-06-22T02:00,26.1,66,0.00,11.9,25.3,214,217,24.1,19.2
2025-06-22T03:00,25.7,67,0.00,12.9,26.9,215,217,25.9,19.1
2025-06-22T04:00,25.2,68,0.00,14.3,28.8,220,221,30.2,18.9
2025-06-22T05:00,24.9,69,0.00,12.6,25.8,222,224,28.4,18.9
2025-06-22T06:00,24.0,74,0.00,10.9,23.9,230,233,25.2,19.0
2025-06-22T07:00,23.6,74,0.00,13.0,27.2,227,230,25.6,18.6
2025-06-22T08:00,23.4,74,0.00,12.6,26.6,226,230,25.9,18.5
2025-06-22T09:00,23.1,75,0.00,12.2,26.0,227,231,25.2,18.5
2025-06-22T10:00,23.1,76,0.00,12.0,25.2,234,237,24.8,18.6
2025-06-22T11:00,24.1,72,0.00,11.9,26.1,235,239,25.9,18.9
2025-06-22T12:00,25.9,66,0.00,12.1,20.0,247,248,26.6,19.0
2025-06-22T13:00,26.3,68,0.00,8.0,11.9,256,259,20.9,20.0
2025-06-22T14:00,26.4,68,0.00,8.7,14.0,223,225,19.8,20.0
2025-06-22T15:00,27.2,66,0.00,12.3,18.5,231,234,26.3,20.2
2025-06-22T16:00,29.3,59,0.00,17.6,27.0,242,242,39.6,20.5
2025-06-22T17:00,31.0,53,0.00,21.3,32.0,244,244,47.2,20.4
2025-06-22T18:00,31.8,53,0.00,17.1,25.4,268,268,47.2,20.9
2025-06-22T19:00,32.3,54,0.00,17.8,26.1,268,269,41.0,22.0
2025-06-22T20:00,33.1,52,0.00,18.5,27.3,264,265,41.4,22.0
2025-06-22T21:00,33.3,52,0.00,18.7,27.9,272,272,42.5,22.2
2025-06-22T22:00,33.0,55,0.00,18.1,27.5,286,284,41.0,22.6
2025-06-22T23:00,32.4,56,0.00,14.9,23.3,278,278,38.9,22.6
2025-06-23T00:00,31.4,60,0.00,11.2,21.1,264,266,31.3,22.8
2025-06-23T01:00,30.4,70,0.00,12.8,25.5,255,259,28.1,24.2
2025-06-23T02:00,29.7,72,0.00,11.2,24.2,258,262,25.9,24.0
2025-06-23T03:00,29.2,69,0.00,10.5,23.6,265,267,22.0,23.0
2025-06-23T04:00,28.4,71,0.00,7.4,19.0,296,289,20.5,22.5
2025-06-23T05:00,27.5,76,0.00,5.9,16.6,310,309,14.0,23.0
2025-06-23T06:00,26.8,80,0.00,5.4,16.1,296,304,10.4,23.0
2025-06-23T07:00,26.3,83,0.00,4.4,13.5,291,311,9.4,23.1
2025-06-23T08:00,25.8,86,0.00,4.1,12.6,304,334,7.6,23.2
2025-06-23T09:00,25.8,85,0.00,5.4,16.5,320,340,8.6,23.0
2025-06-23T10:00,26.1,84,0.00,6.8,18.5,328,339,11.9,23.1
2025-06-23T11:00,27.6,79,0.00,7.2,17.5,321,341,13.7,23.7
2025-06-23T12:00,29.8,72,0.00,5.5,10.3,314,325,14.4,24.1
2025-06-23T13:00,32.3,59,0.00,7.3,10.6,312,318,19.4,23.5
2025-06-23T14:00,34.0,51,0.00,7.2,10.1,333,338,21.6,22.5
2025-06-23T15:00,35.6,44,0.00,5.1,6.8,328,333,20.9,21.5
2025-06-23T16:00,37.0,39,0.00,6.2,7.9,314,317,20.5,20.8
2025-06-23T17:00,38.0,36,0.00,8.0,10.4,308,309,24.1,20.1
2025-06-23T18:00,38.5,35,0.00,10.8,14.3,306,307,29.5,20.3
2025-06-23T19:00,38.5,36,0.00,11.6,15.2,298,299,31.0,20.7
2025-06-23T20:00,38.5,35,0.00,12.2,16.2,290,291,31.3,20.5
2025-06-23T21:00,38.0,38,0.00,14.0,18.8,296,296,33.8,21.2
2025-06-23T22:00,37.2,42,0.00,13.2,18.6,298,298,33.8,22.0
2025-06-23T23:00,36.6,43,0.00,11.0,15.9,295,298,30.6,22.0
2025-06-24T00:00,35.8,45,0.00,8.9,16.1,284,286,24.5,22.1
2025-06-24T01:00,33.9,51,0.00,8.3,17.6,256,259,18.7,22.3
2025-06-24T02:00,32.5,55,0.00,7.6,17.2,248,252,16.2,22.2
2025-06-24T03:00,31.1,60,0.00,7.2,17.1,258,263,14.8,22.6
2025-06-24T04:00,30.0,65,0.00,7.6,17.5,275,280,14.0,22.6
2025-06-24T05:00,29.1,68,0.00,7.2,17.3,270,279,14.4,22.6
2025-06-24T06:00,28.5,72,0.00,7.5,17.5,278,289,14.0,22.8
2025-06-24T07:00,28.0,74,0.00,7.5,18.0,287,296,13.7,23.0
2025-06-24T08:00,27.6,73,0.00,8.1,19.4,302,313,14.8,22.4
2025-06-24T09:00,27.5,68,0.00,7.4,18.8,313,331,14.8,21.1
2025-06-24T10:00,27.2,67,0.00,6.4,17.3,310,333,13.3,20.7
2025-06-24T11:00,28.4,63,0.00,6.8,17.3,292,330,13.7,20.6
2025-06-24T12:00,30.5,54,0.00,6.5,11.1,300,316,17.3,20.2
2025-06-24T13:00,32.8,51,0.00,7.9,11.7,309,315,21.2,21.4
2025-06-24T14:00,34.5,45,0.00,7.1,10.0,315,319,21.2,20.8
2025-06-24T15:00,36.5,35,0.00,9.4,12.9,324,327,25.9,18.6
2025-06-24T16:00,38.0,28,0.00,10.4,14.3,321,324,28.8,16.4
2025-06-24T17:00,39.0,24,0.00,11.7,15.7,319,320,31.3,15.0
2025-06-24T18:00,39.4,24,0.00,13.8,18.5,309,310,35.3,14.9
2025-06-24T19:00,39.3,24,0.00,15.1,20.4,295,296,37.4,15.3
2025-06-24T20:00,39.2,24,0.00,14.9,20.4,289,289,37.8,14.9
2025-06-24T21:00,38.7,25,0.00,14.5,20.2,291,291,36.4,15.3
2025-06-24T22:00,38.0,26,0.00,14.6,20.8,289,288,34.9,15.3
2025-06-24T23:00,37.2,26,0.00,14.9,21.6,290,288,33.8,14.8
2025-06-25T00:00,35.9,28,0.00,12.7,22.0,283,281,32.4,14.6
2025-06-25T01:00,34.0,37,0.00,11.5,23.5,279,278,24.5,17.4
2025-06-25T02:00,32.5,42,0.00,7.6,17.9,285,288,23.0,18.1
2025-06-25T03:00,31.0,49,0.00,5.9,15.6,282,291,14.4,19.0
2025-06-25T04:00,29.9,54,0.00,6.7,16.4,286,293,12.2,19.6
2025-06-25T05:00,28.9,58,0.00,6.6,16.0,296,310,12.6,19.9
2025-06-25T06:00,28.5,58,0.00,7.8,19.2,318,332,14.4,19.3
2025-06-25T07:00,28.6,57,0.00,6.5,18.9,336,350,14.4,19.2
2025-06-25T08:00,28.4,58,0.00,8.5,21.1,336,346,15.1,19.4
2025-06-25T09:00,27.8,62,0.00,7.4,19.3,334,344,15.8,19.8
2025-06-25T10:00,27.1,65,0.00,6.7,16.9,324,338,13.7,20.0
2025-06-25T11:00,28.1,63,0.00,6.8,18.0,312,336,14.0,20.5
2025-06-25T12:00,30.1,57,0.00,7.0,11.5,320,329,18.4,20.7
2025-06-25T13:00,32.5,51,0.00,9.0,12.8,307,312,23.8,21.2
2025-06-25T14:00,34.1,45,0.00,10.9,14.9,310,313,31.3,20.5
2025-06-25T15:00,35.0,41,0.00,10.6,14.4,321,323,31.7,19.9
2025-06-25T16:00,36.5,36,0.00,10.5,14.1,321,322,31.0,19.0
2025-06-25T17:00,37.3,33,0.00,12.2,16.4,316,318,33.1,18.3
2025-06-25T18:00,38.0,30,0.00,12.9,17.3,317,318,34.2,17.5
2025-06-25T19:00,37.9,30,0.00,12.3,16.7,316,315,34.6,17.5
2025-06-25T20:00,38.0,29,0.00,11.7,15.8,311,311,32.8,17.1
2025-06-25T21:00,37.5,30,0.00,10.4,14.2,304,305,31.0,17.1
2025-06-25T22:00,35.6,34,0.30,13.2,19.2,308,306,33.1,17.5
2025-06-25T23:00,34.9,38,0.00,11.0,16.2,300,300,31.7,18.5
2025-06-26T00:00,33.4,44,0.30,10.8,16.2,281,283,25.6,19.5
2025-06-26T01:00,31.1,55,0.00,11.8,21.4,310,314,28.1,21.1
2025-06-26T02:00,30.3,59,0.00,10.3,17.2,335,342,23.4,21.3
2025-06-26T03:00,29.0,65,0.20,7.6,14.6,357,4,21.2,21.9
2025-06-26T04:00,28.6,68,0.10,3.8,8.9,45,40,14.8,22.2
2025-06-26T05:00,28.2,73,0.00,2.3,6.1,337,30,6.5,22.8
2025-06-26T06:00,27.2,75,0.00,6.1,10.7,298,318,11.5,22.4
2025-06-26T07:00,26.5,76,0.00,6.2,12.5,319,339,11.9,22.0
2025-06-26T08:00,26.0,78,0.00,7.2,15.7,341,3,13.7,21.9
2025-06-26T09:00,26.0,77,0.00,7.8,17.9,13,29,14.0,21.8
2025-06-26T10:00,26.0,75,0.00,10.2,20.2,28,34,19.1,21.2
2025-06-26T11:00,26.1,70,0.00,10.9,17.3,40,43,23.8,20.2
2025-06-26T12:00,27.0,64,0.00,11.1,16.5,44,45,25.9,19.7
2025-06-26T13:00,27.6,66,0.00,13.6,19.9,66,66,32.4,20.7
2025-06-26T14:00,28.2,64,0.00,13.2,18.7,79,78,32.4,20.7
2025-06-26T15:00,26.9,70,0.00,13.9,19.9,86,85,33.5,20.9
2025-06-26T16:00,26.2,69,0.00,12.0,17.1,81,83,33.5,20.1
2025-06-26T17:00,27.2,62,0.00,11.6,16.3,97,96,29.9,19.3
2025-06-26T18:00,27.5,55,0.00,13.4,18.5,108,106,33.8,17.6
2025-06-26T19:00,27.2,51,0.00,13.8,19.4,108,107,35.3,16.2
2025-06-26T20:00,26.5,52,0.00,14.8,20.9,113,112,37.4,15.9
2025-06-26T21:00,25.8,54,0.00,15.2,21.9,107,108,37.1,15.9
2025-06-26T22:00,24.8,57,0.00,15.2,22.4,100,101,37.1,15.6
2025-06-26T23:00,23.4,62,0.00,16.1,24.4,104,105,37.4,15.6
2025-06-27T00:00,21.9,66,0.00,15.6,24.8,107,108,35.3,15.2
2025-06-27T01:00,20.3,77,4.90,9.4,15.4,86,85,24.5,16.0
2025-06-27T02:00,19.2,85,9.80,11.6,20.1,98,96,24.5,16.6
2025-06-27T03:00,18.9,84,1.40,10.3,17.8,91,91,22.0,16.0
2025-06-27T04:00,19.0,79,0.00,9.2,16.4,88,86,20.2,15.2
2025-06-27T05:00,19.0,77,0.00,8.7,16.6,85,85,18.0,14.9
2025-06-27T06:00,19.0,76,0.00,9.5,17.4,75,77,19.8,14.8
2025-06-27T07:00,19.0,76,0.00,8.1,15.4,65,66,19.4,14.7
2025-06-27T08:00,19.0,76,0.00,8.7,15.8,69,71,17.6,14.6
2025-06-27T09:00,18.8,77,0.00,9.8,18.3,66,66,20.2,14.6
2025-06-27T10:00,18.5,77,0.00,10.5,19.2,74,75,21.2,14.4
2025-06-27T11:00,18.7,74,0.00,12.1,19.8,72,73,25.2,14.0
2025-06-27T12:00,19.4,71,0.00,13.4,20.6,75,76,29.2,13.9
2025-06-27T13:00,20.0,65,0.00,14.9,22.3,91,91,32.8,13.2
2025-06-27T14:00,20.4,67,0.00,15.7,23.6,91,90,35.3,14.1
2025-06-27T15:00,21.0,64,0.00,15.4,23.0,96,95,34.9,14.0
2025-06-27T16:00,21.3,60,0.00,18.0,26.9,97,97,40.0,13.1
2025-06-27T17:00,21.8,58,0.00,17.5,26.2,99,100,41.4,13.1
2025-06-27T18:00,22.5,51,0.00,16.8,24.6,105,105,40.7,12.0
2025-06-27T19:00,21.9,54,0.00,16.4,24.2,102,103,39.2,12.1
2025-06-27T20:00,21.8,57,0.00,14.8,21.8,103,103,37.4,12.8
2025-06-27T21:00,21.5,60,0.00,14.2,21.0,97,99,34.2,13.5
2025-06-27T22:00,21.0,64,0.00,13.9,21.0,101,102,32.8,13.9
2025-06-27T23:00,20.6,68,0.00,14.2,21.4,102,103,31.3,14.4
2025-06-28T00:00,20.1,71,0.00,12.8,20.4,107,109,31.0,14.7
2025-06-28T01:00,18.6,71,0.00,8.4,14.5,106,109,21.6,13.3
2025-06-28T02:00,18.9,71,0.00,10.2,17.3,120,120,21.2,13.4
2025-06-28T03:00,18.9,74,0.00,9.4,15.7,126,127,21.2,14.2
2025-06-28T04:00,18.9,77,0.00,7.6,12.9,121,126,19.4,14.8
2025-06-28T05:00,18.8,81,0.00,3.6,6.5,93,109,15.1,15.4
2025-06-28T06:00,18.7,84,0.10,4.2,10.4,65,108,9.0,15.9
2025-06-28T07:00,18.9,86,0.00,4.2,11.7,59,111,9.7,16.5
2025-06-28T08:00,19.0,88,0.00,2.7,8.1,8,114,8.3,17.0
2025-06-28T09:00,19.2,89,0.30,2.6,6.1,16,114,6.5,17.4
2025-06-28T10:00,19.5,90,0.20,3.2,6.4,38,117,7.2,17.8
2025-06-28T11:00,19.8,92,0.20,3.2,3.8,16,95,7.6,18.4
2025-06-28T12:00,20.4,91,0.30,2.8,2.6,15,74,9.0,18.9
2025-06-28T13:00,19.1,90,0.20,2.3,3.1,180,190,9.7,17.5
2025-06-28T14:00,21.3,84,0.00,5.5,7.3,232,232,16.9,18.4
2025-06-28T15:00,23.0,79,0.00,9.3,12.6,242,242,23.4,19.2
2025-06-28T16:00,24.6,75,0.00,11.4,15.8,247,246,27.7,19.9
2025-06-28T17:00,25.9,72,0.00,12.6,17.5,237,236,29.5,20.4
2025-06-28T18:00,27.3,67,0.00,13.9,19.7,246,245,32.8,20.7
2025-06-28T19:00,28.3,64,0.00,13.4,19.2,252,250,32.4,20.9
2025-06-28T20:00,29.0,62,0.00,13.9,20.2,253,251,32.0,20.9
2025-06-28T21:00,29.5,60,0.00,13.7,20.2,242,240,32.0,21.0
2025-06-28T22:00,29.5,60,0.00,11.7,18.1,257,253,32.0,21.0
2025-06-28T23:00,29.2,64,0.00,7.3,12.9,245,243,24.8,21.6
2025-06-29T00:00,28.1,70,0.00,7.0,16.2,224,225,15.1,22.1
2025-06-29T01:00,26.8,76,0.00,7.6,18.1,242,243,13.3,22.2
2025-06-29T02:00,26.2,80,0.00,7.1,18.1,232,233,15.8,22.5
2025-06-29T03:00,25.8,83,0.00,8.6,19.1,254,254,17.3,22.7
2025-06-29T04:00,24.7,86,0.00,9.9,20.2,241,243,19.4,22.2
2025-06-29T05:00,23.9,89,0.00,10.3,21.2,227,234,19.8,22.0
2025-06-29T06:00,23.4,92,0.00,9.1,19.6,252,251,20.2,22.0
2025-06-29T07:00,23.0,95,0.00,7.2,16.6,251,258,17.3,22.1
2025-06-29T08:00,22.6,96,0.00,7.0,15.6,238,249,13.3,22.0
2025-06-29T09:00,22.5,97,0.00,7.3,16.0,239,249,14.0,22.0
2025-06-29T10:00,22.5,97,0.00,5.9,13.7,250,260,13.7,22.0
2025-06-29T11:00,23.5,93,0.00,6.4,9.6,280,279,14.0,22.4
2025-06-29T12:00,25.1,86,0.00,5.7,8.0,305,310,16.2,22.5
2025-06-29T13:00,27.6,73,0.00,5.6,7.9,327,330,16.9,22.2
2025-06-29T14:00,28.9,63,0.00,6.1,8.5,320,322,19.1,21.1
2025-06-29T15:00,30.0,56,0.00,8.1,10.9,305,306,23.0,20.1
2025-06-29T16:00,30.7,51,0.00,10.1,13.7,292,292,26.6,19.5
2025-06-29T17:00,31.3,50,0.00,12.2,16.8,284,282,36.4,19.6
2025-06-29T18:00,31.7,48,0.00,14.9,20.7,289,287,36.7,19.3
2025-06-29T19:00,31.6,48,0.10,12.8,18.0,286,286,34.9,19.5
2025-06-29T20:00,31.9,47,0.00,9.5,13.1,268,270,30.2,19.1
2025-06-29T21:00,31.9,46,0.00,10.7,14.8,254,254,25.9,18.9
2025-06-29T22:00,31.5,46,0.00,10.3,15.0,275,273,25.9,18.6
2025-06-29T23:00,30.7,51,0.00,6.6,11.3,257,260,23.4,19.4
2025-06-30T00:00,29.1,61,0.00,7.5,15.7,213,218,14.4,20.8
2025-06-30T01:00,27.8,58,0.00,5.1,13.3,309,311,9.0,18.7
2025-06-30T02:00,26.5,65,0.00,2.2,9.8,325,352,7.9,19.5
2025-06-30T03:00,25.5,69,0.00,0.7,5.9,346,31,3.6,19.4
2025-06-30T04:00,24.4,71,0.00,4.5,9.9,360,37,6.8,18.8
2025-06-30T05:00,23.5,72,0.00,4.9,11.2,358,30,8.3,18.1
2025-06-30T06:00,22.9,73,0.00,5.4,14.8,4,26,9.4,17.7
2025-06-30T07:00,23.0,71,0.00,7.5,19.1,33,35,13.7,17.5
2025-06-30T08:00,22.4,75,0.00,5.9,16.2,35,39,13.7,17.8
2025-06-30T09:00,21.7,79,0.00,4.8,14.1,42,47,10.4,17.9
2025-06-30T10:00,21.5,79,0.00,6.0,14.4,46,54,10.1,17.9
2025-06-30T11:00,22.5,76,0.00,5.6,14.7,50,63,12.6,18.2
2025-06-30T12:00,24.5,68,0.00,3.9,7.0,66,72,12.6,18.3
2025-06-30T13:00,27.1,59,0.00,2.7,4.0,113,111,13.7,18.5
2025-06-30T14:00,29.6,51,0.00,1.9,2.8,158,153,13.7,18.3
2025-06-30T15:00,31.7,44,0.00,2.3,3.1,180,177,15.1,17.8
2025-06-30T16:00,33.0,40,0.00,4.3,5.8,195,189,18.4,17.5
2025-06-30T17:00,34.0,36,0.00,6.1,8.4,194,189,21.6,17.0
2025-06-30T18:00,34.9,34,0.00,7.0,9.6,192,189,23.0,16.8
2025-06-30T19:00,33.2,40,0.20,17.8,24.7,172,172,42.1,17.6
2025-06-30T20:00,31.9,52,0.10,11.0,15.5,190,190,44.3,20.9
2025-06-30T21:00,30.5,59,0.90,13.3,19.1,201,200,34.6,21.6
2025-06-30T22:00,30.1,62,0.00,12.4,17.9,222,219,31.0,22.0
2025-06-30T23:00,29.6,65,0.00,9.1,13.1,210,207,28.1,22.4
2025-07-01T00:00,28.9,69,0.00,10.1,16.4,211,210,22.0,22.6
2025-07-01T01:00,25.0,92,0.00,1.7,5.6,198,184,10.4,23.5
2025-07-01T02:00,24.5,96,0.00,0.4,3.7,360,169,4.7,23.8
2025-07-01T03:00,24.5,96,0.00,2.2,7.4,104,148,4.0,23.8
2025-07-01T04:00,24.9,94,0.10,6.2,13.9,144,155,10.8,23.9
2025-07-01T05:00,24.2,97,1.60,1.3,4.3,326,213,11.5,23.8
2025-07-01T06:00,23.8,99,2.00,1.7,2.3,72,162,18.0,23.5
2025-07-01T07:00,24.1,98,0.20,5.8,15.5,176,200,10.1,23.9
2025-07-01T08:00,24.5,96,0.10,9.4,19.5,192,203,16.6,23.9
2025-07-01T09:00,24.5,96,0.00,10.3,21.1,209,215,18.4,23.8
2025-07-01T10:00,24.5,95,0.00,11.7,22.7,221,225,21.6,23.6
2025-07-01T11:00,25.0,94,0.00,11.3,20.4,226,229,21.6,23.9
2025-07-01T12:00,26.4,88,0.10,13.1,20.1,237,237,31.7,24.2
2025-07-01T13:00,27.0,81,0.00,13.9,19.8,259,259,32.0,23.4
2025-07-01T14:00,28.4,73,0.00,12.6,18.1,260,260,31.0,23.1
2025-07-01T15:00,29.5,69,0.20,11.9,16.8,255,258,39.2,23.1
2025-07-01T16:00,30.2,66,0.10,12.1,16.6,221,227,37.1,23.1
2025-07-01T17:00,26.4,82,1.50,13.1,20.6,223,218,37.8,23.1
2025-07-01T18:00,26.7,82,0.30,12.9,19.1,221,221,30.2,23.5
2025-07-01T19:00,28.9,72,0.10,15.9,22.9,208,206,35.3,23.3
2025-07-01T20:00,29.5,71,0.10,14.8,21.5,222,222,35.6,23.8
2025-07-01T21:00,27.4,81,0.80,12.1,19.5,268,265,35.3,23.8
2025-07-01T22:00,26.4,85,0.40,11.6,18.0,251,251,26.3,23.8
2025-07-01T23:00,25.8,88,0.30,12.5,20.7,247,247,25.2,23.6
2025-07-02T00:00,24.9,90,0.30,10.2,17.9,242,244,25.9,23.1
2025-07-02T01:00,22.9,97,0.50,6.9,13.7,213,208,15.5,22.4
2025-07-02T02:00,22.9,98,0.20,4.5,9.4,263,252,12.6,22.5
2025-07-02T03:00,22.7,98,0.50,5.2,10.9,250,250,9.7,22.4
2025-07-02T04:00,22.5,98,0.80,7.2,13.9,256,256,13.0,22.2
2025-07-02T05:00,22.2,98,0.80,8.4,16.5,254,262,15.8,22.0
2025-07-02T06:00,22.1,98,0.60,9.4,18.2,268,270,17.3,21.9
2025-07-02T07:00,22.0,98,0.50,9.0,18.7,275,277,18.4,21.6
2025-07-02T08:00,21.9,98,0.40,8.8,18.7,279,284,16.9,21.5
2025-07-02T09:00,21.9,97,0.20,7.7,15.4,246,263,15.8,21.4
2025-07-02T10:00,21.9,97,0.10,6.5,13.6,247,262,13.7,21.4
2025-07-02T11:00,22.1,97,0.20,6.1,11.7,258,274,11.2,21.6
2025-07-02T12:00,22.5,98,0.00,6.2,13.0,249,276,12.2,22.0
2025-07-02T13:00,23.0,93,0.20,6.3,9.0,233,235,15.8,21.9
2025-07-02T14:00,24.2,87,0.00,5.2,6.9,239,240,17.3,22.0
2025-07-02T15:00,25.0,84,0.00,4.6,6.2,244,249,16.2,22.1
2025-07-02T16:00,25.4,81,0.00,4.5,6.0,241,245,16.9,21.9
2025-07-02T17:00,26.3,75,0.10,3.9,5.5,236,238,16.9,21.5
2025-07-02T18:00,27.1,68,0.10,5.3,7.0,237,238,16.6,20.8
2025-07-02T19:00,28.2,61,0.00,6.2,8.6,262,262,18.4,20.0
2025-07-02T20:00,28.9,56,0.00,7.9,10.9,281,279,20.9,19.3
2025-07-02T21:00,29.0,53,0.00,8.1,11.3,266,269,20.9,18.6
2025-07-02T22:00,29.0,52,0.00,8.5,12.6,266,268,20.2,18.3
2025-07-02T23:00,28.1,60,0.00,5.6,11.4,253,259,19.1,19.6
2025-07-03T00:00,26.6,69,0.00,5.1,12.2,228,243,11.5,20.5
2025-07-03T01:00,25.6,70,0.00,5.4,15.2,236,247,11.5,19.7
2025-07-03T02:00,24.7,73,0.00,6.7,18.0,226,236,11.9,19.6
2025-07-03T03:00,23.6,77,0.00,8.0,18.9,228,239,14.8,19.5
2025-07-03T04:00,22.8,80,0.00,8.0,18.8,234,241,15.8,19.2
2025-07-03T05:00,22.0,83,0.00,6.6,14.8,241,256,14.8,19.0
2025-07-03T06:00,21.1,87,0.00,6.5,13.6,247,255,12.2,18.9
2025-07-03T07:00,20.4,89,0.00,5.0,12.3,270,288,11.5,18.5
2025-07-03T08:00,19.8,91,0.00,4.5,9.7,265,294,8.6,18.2
2025-07-03T09:00,19.3,93,0.00,3.6,9.0,279,307,8.3,18.1
2025-07-03T10:00,19.2,94,0.00,2.7,6.8,266,323,6.1,18.1
2025-07-03T11:00,20.5,90,0.00,4.1,6.0,268,314,9.7,18.8
2025-07-03T12:00,22.9,81,0.00,2.7,5.9,278,308,10.1,19.4
2025-07-03T13:00,26.1,67,0.00,2.5,4.3,262,272,10.8,19.5
2025-07-03T14:00,28.2,51,0.00,3.5,4.7,235,238,13.3,17.1
2025-07-03T15:00,29.5,44,0.00,6.8,9.1,248,245,18.7,15.9
2025-07-03T16:00,29.8,41,0.00,10.8,14.9,260,258,26.3,15.2
2025-07-03T17:00,30.0,42,0.00,12.5,17.5,263,261,31.0,15.6
2025-07-03T18:00,30.6,40,0.00,14.5,21.0,258,258,34.6,15.4
2025-07-03T19:00,30.6,38,0.00,17.1,24.7,263,262,38.5,14.8
2025-07-03T20:00,29.5,41,0.10,20.7,30.1,278,278,44.3,15.0
2025-07-03T21:00,26.6,58,0.10,14.0,21.1,277,278,45.7,17.6
2025-07-03T22:00,27.1,57,0.00,10.5,15.7,266,267,30.6,18.0
2025-07-03T23:00,26.9,60,0.00,10.2,17.3,288,290,23.8,18.5
2025-07-04T00:00,25.7,65,0.00,8.9,18.2,295,296,22.3,18.5
2025-07-04T01:00,20.9,91,0.00,3.9,11.1,283,309,9.0,19.2
2025-07-04T02:00,20.5,93,0.00,6.7,15.9,286,299,13.3,19.3
2025-07-04T03:00,19.8,93,0.00,6.2,16.0,311,317,12.6,18.6
2025-07-04T04:00,19.1,91,0.00,6.9,17.7,317,327,13.7,17.7
2025-07-04T05:00,19.0,89,0.00,9.4,21.7,310,318,17.3,17.2
2025-07-04T06:00,18.8,89,0.00,7.5,17.8,290,303,16.9,17.0
2025-07-04T07:00,18.3,91,0.00,7.8,18.5,296,303,13.7,16.8
2025-07-04T08:00,17.8,88,0.00,9.0,20.8,308,317,15.8,15.8
2025-07-04T09:00,17.3,79,0.00,10.1,23.7,316,325,18.4,13.7
2025-07-04T10:00,16.9,77,0.00,9.7,22.6,313,325,18.4,12.8
2025-07-04T11:00,17.8,75,0.00,9.7,20.1,312,326,18.4,13.2
2025-07-04T12:00,19.5,72,0.00,7.1,14.6,315,327,16.9,14.3
2025-07-04T13:00,21.9,66,0.00,7.4,11.3,321,324,20.2,15.2
2025-07-04T14:00,23.8,57,0.00,8.6,12.4,329,330,22.7,14.7
2025-07-04T15:00,25.0,47,0.00,10.6,15.0,337,340,27.0,12.9
2025-07-04T16:00,25.6,45,0.00,9.7,13.5,332,335,27.4,12.9
2025-07-04T17:00,26.4,42,0.00,8.6,11.9,321,325,25.9,12.5
2025-07-04T18:00,27.0,41,0.00,9.4,12.9,315,319,25.6,12.6
2025-07-04T19:00,27.4,41,0.00,10.4,14.4,307,310,27.0,12.9
2025-07-04T20:00,27.6,40,0.00,11.0,15.0,300,302,27.4,12.7
2025-07-04T21:00,27.4,40,0.00,10.3,14.2,292,294,27.0,12.4
2025-07-04T22:00,27.0,41,0.00,10.1,14.5,289,289,24.8,12.6
2025-07-04T23:00,26.1,47,0.00,8.1,14.5,294,293,23.0,13.9
2025-07-05T00:00,24.4,58,0.00,6.0,15.4,309,311,16.9,15.6
2025-07-05T01:00,23.2,62,0.00,6.0,16.5,297,300,10.1,15.6
2025-07-05T02:00,21.8,69,0.00,5.6,15.6,301,301,10.1,15.9
2025-07-05T03:00,20.8,72,0.00,6.0,16.6,314,320,10.4,15.6
2025-07-05T04:00,20.4,73,0.00,7.9,20.3,339,347,13.7,15.3
2025-07-05T05:00,20.0,72,0.00,8.0,21.1,354,356,15.1,14.6
2025-07-05T06:00,19.1,75,0.00,6.0,18.3,9,10,14.4,14.6
2025-07-05T07:00,18.4,78,0.00,5.6,16.9,27,25,9.7,14.5
2025-07-05T08:00,17.7,81,0.00,5.5,16.3,19,27,9.0,14.4
2025-07-05T09:00,17.1,83,0.00,4.6,14.0,11,32,8.6,14.2
2025-07-05T10:00,17.0,84,0.00,3.2,10.0,344,36,6.8,14.3
2025-07-05T11:00,18.4,80,0.00,4.0,7.8,339,38,8.6,14.8
2025-07-05T12:00,20.7,74,0.00,0.6,5.9,146,76,8.6,15.9
2025-07-05T13:00,22.7,63,0.00,2.2,3.5,85,78,10.8,15.4
2025-07-05T14:00,24.9,53,0.00,2.1,2.7,121,118,12.2,14.8
2025-07-05T15:00,26.7,45,0.00,3.3,4.5,193,194,14.8,13.9
2025-07-05T16:00,28.1,42,0.00,5.0,6.8,206,209,18.0,13.9
2025-07-05T17:00,29.3,39,0.00,6.1,8.2,210,213,19.8,13.9
2025-07-05T18:00,30.1,37,0.00,7.9,10.8,201,204,23.0,13.8
2025-07-05T19:00,30.6,36,0.00,10.2,13.8,203,206,27.0,13.9
2025-07-05T20:00,30.8,36,0.00,9.7,13.2,208,211,27.4,14.0
2025-07-05T21:00,30.8,36,0.00,8.9,12.2,204,209,25.6,13.9
2025-07-05T22:00,30.5,37,0.00,9.9,13.8,201,206,23.4,14.0
2025-07-05T23:00,29.6,40,0.00,10.0,16.8,194,197,23.0,14.6
2025-07-06T00:00,27.5,47,0.00,11.3,23.9,188,194,22.0,15.1
2025-07-06T01:00,25.6,56,0.00,11.1,24.7,197,203,20.2,16.3
2025-07-06T02:00,24.8,56,0.00,11.2,25.4,217,218,23.0,15.6
2025-07-06T03:00,23.9,56,0.00,9.7,23.3,209,215,21.6,14.7
2025-07-06T04:00,22.8,62,0.00,10.6,24.0,201,207,20.2,15.2
2025-07-06T05:00,21.9,72,0.00,10.5,23.4,205,210,21.2,16.6
2025-07-06T06:00,21.1,75,0.00,10.1,22.2,209,212,20.2,16.5
2025-07-06T07:00,20.8,78,0.00,9.1,20.7,218,220,19.4,16.8
2025-07-06T08:00,20.5,81,0.00,8.4,19.9,220,225,16.9,17.1
2025-07-06T09:00,20.4,83,0.00,7.3,18.2,230,234,15.5,17.4
2025-07-06T10:00,20.2,84,0.00,7.5,17.6,224,233,13.7,17.4
2025-07-06T11:00,21.3,80,0.00,6.8,17.9,217,231,15.1,17.7
2025-07-06T12:00,23.1,72,0.00,6.9,10.7,225,228,17.6,17.7
2025-07-06T13:00,25.1,68,0.00,7.0,10.1,230,231,19.4,18.9
2025-07-06T14:00,27.4,60,0.00,8.5,12.1,228,229,23.4,18.9
2025-07-06T15:00,29.3,50,0.00,9.0,12.6,224,224,25.2,17.6
2025-07-06T16:00,30.5,44,0.00,10.2,14.2,208,210,27.7,16.8
2025-07-06T17:00,31.4,38,0.00,11.7,16.2,198,199,30.6,15.2
2025-07-06T18:00,32.2,31,0.00,12.5,17.5,198,199,32.0,12.9
2025-07-06T19:00,32.8,28,0.00,12.5,17.6,208,209,32.4,11.9
2025-07-06T20:00,33.2,30,0.00,13.1,18.2,212,213,32.0,13.2
2025-07-06T21:00,32.8,37,0.00,14.0,20.1,208,210,33.5,15.9
2025-07-06T22:00,32.3,39,0.00,13.6,19.8,202,205,33.1,16.5
2025-07-06T23:00,31.2,43,0.00,14.2,22.4,192,197,32.8,17.1
2025-07-07T00:00,29.5,54,0.00,17.0,29.0,184,187,35.3,19.1
2025-07-07T01:00,28.0,59,0.00,11.2,23.8,186,193,28.1,19.4
2025-07-07T02:00,26.7,70,0.00,13.9,25.3,183,188,28.1,20.8
2025-07-07T03:00,25.5,79,0.00,11.4,21.6,187,193,28.1,21.5
2025-07-07T04:00,24.8,84,0.00,10.5,19.9,186,190,22.7,22.0
2025-07-07T05:00,24.1,88,0.00,9.2,18.2,186,192,20.5,22.1
2025-07-07T06:00,23.9,90,0.00,8.7,17.4,188,194,18.0,22.2
2025-07-07T07:00,23.5,92,0.00,7.9,16.3,192,198,16.9,22.2
2025-07-07T08:00,23.2,94,0.00,6.3,13.8,178,188,14.8,22.2
2025-07-07T09:00,22.9,96,0.00,5.7,12.9,171,187,11.5,22.2
2025-07-07T10:00,23.1,95,0.00,6.6,12.9,159,173,11.9,22.3
2025-07-07T11:00,23.8,92,0.00,7.0,11.4,180,185,17.3,22.4
2025-07-07T12:00,24.5,88,0.00,7.2,10.5,181,185,17.3,22.5
2025-07-07T13:00,26.9,76,0.10,6.2,8.7,192,188,16.9,22.3
2025-07-07T14:00,28.6,68,0.10,9.4,12.8,183,181,23.8,22.1
2025-07-07T15:00,30.4,60,0.10,10.8,14.9,190,188,28.1,21.9
2025-07-07T16:00,32.0,52,0.00,11.8,16.5,191,190,29.5,21.0
2025-07-07T17:00,32.2,51,0.30,13.7,19.1,183,183,33.8,20.8
2025-07-07T18:00,32.2,56,0.60,11.0,15.7,186,183,33.8,22.4
2025-07-07T19:00,33.3,52,0.00,12.1,16.7,181,181,29.9,22.2
2025-07-07T20:00,29.4,68,2.60,10.3,17.0,145,154,32.4,22.9
2025-07-07T21:00,29.5,66,0.10,10.4,15.4,201,196,24.8,22.6
2025-07-07T22:00,29.1,68,0.00,6.4,9.6,243,230,22.7,22.6
2025-07-07T23:00,28.1,74,0.10,4.4,7.4,258,256,14.8,23.0
2025-07-08T00:00,27.0,81,0.10,2.5,4.6,225,225,9.4,23.5
2025-07-08T01:00,25.0,98,0.50,4.7,5.2,72,117,9.4,24.7
2025-07-08T02:00,25.1,99,0.30,2.6,2.1,344,52,9.7,24.9
2025-07-08T03:00,24.9,99,0.00,2.6,5.8,258,236,5.4,24.7
2025-07-08T04:00,24.5,99,0.00,2.3,6.9,266,256,6.5,24.3
2025-07-08T05:00,24.2,99,0.00,6.7,14.3,239,247,11.9,24.0
2025-07-08T06:00,23.9,98,0.00,8.6,17.4,255,263,15.8,23.5
2025-07-08T07:00,23.4,98,0.00,9.7,18.9,252,258,18.0,23.0
2025-07-08T08:00,23.0,97,0.00,8.8,18.2,250,259,18.0,22.5
2025-07-08T09:00,22.6,97,0.00,9.5,19.4,251,260,17.3,22.2
2025-07-08T10:00,22.5,97,0.00,8.7,18.2,264,271,17.3,22.0
2025-07-08T11:00,23.4,94,0.00,8.4,19.5,261,274,17.6,22.4
2025-07-08T12:00,24.9,88,0.00,7.0,11.4,267,273,18.4,22.6
2025-07-08T13:00,28.0,77,0.00,5.6,7.7,255,259,16.6,23.5
2025-07-08T14:00,30.0,67,0.00,6.6,9.0,253,254,19.1,23.1
2025-07-08T15:00,31.6,59,0.00,9.2,12.7,264,263,24.1,22.6
2025-07-08T16:00,32.5,55,0.10,12.1,16.7,269,269,34.9,22.3
2025-07-08T17:00,33.5,52,0.00,12.7,17.8,264,262,35.6,22.4
2025-07-08T18:00,34.2,51,0.00,12.9,18.2,254,253,34.9,22.5
2025-07-08T19:00,34.7,48,0.00,13.7,19.6,251,251,33.8,22.0
2025-07-08T20:00,34.5,46,0.00,13.5,19.1,254,254,34.6,21.0
2025-07-08T21:00,29.0,66,0.70,14.6,22.1,273,279,37.4,22.1
2025-07-08T22:00,27.6,73,0.50,9.6,13.8,276,277,33.8,22.3
2025-07-08T23:00,27.5,74,0.00,8.4,12.3,251,252,23.4,22.4
2025-07-09T00:00,26.1,81,0.20,9.7,15.9,190,196,20.2,22.7
2025-07-09T01:00,24.2,91,1.20,6.0,11.9,201,222,14.0,22.7
2025-07-09T02:00,24.0,92,0.00,6.8,13.2,220,225,13.7,22.6
2025-07-09T03:00,23.6,94,0.00,7.7,15.3,249,251,14.0,22.6
2025-07-09T04:00,23.1,96,0.00,7.7,16.0,246,255,14.0,22.5
2025-07-09T05:00,22.9,96,0.00,8.8,18.1,242,248,16.2,22.2
2025-07-09T06:00,22.5,96,0.00,8.5,18.1,245,253,17.3,21.9
2025-07-09T07:00,22.1,97,0.00,7.9,16.9,246,256,16.2,21.6
2025-07-09T08:00,22.0,96,0.00,7.1,16.1,249,264,15.1,21.4
2025-07-09T09:00,21.9,97,0.00,6.0,14.2,249,266,13.0,21.4
2025-07-09T10:00,21.8,97,0.00,6.1,13.5,251,272,11.2,21.4
2025-07-09T11:00,22.9,94,0.00,6.6,14.2,257,279,14.8,22.0
2025-07-09T12:00,24.5,88,0.00,6.3,8.8,288,289,16.9,22.4
2025-07-09T13:00,26.3,80,0.00,5.9,8.1,297,299,17.6,22.6
2025-07-09T14:00,28.1,68,0.00,5.8,7.8,296,299,19.1,21.8
2025-07-09T15:00,29.6,61,0.00,5.3,7.1,288,289,18.4,21.1
2025-07-09T16:00,30.8,52,0.00,6.1,8.0,284,280,19.4,19.8
2025-07-09T17:00,31.8,45,0.00,7.3,9.8,280,275,21.6,18.5
2025-07-09T18:00,32.5,41,0.00,9.7,13.2,270,267,25.6,17.5
2025-07-09T19:00,32.9,39,0.00,11.2,15.1,270,267,28.4,17.0
2025-07-09T20:00,32.8,39,0.00,11.0,15.0,268,265,28.4,17.0
2025-07-09T21:00,32.7,39,0.00,9.0,12.5,267,264,27.0,17.1
2025-07-09T22:00,32.5,40,0.00,8.0,11.3,264,263,22.7,17.2
2025-07-09T23:00,31.9,44,0.00,5.8,10.8,248,249,18.7,18.1
2025-07-10T00:00,30.0,50,0.00,6.6,16.1,237,239,15.5,18.5
2025-07-10T01:00,27.7,55,0.20,12.0,22.5,257,258,25.9,17.8
2025-07-10T02:00,25.0,74,1.50,12.5,21.1,235,237,23.8,20.0
2025-07-10T03:00,23.4,94,2.10,6.4,13.2,292,282,21.2,22.5
2025-07-10T04:00,23.1,95,0.90,4.9,12.5,276,275,13.3,22.3
2025-07-10T05:00,23.0,96,0.80,4.6,7.7,191,208,9.4,22.4
2025-07-10T06:00,22.5,97,3.00,4.3,8.7,248,243,18.4,22.0
2025-07-10T07:00,22.3,97,8.20,3.6,8.8,210,239,18.0,21.8
2025-07-10T08:00,22.2,95,0.30,3.0,5.9,205,250,15.1,21.4
2025-07-10T09:00,21.8,97,0.00,2.6,5.6,192,243,7.6,21.2
2025-07-10T10:00,21.7,96,0.00,4.7,8.3,198,226,8.6,21.1
2025-07-10T11:00,22.3,95,0.00,4.0,7.9,219,243,9.4,21.4
2025-07-10T12:00,23.2,91,0.00,4.4,6.2,212,216,13.0,21.6
2025-07-10T13:00,23.3,90,0.10,2.3,3.0,252,253,14.8,21.5
2025-07-10T14:00,23.4,90,0.10,3.4,4.6,223,222,15.5,21.8
2025-07-10T15:00,24.5,81,0.00,4.0,5.2,243,241,14.0,21.0
2025-07-10T16:00,25.7,73,0.00,5.2,7.0,290,291,16.6,20.4
2025-07-10T17:00,26.5,67,0.00,3.2,4.2,236,234,15.8,20.0
2025-07-10T18:00,27.1,64,0.00,3.2,4.3,232,228,13.0,19.9
2025-07-10T19:00,27.1,64,0.00,2.8,4.0,235,234,13.0,19.7
2025-07-10T20:00,28.0,61,0.00,2.3,3.1,176,177,12.2,19.8
2025-07-10T21:00,28.2,60,0.00,3.0,3.9,155,158,11.9,19.7
2025-07-10T22:00,28.3,58,0.00,2.3,3.0,157,163,11.5,19.4
2025-07-10T23:00,28.0,60,0.00,4.1,5.9,142,145,11.2,19.5
2025-07-11T00:00,26.5,69,0.00,5.7,11.3,131,134,11.5,20.4
2025-07-11T01:00,25.1,77,0.00,7.1,15.2,137,143,13.7,20.8
2025-07-11T02:00,24.3,84,0.00,5.7,13.8,136,145,13.7,21.5
2025-07-11T03:00,23.6,90,0.00,4.7,11.0,148,159,10.4,21.9
2025-07-11T04:00,23.0,94,0.00,5.6,12.0,153,164,9.7,22.0
2025-07-11T05:00,22.5,96,0.00,5.2,12.2,160,171,10.8,21.9
2025-07-11T06:00,21.9,98,0.00,1.5,6.8,159,180,9.7,21.5
2025-07-11T07:00,21.4,100,0.00,1.9,1.8,41,45,3.6,21.3
2025-07-11T08:00,21.2,100,0.00,2.7,4.3,48,62,4.3,21.2
2025-07-11T09:00,21.5,100,0.00,3.7,7.7,39,54,6.5,21.5
2025-07-11T10:00,21.7,100,0.00,5.6,9.8,57,66,9.4,21.6
2025-07-11T11:00,22.1,98,0.00,6.2,8.8,73,79,14.4,21.8
2025-07-11T12:00,23.4,89,0.00,5.6,7.8,84,83,15.5,21.5
2025-07-11T13:00,25.3,76,0.00,5.6,7.6,84,86,16.9,20.8
2025-07-11T14:00,26.9,68,0.00,4.9,6.7,82,84,16.9,20.5
2025-07-11T15:00,28.5,61,0.00,5.3,7.1,72,74,18.4,20.4
2025-07-11T16:00,29.2,58,0.00,7.2,9.4,102,102,21.2,20.2
2025-07-11T17:00,30.0,56,0.00,8.6,11.4,116,118,25.2,20.2
2025-07-11T18:00,30.3,53,0.00,9.5,12.7,115,119,26.6,19.6
2025-07-11T19:00,30.5,52,0.00,10.5,14.4,117,120,28.1,19.6
2025-07-11T20:00,30.2,55,0.00,12.2,16.6,119,122,31.0,20.3
2025-07-11T21:00,29.6,58,0.00,10.7,15.0,126,128,31.0,20.5
2025-07-11T22:00,29.3,60,0.00,9.2,12.9,129,132,27.0,20.6
2025-07-11T23:00,28.3,64,0.00,9.8,14.2,125,128,23.0,20.9
2025-07-12T00:00,26.9,72,0.00,8.9,15.2,109,114,22.7,21.4
2025-07-12T01:00,25.1,82,0.00,10.9,19.1,123,126,22.0,21.9
2025-07-12T02:00,24.3,87,0.00,9.4,17.2,128,134,22.3,22.0
2025-07-12T03:00,23.6,92,0.00,7.3,13.8,126,133,18.7,22.1
2025-07-12T04:00,23.0,95,0.00,6.5,12.5,132,137,14.8,22.2
2025-07-12T05:00,22.7,97,0.00,3.8,9.0,135,147,12.6,22.2
2025-07-12T06:00,22.8,97,0.00,4.7,8.0,130,149,9.4,22.2
2025-07-12T07:00,23.0,95,0.00,3.3,5.1,135,141,11.2,22.1
2025-07-12T08:00,22.9,95,0.00,3.0,4.4,128,128,7.9,22.0
2025-07-12T09:00,22.8,95,0.00,3.5,5.6,102,111,7.2,22.0
2025-07-12T10:00,22.7,96,0.00,3.4,6.5,72,93,7.2,22.0
2025-07-12T11:00,23.4,90,0.00,4.5,6.5,83,85,11.2,21.6
2025-07-12T12:00,24.3,84,0.00,4.9,6.9,82,84,13.3,21.5
2025-07-12T13:00,26.0,76,0.10,4.1,5.5,67,67,14.4,21.5
2025-07-12T14:00,27.7,67,0.00,4.9,6.3,84,83,16.9,21.1
2025-07-12T15:00,29.0,60,0.00,7.3,9.9,101,100,22.3,20.6
2025-07-12T16:00,29.8,57,0.00,8.9,11.9,108,108,25.9,20.4
2025-07-12T17:00,30.3,52,0.00,10.6,14.1,114,115,29.2,19.5
2025-07-12T18:00,30.6,49,0.00,10.7,14.5,107,110,30.2,18.6
2025-07-12T19:00,30.8,49,0.00,12.9,17.7,102,105,33.1,19.0
2025-07-12T20:00,30.5,52,0.00,14.8,20.5,106,109,36.4,19.5
2025-07-12T21:00,30.0,53,0.00,14.9,21.2,117,118,36.4,19.5
2025-07-12T22:00,28.6,60,0.00,13.6,19.7,118,120,35.6,20.0
2025-07-12T23:00,27.5,65,0.00,12.0,17.2,116,118,32.0,20.4
2025-07-13T00:00,26.0,72,0.00,12.1,18.4,118,121,27.7,20.6
2025-07-13T01:00,24.5,80,0.00,9.3,14.8,112,114,20.9,21.0
2025-07-13T02:00,23.6,85,0.00,10.4,17.0,118,118,22.7,21.0
2025-07-13T03:00,23.0,88,0.00,7.5,12.7,127,129,21.6,21.0
2025-07-13T04:00,22.5,91,0.00,7.1,12.8,120,125,14.8,21.0
2025-07-13T05:00,22.2,92,0.00,6.5,12.3,122,128,14.4,21.0
2025-07-13T06:00,22.2,93,0.00,4.9,9.3,123,130,12.6,21.0
2025-07-13T07:00,22.1,94,0.00,4.5,8.5,119,128,9.4,21.0
2025-07-13T08:00,22.0,94,0.00,5.8,10.2,112,120,10.8,21.0
2025-07-13T09:00,22.0,94,0.00,6.2,11.3,120,123,13.3,21.0
2025-07-13T10:00,22.0,94,0.00,4.8,8.4,105,113,12.2,21.0
2025-07-13T11:00,22.6,90,0.00,5.0,7.2,105,104,13.0,21.0
2025-07-13T12:00,23.9,82,0.00,7.0,9.6,113,113,17.3,20.6
2025-07-13T13:00,25.0,74,0.00,7.6,10.4,109,108,20.2,20.1
2025-07-13T14:00,26.7,66,0.00,7.1,9.8,120,120,21.2,19.7
2025-07-13T15:00,27.0,64,0.00,8.6,11.9,126,124,22.7,19.6
2025-07-13T16:00,28.0,62,0.00,8.7,11.9,122,122,24.8,20.0
2025-07-13T17:00,29.5,55,0.00,8.1,11.3,135,133,24.8,19.5
2025-07-13T18:00,30.2,54,0.00,9.0,11.8,123,121,25.6,19.8
2025-07-13T19:00,30.1,56,0.30,12.2,16.4,117,117,31.7,20.4
2025-07-13T20:00,30.0,58,0.00,12.3,16.9,119,121,32.8,20.8
2025-07-13T21:00,30.3,56,0.00,11.4,15.7,125,127,31.3,20.6
2025-07-13T22:00,29.6,58,0.00,12.2,16.9,119,121,29.5,20.5
2025-07-13T23:00,28.5,63,0.00,13.0,18.9,133,133,29.2,20.6
2025-07-14T00:00,27.1,69,0.00,12.8,19.4,130,133,29.9,21.0
2025-07-14T01:00,26.0,77,0.00,11.4,17.7,115,118,26.3,21.7
2025-07-14T02:00,25.2,83,0.00,12.0,19.2,127,129,25.6,22.0
2025-07-14T03:00,24.6,87,0.00,11.3,17.7,146,145,25.2,22.4
2025-07-14T04:00,24.4,88,0.10,10.5,16.5,155,153,23.0,22.2
2025-07-14T05:00,24.1,89,0.70,10.1,17.2,177,175,21.2,22.1
2025-07-14T06:00,23.8,92,0.60,9.0,16.3,181,188,19.1,22.5
2025-07-14T07:00,23.7,94,0.00,8.0,14.6,194,198,16.9,22.6
2025-07-14T08:00,23.4,95,0.00,5.4,11.9,206,211,14.4,22.6
2025-07-14T09:00,23.0,97,0.00,3.4,9.1,180,202,9.4,22.5
2025-07-14T10:00,22.8,98,0.00,4.1,10.1,193,207,7.9,22.4
2025-07-14T11:00,23.6,93,0.00,5.8,7.9,202,210,13.3,22.5
2025-07-14T12:00,25.1,84,0.00,6.0,7.9,221,223,15.8,22.2
2025-07-14T13:00,26.9,78,0.00,4.8,6.5,211,212,16.9,22.6
2025-07-14T14:00,27.6,74,0.00,5.2,7.3,207,205,16.9,22.5
2025-07-14T15:00,29.5,65,0.00,5.8,8.0,216,214,20.2,22.4
2025-07-14T16:00,30.7,59,0.00,7.6,10.3,218,215,23.4,21.9
2025-07-14T17:00,31.7,55,0.00,9.1,12.3,214,212,25.6,21.6
2025-07-14T18:00,33.1,48,0.00,9.9,13.5,222,221,26.3,20.5
2025-07-14T19:00,28.1,69,2.00,9.6,14.4,172,178,28.1,22.0
2025-07-14T20:00,29.8,63,0.10,10.8,15.1,177,181,27.7,22.0
2025-07-14T21:00,27.8,68,1.30,13.0,18.0,229,221,30.2,21.2
2025-07-14T22:00,25.8,82,2.40,9.3,12.7,304,303,29.2,22.5
2025-07-14T23:00,23.7,92,3.40,7.1,12.1,341,333,24.8,22.4
2025-07-15T00:00,23.8,94,0.20,5.7,8.6,167,180,15.1,22.8
2025-07-15T01:00,23.8,96,0.60,1.5,1.4,173,140,5.8,23.2
2025-07-15T02:00,23.7,97,1.10,5.7,9.3,118,117,10.4,23.2
2025-07-15T03:00,23.5,98,0.80,6.1,11.8,157,153,12.2,23.1
2025-07-15T04:00,23.4,97,0.20,5.6,12.3,163,170,10.8,22.9
2025-07-15T05:00,23.2,98,0.00,7.4,15.0,181,176,13.7,22.9
2025-07-15T06:00,23.1,97,0.00,2.5,7.8,240,214,13.3,22.6
2025-07-15T07:00,22.8,99,0.00,2.7,5.6,340,292,5.4,22.5
2025-07-15T08:00,22.3,99,0.00,3.0,8.3,14,355,6.1,22.1
2025-07-15T09:00,22.5,99,0.00,0.9,4.1,90,29,5.4,22.4
2025-07-15T10:00,22.2,100,0.00,1.7,4.1,328,2,3.6,22.1
2025-07-15T11:00,22.9,97,0.00,6.2,9.5,348,358,13.7,22.3
2025-07-15T12:00,23.8,90,0.00,5.4,7.4,360,3,16.2,22.0
2025-07-15T13:00,25.4,82,0.00,6.1,8.3,12,14,16.9,22.0
2025-07-15T14:00,26.6,75,0.10,5.8,7.8,9,9,17.3,21.9
2025-07-15T15:00,27.4,72,0.30,3.5,4.7,39,43,16.9,21.8
2025-07-15T16:00,28.1,69,0.30,3.4,4.7,84,81,14.8,21.8
2025-07-15T17:00,28.6,67,0.40,4.8,6.3,115,114,17.3,22.0
2025-07-15T18:00,29.1,67,0.50,4.4,5.9,128,125,18.0,22.3
2025-07-15T19:00,29.8,66,0.50,4.3,5.5,158,157,16.9,22.8
2025-07-15T20:00,29.9,68,0.10,3.7,4.8,151,153,16.2,23.2
2025-07-15T21:00,30.0,67,0.00,4.3,5.5,107,109,15.8,23.2
2025-07-15T22:00,27.7,74,0.60,8.9,11.9,114,113,20.5,22.5
2025-07-15T23:00,26.9,80,0.30,7.9,11.8,139,137,22.7,23.0
2025-07-16T00:00,26.4,84,0.00,6.6,12.6,158,156,17.6,23.4
2025-07-16T01:00,25.5,86,0.00,8.3,17.4,166,175,16.2,23.1
2025-07-16T02:00,25.0,87,0.00,8.5,17.7,192,197,16.9,22.8
2025-07-16T03:00,24.6,90,0.00,5.4,12.9,206,212,15.8,22.9
2025-07-16T04:00,24.2,92,0.00,6.5,14.7,203,209,12.6,23.0
2025-07-16T05:00,23.9,94,0.00,3.3,10.2,234,234,11.5,23.0
2025-07-16T06:00,23.6,95,0.00,4.0,10.2,252,256,6.8,22.8
2025-07-16T07:00,23.4,96,0.00,4.7,10.9,230,241,8.6,22.7
2025-07-16T08:00,23.1,97,0.00,4.6,11.2,244,255,8.3,22.6
2025-07-16T09:00,22.9,98,0.00,4.3,10.6,225,246,8.3,22.5
2025-07-16T10:00,22.8,98,0.00,4.6,10.6,231,251,8.3,22.5
2025-07-16T11:00,23.6,95,0.00,5.1,7.1,234,243,11.2,22.9
2025-07-16T12:00,25.2,87,0.00,3.6,4.8,243,241,13.3,22.9
2025-07-16T13:00,27.4,81,0.00,2.2,3.0,194,194,11.2,23.9
2025-07-16T14:00,29.2,70,0.00,4.6,6.2,189,187,15.5,23.2
2025-07-16T15:00,30.4,61,0.00,5.9,8.0,191,190,19.1,22.0
2025-07-16T16:00,31.1,58,0.10,7.1,9.6,199,200,20.9,21.9
2025-07-16T17:00,31.5,59,0.10,7.8,10.7,193,196,23.4,22.7
2025-07-16T18:00,32.1,58,0.00,7.3,10.0,191,194,22.3,22.8
2025-07-16T19:00,32.7,54,0.00,9.6,13.2,186,185,24.1,22.2
2025-07-16T20:00,30.5,63,0.30,13.6,19.6,220,218,34.6,22.6
2025-07-16T21:00,30.5,63,0.10,10.5,15.2,200,201,31.3,22.5
2025-07-16T22:00,29.9,65,0.10,9.0,13.8,206,207,29.2,22.5
2025-07-16T23:00,27.7,76,0.20,8.3,14.7,228,223,20.2,23.0
2025-07-17T00:00,27.1,80,0.10,4.4,10.5,235,233,17.6,23.4
2025-07-17T01:00,25.2,90,0.40,9.8,17.4,175,173,24.5,23.5
2025-07-17T02:00,24.6,92,0.10,15.1,27.5,215,213,30.2,23.1
2025-07-17T03:00,24.6,94,0.00,9.6,17.7,223,230,28.4,23.5
2025-07-17T04:00,24.2,94,0.30,7.4,14.8,248,249,18.4,23.2
2025-07-17T05:00,23.9,96,0.30,6.2,12.9,213,224,13.7,23.2
2025-07-17T06:00,23.5,98,0.10,5.8,13.1,200,213,11.5,23.2
2025-07-17T07:00,23.6,98,0.00,5.2,12.3,207,217,12.2,23.3
2025-07-17T08:00,23.4,99,0.00,4.5,11.5,180,203,9.7,23.1
2025-07-17T09:00,23.4,99,0.00,6.7,15.1,182,195,12.2,23.1
2025-07-17T10:00,23.6,99,0.00,7.1,16.1,190,200,12.6,23.4
2025-07-17T11:00,24.6,96,0.00,10.9,17.6,207,211,20.5,24.0
2025-07-17T12:00,25.9,91,0.00,14.8,23.4,230,232,30.2,24.3
2025-07-17T13:00,26.2,84,0.10,15.6,23.8,234,234,33.8,23.4
2025-07-17T14:00,27.9,77,0.10,14.3,21.5,245,245,39.6,23.5
2025-07-17T15:00,30.0,69,0.10,14.6,21.1,251,251,40.7,23.5
2025-07-17T16:00,31.0,62,0.00,15.9,22.9,248,248,42.8,23.0
2025-07-17T17:00,32.5,53,0.00,19.9,29.1,249,248,47.9,21.8
2025-07-17T18:00,33.3,50,0.00,19.8,29.3,243,241,49.0,21.4
2025-07-17T19:00,33.9,49,0.00,21.9,32.6,248,247,50.8,21.9
2025-07-17T20:00,33.5,52,0.00,23.2,34.9,242,244,53.6,22.1
2025-07-17T21:00,31.7,61,0.90,19.1,29.9,256,253,54.0,23.2
2025-07-17T22:00,31.0,66,0.60,16.3,25.8,247,245,45.0,23.8
2025-07-17T23:00,30.5,65,0.00,17.8,29.5,237,239,45.7,23.0
2025-07-18T00:00,29.3,70,0.00,15.2,27.5,234,238,37.4,23.3
2025-07-18T01:00,28.7,73,0.00,13.2,26.5,265,271,31.0,23.4
2025-07-18T02:00,28.9,59,0.00,16.3,31.4,286,289,33.1,20.1
2025-07-18T03:00,27.9,60,0.00,15.8,30.5,297,299,33.1,19.3
2025-07-18T04:00,27.0,59,0.00,14.3,28.8,303,304,32.4,18.4
2025-07-18T05:00,26.0,63,0.00,13.0,26.1,316,316,29.2,18.5
2025-07-18T06:00,25.2,64,0.00,13.4,26.7,321,323,27.7,17.9
2025-07-18T07:00,24.4,65,0.00,11.4,23.4,319,323,27.4,17.3
2025-07-18T08:00,23.5,67,0.00,11.5,23.0,319,325,23.4,17.1
2025-07-18T09:00,22.9,70,0.00,9.8,19.9,314,323,23.0,17.1
2025-07-18T10:00,22.1,74,0.00,8.8,18.1,311,320,19.4,17.2
2025-07-18T11:00,22.5,71,0.00,10.3,17.8,313,318,22.0,17.1
2025-07-18T12:00,22.8,65,0.00,14.2,21.8,325,326,30.6,15.9
2025-07-18T13:00,24.2,53,0.00,15.1,22.4,315,317,34.9,14.2
2025-07-18T14:00,25.0,51,0.00,13.9,19.9,319,320,35.6,14.2
2025-07-18T15:00,26.1,48,0.00,12.7,18.0,316,318,34.2,14.2
2025-07-18T16:00,27.0,45,0.00,12.5,17.3,313,314,33.1,14.0
2025-07-18T17:00,27.5,41,0.00,11.3,15.8,318,320,32.4,13.3
2025-07-18T18:00,28.5,38,0.00,11.6,15.7,314,316,30.6,12.9
2025-07-18T19:00,28.5,37,0.00,9.6,13.1,311,313,30.6,12.6
2025-07-18T20:00,29.8,35,0.00,7.7,10.5,301,305,25.9,12.6
2025-07-18T21:00,30.0,33,0.00,6.7,8.9,308,310,23.4,11.9
2025-07-18T22:00,29.9,32,0.00,7.4,9.9,311,315,20.5,11.6
2025-07-18T23:00,29.1,34,0.00,8.5,11.8,312,314,20.2,11.6
2025-07-19T00:00,27.6,39,0.00,8.4,16.2,326,331,20.2,12.2
2025-07-19T01:00,25.3,54,0.00,4.7,11.2,293,316,11.2,15.2
2025-07-19T02:00,24.1,64,0.00,3.6,9.7,307,338,9.0,16.8
2025-07-19T03:00,23.4,66,0.00,3.6,9.2,330,1,6.1,16.8
2025-07-19T04:00,22.6,69,0.00,3.0,6.6,308,347,6.1,16.6
2025-07-19T05:00,21.7,73,0.00,3.9,9.0,323,347,6.1,16.6
2025-07-19T06:00,21.4,68,0.00,5.8,14.3,2,20,10.1,15.2
2025-07-19T07:00,21.0,71,0.00,4.5,11.9,16,60,10.4,15.4
2025-07-19T08:00,20.9,73,0.00,4.9,12.2,24,61,8.6,15.9
2025-07-19T09:00,21.1,77,0.00,5.6,15.1,40,57,9.7,16.9
2025-07-19T10:00,21.6,77,0.00,7.0,16.9,67,71,12.6,17.5
2025-07-19T11:00,22.5,75,0.00,7.6,17.3,76,82,14.8,17.8
2025-07-19T12:00,24.1,69,0.00,7.6,11.9,108,108,18.0,18.1
2025-07-19T13:00,25.5,62,0.00,5.8,8.2,126,128,16.9,17.9
2025-07-19T14:00,26.9,56,0.00,8.1,11.3,156,155,22.0,17.4
2025-07-19T15:00,28.0,51,0.00,7.7,10.7,169,168,22.3,17.0
2025-07-19T16:00,27.2,60,0.40,11.2,15.7,174,174,28.1,18.6
2025-07-19T17:00,27.7,59,0.70,8.3,11.4,176,176,27.4,18.9
2025-07-19T18:00,28.7,55,0.00,7.6,10.3,187,186,22.7,18.9
2025-07-19T19:00,25.6,72,0.30,12.1,17.6,174,174,27.7,20.3
2025-07-19T20:00,25.6,73,0.30,10.0,14.5,159,160,29.2,20.5
2025-07-19T21:00,26.4,68,0.00,8.4,12.2,157,156,23.8,20.0
2025-07-19T22:00,26.0,70,0.00,11.2,16.2,158,156,25.9,20.0
2025-07-19T23:00,24.8,77,0.10,10.4,15.0,152,148,25.9,20.4
2025-07-20T00:00,23.8,82,0.00,9.7,15.0,140,137,23.8,20.5
2025-07-20T01:00,25.0,81,0.10,4.2,9.7,175,176,9.0,21.5
2025-07-20T02:00,24.5,81,0.00,8.9,16.9,167,168,17.3,21.0
2025-07-20T03:00,23.8,83,0.00,8.5,15.1,162,165,19.8,20.7
2025-07-20T04:00,23.0,87,0.00,5.7,12.7,139,151,17.3,20.8
2025-07-20T05:00,23.0,89,0.00,5.5,12.7,126,151,11.2,21.0
2025-07-20T06:00,22.7,92,0.00,4.4,12.1,125,148,10.8,21.2
2025-07-20T07:00,22.8,92,0.00,3.3,10.0,112,152,7.9,21.5
2025-07-20T08:00,22.9,93,0.10,4.0,11.3,141,167,7.6,21.8
2025-07-20T09:00,22.9,94,0.10,3.4,6.3,186,200,6.8,21.9
2025-07-20T10:00,22.5,95,0.50,3.2,5.5,128,167,6.8,21.7
2025-07-20T11:00,22.1,93,2.30,4.6,6.9,306,285,9.4,21.0
2025-07-20T12:00,21.5,98,6.30,5.7,10.1,18,348,20.9,21.2
2025-07-20T13:00,25.8,81,0.00,4.7,6.3,62,63,16.9,22.2
2025-07-20T14:00,27.2,74,0.20,3.0,4.1,343,347,15.8,22.1
2025-07-20T15:00,28.6,65,0.10,3.4,4.6,302,301,15.8,21.5
2025-07-20T16:00,30.2,57,0.00,4.0,5.2,288,284,16.2,20.6
2025-07-20T17:00,31.5,50,0.00,7.7,10.4,282,279,22.3,19.9
2025-07-20T18:00,31.8,50,0.00,11.4,15.5,285,285,30.2,20.1
2025-07-20T19:00,32.5,49,0.10,10.8,15.0,265,266,29.9,20.4
2025-07-20T20:00,33.0,46,0.00,12.5,17.3,274,272,32.0,19.9
2025-07-20T21:00,32.8,44,0.00,14.7,21.0,281,279,35.3,19.1
2025-07-20T22:00,31.4,49,0.30,16.2,24.3,293,290,37.4,19.2
2025-07-20T23:00,30.7,52,0.00,13.9,21.6,303,301,35.3,19.9
2025-07-21T00:00,29.8,56,0.00,12.0,21.9,302,303,29.5,20.0
2025-07-21T01:00,28.3,64,0.00,15.1,27.0,298,298,31.7,20.9
2025-07-21T02:00,27.1,68,0.00,13.3,24.5,308,311,31.0,20.9
2025-07-21T03:00,26.1,73,0.00,14.3,26.7,325,329,28.8,20.9
2025-07-21T04:00,25.4,73,0.00,13.4,25.2,334,338,29.9,20.3
2025-07-21T05:00,24.5,74,0.00,11.1,21.9,330,335,27.4,19.6
2025-07-21T06:00,23.5,76,0.00,11.0,22.0,326,331,22.3,19.0
2025-07-21T07:00,22.6,77,0.00,10.3,20.9,327,332,22.0,18.5
2025-07-21T08:00,21.8,80,0.00,9.6,19.9,322,329,20.5,18.1
2025-07-21T09:00,21.0,82,0.00,8.8,19.2,319,328,18.7,18.0
2025-07-21T10:00,20.5,85,0.00,9.2,19.8,320,328,17.6,17.9
2025-07-21T11:00,21.5,79,0.00,9.8,18.1,325,330,21.6,17.6
2025-07-21T12:00,23.2,71,0.00,9.3,14.2,324,328,22.0,17.8
2025-07-21T13:00,25.9,59,0.00,9.8,14.4,332,334,25.6,17.3
2025-07-21T14:00,28.0,46,0.00,9.4,13.2,329,332,25.9,15.1
2025-07-21T15:00,29.6,38,0.00,11.9,16.5,331,333,31.0,13.9
2025-07-21T16:00,30.3,36,0.00,12.7,17.5,329,331,33.8,13.4
2025-07-21T17:00,31.0,33,0.00,11.5,15.6,330,331,33.8,13.0
2025-07-21T18:00,31.9,29,0.00,12.2,16.6,333,333,32.4,11.9
2025-07-21T19:00,32.2,28,0.00,15.2,20.9,331,333,37.4,11.4
2025-07-21T20:00,31.8,29,0.00,17.7,24.7,330,331,42.1,11.5
2025-07-21T21:00,31.0,30,0.00,15.7,22.2,330,331,42.5,11.3
2025-07-21T22:00,30.4,30,0.00,15.1,21.6,335,335,37.4,11.1
2025-07-21T23:00,28.6,34,0.00,16.8,24.5,351,350,37.4,11.4
2025-07-22T00:00,27.0,38,0.00,16.0,25.6,359,360,37.4,11.3
2025-07-22T01:00,25.8,45,0.00,12.6,21.9,13,12,29.9,12.9
2025-07-22T02:00,24.9,47,0.00,11.4,21.1,11,14,25.9,12.9
2025-07-22T03:00,23.8,52,0.00,11.2,20.7,10,13,23.4,13.3
2025-07-22T04:00,22.8,54,0.00,10.9,21.0,19,24,22.3,12.9
2025-07-22T05:00,22.1,54,0.00,11.1,22.1,25,31,22.0,12.4
2025-07-22T06:00,21.7,53,0.00,12.0,23.2,26,31,23.8,11.7
2025-07-22T07:00,21.0,53,0.00,12.3,23.8,29,32,25.6,11.0
2025-07-22T08:00,20.3,54,0.00,11.6,22.8,30,35,24.5,10.6
2025-07-22T09:00,19.8,56,0.00,10.3,20.8,35,41,23.4,10.6
2025-07-22T10:00,19.4,56,0.00,9.7,20.0,35,44,20.2,10.3
2025-07-22T11:00,20.1,52,0.00,9.3,18.5,34,41,20.2,9.9
2025-07-22T12:00,21.5,48,0.00,10.8,16.4,43,45,25.9,9.9
2025-07-22T13:00,22.9,53,0.00,11.1,16.0,53,55,27.7,12.6
2025-07-22T14:00,24.5,51,0.00,10.8,15.4,69,71,28.8,13.8
2025-07-22T15:00,26.0,47,0.00,9.0,12.4,90,88,28.8,13.8
2025-07-22T16:00,25.9,47,0.00,10.3,14.3,97,96,29.5,13.7
2025-07-22T17:00,25.8,49,0.00,11.2,15.4,106,106,31.3,14.3
2025-07-22T18:00,25.7,48,0.00,10.5,14.2,107,106,31.0,13.9
2025-07-22T19:00,26.8,44,0.00,7.8,10.4,113,113,28.8,13.4
2025-07-22T20:00,27.6,40,0.00,4.0,5.6,100,107,24.1,12.9
2025-07-22T21:00,27.2,40,0.00,3.8,5.1,71,80,17.6,12.4
2025-07-22T22:00,26.6,42,0.00,6.8,9.1,79,82,18.7,12.6
2025-07-22T23:00,25.9,45,0.00,8.8,12.4,102,104,21.6,12.9
2025-07-23T00:00,24.9,49,0.00,10.6,16.2,113,117,23.4,13.4
2025-07-23T01:00,23.0,61,0.00,8.9,15.9,126,128,19.4,15.1
2025-07-23T02:00,22.3,65,0.00,6.6,14.1,135,136,18.0,15.4
2025-07-23T03:00,21.8,68,0.00,6.0,13.7,151,152,12.6,15.6
2025-07-23T04:00,21.1,72,0.00,5.5,14.5,163,166,11.2,15.9
2025-07-23T05:00,20.5,81,0.00,3.0,10.6,166,171,9.7,17.0
2025-07-23T06:00,20.2,81,0.00,0.2,4.9,360,174,4.7,16.9
2025-07-23T07:00,19.6,84,0.00,0.9,3.3,349,209,2.5,16.8
2025-07-23T08:00,19.0,87,0.00,3.1,3.6,353,303,5.8,16.7
2025-07-23T09:00,18.4,90,0.00,1.4,3.9,90,152,5.4,16.8
2025-07-23T10:00,18.0,91,0.00,3.5,3.1,24,45,6.5,16.6
2025-07-23T11:00,19.5,84,0.00,4.2,5.0,47,75,9.0,16.7
2025-07-23T12:00,22.4,71,0.00,2.9,4.9,43,57,11.2,16.8
2025-07-23T13:00,23.9,66,0.00,2.5,3.5,120,118,12.6,17.0
2025-07-23T14:00,25.5,54,0.00,4.8,6.4,155,155,17.3,15.6
2025-07-23T15:00,27.1,46,0.00,5.3,7.0,172,170,19.8,14.7
2025-07-23T16:00,28.1,42,0.00,5.2,7.0,180,179,19.8,14.0
2025-07-23T17:00,29.0,38,0.00,5.2,7.0,182,181,19.8,13.4
2025-07-23T18:00,29.4,36,0.00,6.0,8.0,189,189,19.8,12.9
2025-07-23T19:00,30.0,33,0.00,3.0,4.2,205,205,19.8,12.2
2025-07-23T20:00,30.2,32,0.00,2.9,3.8,169,169,14.0,11.9
2025-07-23T21:00,29.9,33,0.00,2.7,3.5,152,156,14.4,11.9
2025-07-23T22:00,30.0,33,0.00,3.3,4.4,186,192,13.0,12.0
2025-07-23T23:00,29.3,34,0.00,6.7,9.4,153,160,14.8,11.9
2025-07-24T00:00,27.1,42,0.00,13.1,21.6,161,167,25.9,13.2
2025-07-24T01:00,25.0,53,0.00,14.6,25.8,166,173,27.0,14.6
2025-07-24T02:00,22.6,55,0.00,13.2,24.7,178,182,34.9,13.1
2025-07-24T03:00,22.0,57,0.00,11.6,23.0,184,189,26.6,13.2
2025-07-24T04:00,21.5,61,0.00,9.3,20.1,190,195,23.0,13.6
2025-07-24T05:00,21.0,64,0.00,8.4,18.4,187,197,18.4,13.9
2025-07-24T06:00,20.5,67,0.00,7.3,17.4,189,198,15.8,14.3
2025-07-24T07:00,20.1,70,0.00,6.7,16.7,199,208,13.7,14.6
2025-07-24T08:00,19.8,73,0.00,5.9,15.6,207,215,12.2,14.9
2025-07-24T09:00,19.6,75,0.00,5.6,15.0,209,219,10.8,15.1
2025-07-24T10:00,19.5,76,0.00,5.5,14.6,216,226,10.1,15.2
2025-07-24T11:00,20.5,74,0.00,7.1,17.1,189,220,13.3,15.7
2025-07-24T12:00,22.5,67,0.00,6.1,10.6,220,223,16.6,16.2
2025-07-24T13:00,24.5,64,0.00,6.9,10.2,221,224,19.4,17.2
2025-07-24T14:00,26.8,58,0.00,8.8,12.5,224,225,23.8,17.8
2025-07-24T15:00,28.9,52,0.00,11.3,15.8,234,235,28.4,18.0
2025-07-24T16:00,30.5,46,0.00,13.1,18.4,245,241,34.2,17.5
2025-07-24T17:00,30.0,47,0.00,11.8,16.8,232,232,32.8,17.6
2025-07-24T18:00,31.2,45,0.00,12.5,17.7,230,229,31.7,17.8
2025-07-24T19:00,31.3,44,0.00,12.6,18.1,226,227,31.0,17.7
2025-07-24T20:00,32.8,40,0.00,12.4,17.7,236,235,32.0,17.3
2025-07-24T21:00,32.9,38,0.00,13.2,18.9,238,237,31.0,16.9
2025-07-24T22:00,32.5,41,0.00,14.3,20.7,231,232,32.0,17.5
2025-07-24T23:00,31.3,45,0.00,13.7,21.7,226,229,33.1,18.1
2025-07-25T00:00,30.0,50,0.00,12.0,21.4,212,215,29.2,18.5
2025-07-25T01:00,27.9,61,0.00,11.5,22.4,207,209,28.4,19.8
2025-07-25T02:00,27.0,66,0.00,14.9,27.3,216,219,30.6,20.1
2025-07-25T03:00,26.0,70,0.00,13.1,24.3,213,215,30.6,20.2
2025-07-25T04:00,25.0,73,0.00,12.2,23.0,209,214,26.3,19.9
2025-07-25T05:00,24.5,76,0.00,11.4,22.6,217,220,24.5,20.0
2025-07-25T06:00,24.4,77,0.00,11.5,22.6,228,230,23.4,20.1
2025-07-25T07:00,24.3,78,0.00,11.1,22.3,234,237,22.3,20.2
2025-07-25T08:00,24.1,79,0.00,10.8,21.7,237,241,22.0,20.1
2025-07-25T09:00,23.9,81,0.00,10.5,21.6,232,237,21.2,20.3
2025-07-25T10:00,23.5,83,0.00,9.4,19.9,235,238,20.5,20.4
2025-07-25T11:00,24.3,80,0.00,8.8,20.9,237,243,19.8,20.6
2025-07-25T12:00,26.0,73,0.00,9.3,14.5,234,238,22.3,20.8
2025-07-25T13:00,28.0,68,0.00,9.8,14.2,238,240,24.5,21.6
2025-07-25T14:00,30.4,61,0.00,10.4,14.7,240,242,27.0,22.0
2025-07-25T15:00,32.7,54,0.00,10.9,15.4,251,251,28.8,22.2
2025-07-25T16:00,34.2,51,0.00,11.9,16.5,265,262,33.1,22.5
2025-07-25T17:00,35.4,46,0.00,14.7,20.6,278,275,36.4,22.1
2025-07-25T18:00,35.9,40,0.00,15.3,21.8,269,269,38.5,20.3
2025-07-25T19:00,36.2,35,0.50,20.3,28.9,283,280,44.3,18.5
2025-07-25T20:00,30.5,65,1.30,12.8,18.7,326,330,45.4,23.1
2025-07-25T21:00,31.5,63,0.00,11.2,15.8,266,271,30.2,23.6
2025-07-25T22:00,30.8,65,0.20,13.7,20.3,279,280,31.3,23.4
2025-07-25T23:00,30.6,63,0.00,10.0,15.1,277,278,29.9,22.9
2025-07-26T00:00,29.7,67,0.00,10.2,18.8,280,285,22.3,23.0
2025-07-26T01:00,26.8,79,0.00,8.8,17.2,281,290,18.4,22.8
2025-07-26T02:00,26.4,80,0.00,9.7,19.7,285,294,19.4,22.6
2025-07-26T03:00,26.3,80,0.00,9.4,20.1,299,306,19.4,22.5
2025-07-26T04:00,26.4,79,0.00,9.2,20.2,313,323,18.7,22.5
2025-07-26T05:00,25.9,78,0.00,8.5,19.9,336,344,18.4,21.9
2025-07-26T06:00,25.2,78,0.00,8.9,20.6,346,356,16.9,21.1
2025-07-26T07:00,24.7,79,0.00,8.8,20.2,2,11,17.6,20.8
2025-07-26T08:00,24.1,81,0.00,7.9,18.6,13,20,16.9,20.7
2025-07-26T09:00,23.7,82,0.00,8.1,18.5,21,28,15.5,20.4
2025-07-26T10:00,23.4,83,0.00,8.6,19.4,33,38,16.2,20.3
2025-07-26T11:00,23.9,82,0.00,8.7,18.2,42,45,18.7,20.6
2025-07-26T12:00,25.0,76,0.00,9.5,14.7,57,57,21.2,20.5
2025-07-26T13:00,26.4,63,0.00,11.6,17.1,72,72,27.0,18.8
2025-07-26T14:00,27.4,56,0.00,12.1,17.5,92,91,29.2,17.8
2025-07-26T15:00,28.0,53,0.00,12.8,18.1,109,107,31.0,17.4
2025-07-26T16:00,28.4,50,0.00,13.3,18.6,118,117,33.1,16.9
2025-07-26T17:00,28.6,47,0.00,12.9,18.0,123,122,33.8,16.1
2025-07-26T18:00,29.1,44,0.00,10.8,14.9,132,133,32.8,15.6
2025-07-26T19:00,29.3,43,0.00,12.0,16.8,141,141,30.2,15.6
2025-07-26T20:00,29.1,43,0.00,11.3,15.8,143,143,31.0,15.1
2025-07-26T21:00,29.0,41,0.00,11.1,15.6,138,139,28.4,14.6
2025-07-26T22:00,27.8,43,0.00,11.8,17.6,136,137,27.0,14.1
2025-07-26T23:00,26.6,47,0.00,11.5,18.1,135,137,26.6,14.4
2025-07-27T00:00,25.4,53,0.00,10.3,19.2,133,135,24.1,15.2
2025-07-27T01:00,24.0,62,0.00,9.4,18.5,140,142,19.4,16.3
2025-07-27T02:00,23.5,66,0.00,7.6,15.1,135,141,19.4,16.9
2025-07-27T03:00,22.8,72,0.00,7.2,14.9,155,159,15.5,17.5
2025-07-27T04:00,22.4,77,0.00,7.1,15.6,153,158,15.1,18.1
2025-07-27T05:00,22.0,81,0.00,4.5,12.1,180,181,14.0,18.5
2025-07-27T06:00,21.8,82,0.00,5.8,13.7,171,181,10.8,18.6
2025-07-27T07:00,21.6,84,0.00,5.1,13.1,198,201,11.2,18.8
2025-07-27T08:00,21.7,85,0.00,4.7,11.5,196,200,10.4,19.0
2025-07-27T09:00,21.6,86,0.20,4.8,10.5,169,193,9.4,19.1
2025-07-27T10:00,21.5,87,0.20,4.0,10.4,180,197,11.5,19.2
2025-07-27T11:00,22.0,85,0.20,8.6,16.4,195,204,15.8,19.5
2025-07-27T12:00,23.2,82,0.00,8.1,12.5,186,191,20.9,20.0
2025-07-27T13:00,24.2,81,0.00,12.6,17.8,205,206,27.0,20.8
2025-07-27T14:00,25.2,79,0.00,13.5,19.9,218,217,29.5,21.2
2025-07-27T15:00,26.3,76,0.00,13.8,20.1,215,214,31.3,21.8
2025-07-27T16:00,27.1,75,0.10,14.5,21.2,219,218,32.0,22.4
2025-07-27T17:00,28.6,70,0.00,11.7,17.3,225,223,32.4,22.5
2025-07-27T18:00,30.1,64,0.00,12.5,18.1,238,238,33.1,22.7
2025-07-27T19:00,29.0,65,0.50,17.6,25.3,252,251,36.0,21.9
2025-07-27T20:00,26.7,80,0.40,9.8,15.5,232,234,39.6,23.0
2025-07-27T21:00,26.6,84,6.00,1.5,2.2,330,294,22.0,23.6
2025-07-27T22:00,26.6,85,0.10,7.5,10.4,165,160,20.5,23.9
2025-07-27T23:00,26.7,86,0.20,7.1,10.3,236,237,17.3,24.1
2025-07-28T00:00,26.1,89,0.00,9.1,16.7,249,245,18.0,24.2
2025-07-28T01:00,25.8,90,0.00,11.3,23.6,228,234,20.9,24.0
2025-07-28T02:00,25.8,90,0.00,10.2,21.8,256,260,21.2,23.9
2025-07-28T03:00,25.3,91,0.00,9.6,20.2,264,272,18.7,23.7
2025-07-28T04:00,25.0,92,0.00,10.4,22.1,290,295,19.1,23.5
2025-07-28T05:00,25.0,90,0.00,10.9,23.7,320,327,21.2,23.2
2025-07-28T06:00,24.5,87,0.00,8.7,20.7,322,333,20.5,22.2
2025-07-28T07:00,23.8,87,0.00,8.7,20.3,320,330,15.8,21.5
2025-07-28T08:00,23.1,88,0.00,8.0,19.3,318,330,15.8,21.0
2025-07-28T09:00,22.7,88,0.00,7.5,18.5,323,336,14.8,20.5
2025-07-28T10:00,22.4,88,0.00,6.5,17.3,318,337,13.3,20.3
2025-07-28T11:00,23.4,85,0.00,7.0,15.8,310,334,13.0,20.6
2025-07-28T12:00,25.1,79,0.00,6.0,11.1,303,324,14.8,21.2
2025-07-28T13:00,27.5,73,0.00,8.0,11.9,314,319,20.5,22.1
2025-07-28T14:00,29.5,63,0.00,7.7,10.7,323,327,22.3,21.8
2025-07-28T15:00,31.1,54,0.00,4.3,6.1,332,337,20.9,20.9
2025-07-28T16:00,32.0,50,0.00,4.1,5.5,322,328,15.8,20.3
2025-07-28T17:00,33.0,47,0.00,6.8,8.9,305,310,20.2,20.3
2025-07-28T18:00,33.7,45,0.00,8.6,11.5,311,314,23.4,19.9
2025-07-28T19:00,34.2,42,0.00,8.3,10.9,309,314,23.4,19.6
2025-07-28T20:00,34.4,41,0.00,8.5,11.4,316,319,23.0,19.4
2025-07-28T21:00,34.2,41,0.00,9.7,13.3,318,322,23.4,19.2
2025-07-28T22:00,33.8,43,0.00,9.4,13.7,328,332,23.8,19.5
2025-07-28T23:00,33.0,45,0.00,9.5,16.3,345,350,22.0,19.6
2025-07-29T00:00,30.8,55,0.00,6.1,15.5,3,8,20.9,20.9
2025-07-29T01:00,29.9,65,0.00,3.4,10.6,328,351,6.1,22.5
2025-07-29T02:00,28.5,70,0.00,3.9,9.5,292,335,5.8,22.4
2025-07-29T03:00,27.2,74,0.00,4.5,12.3,299,325,7.9,22.2
2025-07-29T04:00,26.5,79,0.00,3.2,10.1,313,340,7.6,22.5
2025-07-29T05:00,26.0,80,0.00,1.4,8.0,320,6,4.7,22.4
2025-07-29T06:00,25.5,83,0.00,0.8,3.1,243,10,2.2,22.4
2025-07-29T07:00,24.5,88,0.00,3.1,4.5,246,268,5.0,22.3
2025-07-29T08:00,23.9,90,0.00,3.8,8.0,275,278,6.1,22.1
2025-07-29T09:00,23.5,90,0.00,4.4,11.9,297,297,8.3,21.9
2025-07-29T10:00,23.0,92,0.00,3.9,10.7,292,301,7.6,21.5
2025-07-29T11:00,24.1,86,0.00,5.1,11.5,274,299,10.1,21.5
2025-07-29T12:00,26.2,79,0.00,3.0,10.7,245,292,10.1,22.2
2025-07-29T13:00,28.8,68,0.00,2.8,5.7,288,294,11.2,22.4
2025-07-29T14:00,32.5,51,0.00,5.4,7.6,276,277,16.6,21.0
2025-07-29T15:00,34.3,41,0.00,7.0,9.6,273,273,21.2,19.1
2025-07-29T16:00,35.7,37,0.00,6.9,9.0,275,275,21.6,18.6
2025-07-29T17:00,36.7,34,0.00,7.6,9.9,273,272,23.0,18.4
2025-07-29T18:00,37.5,32,0.00,8.9,11.7,276,274,25.6,17.9
2025-07-29T19:00,37.8,31,0.00,9.5,12.6,272,270,26.3,17.7
2025-07-29T20:00,37.5,30,0.00,10.1,13.7,266,265,26.3,17.1
2025-07-29T21:00,37.3,30,0.00,10.2,14.3,278,276,27.0,17.1
2025-07-29T22:00,36.5,30,0.00,8.6,12.1,300,302,25.6,16.4
2025-07-29T23:00,35.7,33,0.00,7.1,10.7,294,293,20.2,17.0
2025-07-30T00:00,33.5,42,0.00,4.7,12.1,288,285,15.8,18.9
2025-07-30T01:00,31.2,60,0.00,3.3,9.1,257,260,7.6,22.5
2025-07-30T02:00,30.5,57,0.00,5.3,15.1,282,278,9.7,21.0
2025-07-30T03:00,29.2,66,0.00,4.2,13.1,265,279,10.1,22.2
2025-07-30T04:00,28.1,69,0.00,3.7,10.1,215,245,6.8,22.0
2025-07-30T05:00,27.3,73,0.00,4.5,12.1,223,243,7.9,22.0
2025-07-30T06:00,26.6,76,0.00,4.5,13.5,256,268,8.3,22.0
2025-07-30T07:00,26.0,77,0.00,4.3,13.0,268,281,7.9,21.6
2025-07-30T08:00,25.4,79,0.00,3.5,10.5,258,286,7.2,21.4
2025-07-30T09:00,25.0,77,0.00,4.8,13.4,259,281,8.6,20.5
2025-07-30T10:00,24.8,76,0.00,5.5,16.1,287,298,9.4,20.2
2025-07-30T11:00,26.0,70,0.00,5.9,14.3,284,305,10.8,20.0
2025-07-30T12:00,28.1,62,0.00,3.1,8.0,263,301,10.4,20.2
2025-07-30T13:00,30.0,61,0.00,1.9,2.9,343,353,11.2,21.5
2025-07-30T14:00,31.8,53,0.00,1.7,2.3,148,135,11.2,21.0
2025-07-30T15:00,33.8,43,0.00,5.0,6.6,193,191,18.0,19.4
2025-07-30T16:00,35.3,38,0.00,7.4,9.9,214,213,24.1,18.8
2025-07-30T17:00,36.2,36,0.00,10.4,14.1,219,218,28.8,18.5
2025-07-30T18:00,36.4,35,0.00,11.1,15.5,227,227,30.2,18.6
2025-07-30T19:00,36.5,34,0.00,11.3,15.9,213,214,30.2,18.4
2025-07-30T20:00,36.9,34,0.00,11.9,16.6,207,209,31.3,18.4
2025-07-30T21:00,34.8,38,0.30,13.7,19.4,237,234,35.3,18.2
2025-07-30T22:00,34.7,38,0.10,9.9,13.6,312,307,31.7,18.2
2025-07-30T23:00,33.0,43,0.00,10.9,15.5,306,308,25.2,19.0
2025-07-31T00:00,31.8,49,0.00,6.9,12.6,343,349,24.1,19.8
2025-07-31T01:00,29.2,55,0.00,3.8,10.3,49,52,15.1,19.4
2025-07-31T02:00,28.8,60,0.00,2.7,5.7,148,136,7.2,20.2
2025-07-31T03:00,28.3,59,0.00,4.0,9.2,162,157,7.6,19.5
2025-07-31T04:00,27.4,66,0.00,3.3,10.8,167,162,8.3,20.5
2025-07-31T05:00,27.0,66,0.00,4.7,13.4,187,197,7.9,20.2
2025-07-31T06:00,26.6,74,0.00,6.6,15.7,209,219,12.6,21.6
2025-07-31T07:00,26.0,81,0.00,7.1,15.3,210,221,13.7,22.4
2025-07-31T08:00,25.4,85,0.00,3.5,9.7,242,254,13.3,22.7
2025-07-31T09:00,25.0,87,0.00,5.4,10.7,200,228,10.4,22.7
2025-07-31T10:00,24.7,91,0.00,0.6,5.6,162,220,9.7,23.0
2025-07-31T11:00,25.3,86,0.00,2.4,2.2,73,76,7.6,22.9
2025-07-31T12:00,27.0,78,0.00,1.9,2.4,112,107,9.7,22.9
2025-07-31T13:00,28.5,74,0.00,3.0,3.9,115,114,12.6,23.4
2025-07-31T14:00,29.9,68,0.00,4.1,5.7,105,101,19.4,23.3
2025-07-31T15:00,31.1,63,0.00,5.6,7.4,84,91,22.0,23.3
2025-07-31T16:00,31.8,58,0.20,4.3,6.0,88,99,20.9,22.6
2025-07-31T17:00,27.2,76,5.60,16.7,22.6,311,320,33.5,22.5
2025-07-31T18:00,24.5,91,6.10,7.4,18.6,13,13,39.2,23.0
2025-07-31T19:00,26.1,84,0.70,9.8,14.1,44,47,25.2,23.1
2025-07-31T20:00,27.6,78,0.10,8.6,12.1,68,73,24.8,23.5
2025-07-31T21:00,26.0,85,0.30,7.2,10.0,6,21,23.4,23.2
2025-07-31T22:00,24.9,88,0.50,9.0,13.2,16,26,21.6,22.8
2025-07-31T23:00,24.5,89,0.60,11.2,18.3,21,26,23.0,22.5
2025-08-01T00:00,23.0,92,0.80,17.8,28.6,20,23,34.2,21.6
2025-08-01T01:00,19.9,88,0.20,21.2,36.8,35,36,43.2,17.9
2025-08-01T02:00,19.7,88,0.00,18.9,33.5,39,40,43.2,17.6
2025-08-01T03:00,19.9,86,0.10,17.1,30.0,43,45,39.2,17.4
2025-08-01T04:00,19.7,85,0.10,18.1,31.2,43,45,37.4,17.1
2025-08-01T05:00,19.4,85,0.00,17.8,30.7,40,42,38.5,16.8
2025-08-01T06:00,19.0,87,0.00,15.3,26.4,28,31,37.1,16.7
2025-08-01T07:00,18.5,86,0.10,14.7,24.9,18,22,31.3,16.2
2025-08-01T08:00,18.3,86,0.10,15.9,27.8,28,30,31.7,15.9
2025-08-01T09:00,18.0,85,0.00,15.8,27.3,27,30,32.4,15.5
2025-08-01T10:00,17.8,86,0.00,13.3,23.3,25,28,32.0,15.3
2025-08-01T11:00,17.9,84,0.00,12.6,21.7,28,31,27.0,15.1
2025-08-01T12:00,18.4,81,0.00,17.2,27.6,38,37,33.8,15.1
2025-08-01T13:00,18.2,85,0.00,15.0,23.6,29,29,30.2,15.6
2025-08-01T14:00,19.5,78,0.00,16.9,25.2,38,37,38.5,15.6
2025-08-01T15:00,20.0,77,0.00,15.0,22.0,40,39,36.4,15.8
2025-08-01T16:00,20.8,74,0.00,13.5,19.6,38,38,33.1,16.1
2025-08-01T17:00,21.5,73,0.10,12.2,17.7,37,38,31.0,16.5
2025-08-01T18:00,22.0,71,0.10,10.9,15.8,29,30,28.8,16.5
2025-08-01T19:00,22.8,68,0.00,10.1,14.6,39,38,27.0,16.5
2025-08-01T20:00,23.0,65,0.00,9.1,13.1,41,42,24.5,16.2
2025-08-01T21:00,22.5,70,0.10,11.0,16.2,34,35,24.5,16.6
2025-08-01T22:00,21.7,75,0.20,10.7,16.0,40,38,25.6,17.0
2025-08-01T23:00,21.5,76,0.00,7.6,11.7,62,58,23.0,17.0
2025-08-02T00:00,21.0,80,0.00,4.5,10.4,56,53,15.8,17.5
2025-08-02T01:00,20.6,79,0.00,0.7,4.8,104,105,4.7,16.8
2025-08-02T02:00,19.9,83,0.00,0.7,1.4,284,23,1.8,16.9
2025-08-02T03:00,19.0,87,0.00,3.5,7.2,325,348,6.1,16.8
2025-08-02T04:00,18.5,88,0.00,4.7,11.7,337,357,8.3,16.5
2025-08-02T05:00,18.0,90,0.00,5.0,12.8,325,338,9.0,16.3
2025-08-02T06:00,17.5,92,0.00,5.1,14.8,318,318,9.0,16.1
2025-08-02T07:00,17.1,93,0.00,5.7,16.4,332,334,10.1,15.9
2025-08-02T08:00,17.0,90,0.00,6.3,17.3,355,1,11.2,15.3
2025-08-02T09:00,16.5,84,0.00,7.5,18.2,345,360,13.0,13.9
2025-08-02T10:00,16.0,79,0.00,8.8,21.5,360,12,16.2,12.3
2025-08-02T11:00,16.6,76,0.00,9.3,20.4,8,16,16.6,12.4
2025-08-02T12:00,18.1,73,0.00,7.8,18.8,22,23,17.6,13.3
2025-08-02T13:00,20.1,69,0.00,6.0,9.3,21,22,16.2,14.2
2025-08-02T14:00,21.7,65,0.00,6.8,10.0,27,26,19.4,14.9
2025-08-02T15:00,23.0,62,0.00,7.3,10.2,30,31,21.2,15.4
2025-08-02T16:00,24.1,57,0.00,7.5,10.6,50,48,22.0,15.1
2025-08-02T17:00,24.9,52,0.00,8.3,11.2,60,58,23.0,14.5
2025-08-02T18:00,25.4,49,0.00,6.9,9.3,60,58,23.0,14.0
2025-08-02T19:00,25.4,48,0.00,6.1,8.3,50,49,20.2,13.4
2025-08-02T20:00,25.0,45,0.00,6.2,8.1,46,47,18.7,12.2
2025-08-02T21:00,24.9,44,0.00,5.2,6.7,78,76,18.0,11.9
2025-08-02T22:00,24.5,48,0.00,5.9,8.6,142,139,14.0,12.6
2025-08-02T23:00,23.5,59,0.00,5.2,10.9,174,174,13.3,15.0
2025-08-03T00:00,22.0,67,0.00,5.1,13.1,157,167,10.1,15.6
2025-08-03T01:00,21.3,72,0.00,4.5,10.6,173,182,7.6,16.1
2025-08-03T02:00,19.9,79,0.00,4.7,13.2,171,185,9.7,16.1
2025-08-03T03:00,19.1,81,0.00,4.3,12.0,222,223,8.3,15.9
2025-08-03T04:00,18.4,85,0.00,4.1,11.1,236,238,7.2,15.8
2025-08-03T05:00,17.6,88,0.00,3.7,10.6,219,238,6.5,15.6
2025-08-03T06:00,17.3,88,0.00,1.9,9.1,236,249,5.8,15.4
2025-08-03T07:00,16.5,92,0.00,1.1,5.1,9,297,2.9,15.2
2025-08-03T08:00,15.9,95,0.00,1.5,5.4,14,2,2.9,15.1
2025-08-03T09:00,15.4,96,0.00,3.4,10.4,16,30,5.0,14.8
2025-08-03T10:00,15.3,93,0.00,4.5,14.0,14,33,7.6,14.2
2025-08-03T11:00,16.5,85,0.00,6.6,15.5,17,29,11.2,13.9
2025-08-03T12:00,18.6,79,0.00,5.0,15.1,2,27,12.6,15.0
2025-08-03T13:00,21.0,68,0.00,3.1,7.7,28,30,11.2,14.9
2025-08-03T14:00,23.3,54,0.00,5.1,7.5,48,46,15.8,13.4
2025-08-03T15:00,24.8,46,0.00,6.4,8.9,58,56,19.1,12.4
2025-08-03T16:00,25.6,43,0.00,6.9,9.4,65,64,20.5,12.1
2025-08-03T17:00,26.2,41,0.00,6.2,8.4,75,71,20.5,12.1
2025-08-03T18:00,26.8,40,0.00,5.6,7.6,90,87,19.4,12.2
2025-08-03T19:00,27.0,40,0.00,5.0,6.6,105,101,18.4,12.4
2025-08-03T20:00,27.1,40,0.00,4.6,5.9,111,108,17.3,12.6
2025-08-03T21:00,27.2,41,0.00,3.8,4.8,131,124,15.5,12.7
2025-08-03T22:00,26.9,42,0.00,4.2,5.3,155,152,13.0,12.9
2025-08-03T23:00,25.5,52,0.00,6.5,13.8,194,194,13.0,14.8
2025-08-04T00:00,23.0,61,0.00,5.6,15.2,182,185,13.3,15.1
2025-08-04T01:00,22.0,62,0.00,5.8,15.5,173,176,10.4,14.3
2025-08-04T02:00,20.6,67,0.00,4.9,13.6,186,191,10.1,14.3
2025-08-04T03:00,19.9,68,0.00,4.9,13.8,216,217,7.6,13.9
2025-08-04T04:00,19.0,71,0.00,5.2,15.3,239,240,8.3,13.6
2025-08-04T05:00,18.5,73,0.00,3.9,13.2,248,253,7.9,13.6
2025-08-04T06:00,18.1,74,0.00,2.7,10.8,274,272,5.4,13.4
2025-08-04T07:00,17.5,78,0.00,3.0,8.1,205,249,4.3,13.6
2025-08-04T08:00,17.0,81,0.00,2.4,7.0,228,266,5.0,13.8
2025-08-04T09:00,16.3,85,0.00,3.3,6.8,221,241,4.7,13.9
2025-08-04T10:00,15.8,89,0.00,2.8,8.1,243,249,5.4,13.9
2025-08-04T11:00,16.6,89,0.00,5.0,9.3,272,279,8.3,14.7
2025-08-04T12:00,18.9,82,0.00,2.4,7.6,243,284,9.4,15.8
2025-08-04T13:00,21.1,73,0.00,1.9,3.5,253,294,10.8,16.0
2025-08-04T14:00,24.4,60,0.00,1.2,2.0,309,333,10.8,16.1
2025-08-04T15:00,27.0,51,0.00,2.3,3.5,18,12,12.2,15.9
2025-08-04T16:00,28.6,43,0.00,1.9,2.6,17,16,13.0,14.9
2025-08-04T17:00,29.8,40,0.00,1.7,2.4,13,13,12.2,14.6
2025-08-04T18:00,30.7,37,0.00,0.4,0.6,297,342,12.2,14.4
2025-08-04T19:00,31.1,35,0.00,1.7,2.1,238,232,11.9,13.6
2025-08-04T20:00,31.3,33,0.00,3.1,3.9,257,257,13.0,13.0
2025-08-04T21:00,31.1,31,0.00,3.7,4.7,293,293,13.0,12.1
2025-08-04T22:00,30.4,33,0.00,5.8,8.4,290,290,13.3,12.1
2025-08-04T23:00,29.1,39,0.00,8.5,17.9,297,302,17.3,13.6
2025-08-05T00:00,26.1,56,0.00,5.1,14.5,309,319,17.3,16.6
2025-08-05T01:00,25.1,57,0.00,0.9,7.4,11,347,14.8,15.9
2025-08-05T02:00,23.5,62,0.00,4.2,9.2,173,184,6.8,15.9
2025-08-05T03:00,22.3,68,0.00,6.6,16.8,209,217,13.0,16.0
2025-08-05T04:00,20.9,78,0.00,3.4,10.5,198,218,12.2,16.9
2025-08-05T05:00,20.2,81,0.00,3.5,9.3,195,221,5.4,16.9
2025-08-05T06:00,19.8,83,0.00,3.0,8.1,213,233,5.4,16.8
2025-08-05T07:00,19.4,85,0.00,2.1,7.0,250,247,4.7,16.8
2025-08-05T08:00,18.7,88,0.00,1.4,3.8,320,289,3.2,16.7
2025-08-05T09:00,18.1,91,0.00,1.8,4.2,354,7,3.2,16.6
2025-08-05T10:00,17.9,91,0.00,2.3,8.5,61,58,4.0,16.5
2025-08-05T11:00,19.0,87,0.00,4.8,10.5,45,61,6.8,16.8
2025-08-05T12:00,21.2,79,0.00,4.8,13.3,31,52,10.8,17.4
2025-08-05T13:00,22.9,74,0.00,4.1,11.5,49,49,12.2,18.0
2025-08-05T14:00,25.0,67,0.00,3.9,6.2,66,64,13.3,18.5
2025-08-05T15:00,26.9,60,0.00,4.1,5.5,75,77,14.8,18.4
2025-08-05T16:00,28.5,50,0.00,4.1,5.4,88,90,15.8,17.0
2025-08-05T17:00,29.5,44,0.00,6.3,8.5,90,92,19.8,16.0
2025-08-05T18:00,30.0,42,0.00,8.0,10.9,106,106,23.0,15.8
2025-08-05T19:00,29.7,43,0.00,10.0,13.6,113,114,26.3,15.8
2025-08-05T20:00,29.4,44,0.00,9.4,12.9,102,103,26.3,15.8
2025-08-05T21:00,28.9,45,0.00,9.2,12.7,94,97,24.5,15.6
2025-08-05T22:00,27.7,48,0.00,10.5,15.1,83,87,23.0,15.9
2025-08-05T23:00,26.5,54,0.00,10.5,17.4,97,100,24.5,16.4
2025-08-06T00:00,25.2,60,0.00,7.4,16.3,104,111,22.7,17.0
2025-08-06T01:00,23.9,71,0.00,4.6,11.5,103,119,13.7,18.4
2025-08-06T02:00,23.2,76,0.00,5.8,12.8,95,106,11.2,18.8
2025-08-06T03:00,22.5,84,0.00,5.2,11.8,96,103,11.2,19.5
2025-08-06T04:00,22.0,89,0.00,5.1,11.9,94,100,9.7,20.0
2025-08-06T05:00,21.6,93,0.00,5.1,12.4,100,103,9.4,20.4
2025-08-06T06:00,21.5,95,0.00,4.3,11.3,85,97,10.1,20.6
2025-08-06T07:00,21.4,95,0.00,5.2,11.9,68,84,9.4,20.5
2025-08-06T08:00,21.4,94,0.00,6.2,13.5,69,82,11.5,20.3
2025-08-06T09:00,21.2,92,0.00,6.7,14.5,66,75,12.6,19.9
2025-08-06T10:00,21.1,90,0.00,7.2,15.5,72,77,14.0,19.5
2025-08-06T11:00,21.3,89,0.00,7.4,14.8,67,74,14.0,19.4
2025-08-06T12:00,21.7,85,0.00,8.6,14.5,61,65,18.4,19.0
2025-08-06T13:00,22.4,80,0.00,9.2,13.6,70,72,20.9,18.8
2025-08-06T14:00,24.1,70,0.00,10.4,14.9,79,79,26.6,18.4
2025-08-06T15:00,25.5,64,0.00,11.9,16.8,93,92,30.2,18.0
2025-08-06T16:00,25.5,61,0.00,12.7,18.1,102,100,31.0,17.5
2025-08-06T17:00,25.4,60,0.00,14.2,20.3,110,109,33.8,17.0
2025-08-06T18:00,25.5,56,0.00,14.4,20.7,103,104,34.9,16.2
2025-08-06T19:00,25.1,57,0.00,13.4,19.6,108,109,34.2,15.9
2025-08-06T20:00,24.6,58,0.00,12.2,18.0,116,117,31.0,15.9
2025-08-06T21:00,24.2,57,0.00,11.7,17.5,117,119,27.7,15.1
2025-08-06T22:00,23.5,61,0.00,10.3,15.5,112,113,26.3,15.4
2025-08-06T23:00,22.9,64,0.00,9.0,13.9,105,107,22.3,15.7
2025-08-07T00:00,22.0,69,0.00,7.8,14.0,119,119,19.4,16.2
2025-08-07T01:00,21.0,75,0.10,6.8,12.8,87,92,14.4,16.4
2025-08-07T02:00,20.6,76,0.10,7.0,13.5,78,87,13.7,16.2
2025-08-07T03:00,20.4,74,0.00,7.7,15.6,66,78,15.1,15.7
2025-08-07T04:00,20.3,73,0.00,8.3,17.2,68,75,17.3,15.2
2025-08-07T05:00,20.0,73,0.00,6.7,15.3,76,82,16.2,15.1
2025-08-07T06:00,19.9,74,0.00,7.5,16.1,73,80,14.4,15.2
2025-08-07T07:00,19.5,77,0.00,9.0,18.3,57,67,16.9,15.4
2025-08-07T08:00,19.1,78,0.00,9.5,20.1,46,57,18.7,15.3
2025-08-07T09:00,18.5,81,0.00,9.7,20.9,34,44,18.7,15.1
2025-08-07T10:00,18.2,82,0.00,9.5,20.9,36,44,19.1,15.1
2025-08-07T11:00,18.8,81,0.00,9.2,18.8,39,49,18.0,15.4
2025-08-07T12:00,20.5,76,0.00,9.0,15.3,55,59,20.5,16.2
2025-08-07T13:00,22.2,72,0.00,9.4,13.8,77,78,23.4,17.0
2025-08-07T14:00,23.7,65,0.00,10.3,14.4,89,91,26.6,16.6
2025-08-07T15:00,24.8,58,0.00,10.8,15.1,90,91,28.8,16.1
2025-08-07T16:00,25.6,51,0.00,12.0,16.7,98,97,31.3,14.9
2025-08-07T17:00,26.1,46,0.00,14.8,20.9,108,107,36.7,13.6
2025-08-07T18:00,26.5,42,0.00,16.4,23.1,109,109,39.6,12.4
2025-08-07T19:00,26.9,40,0.00,15.4,22.1,111,112,40.0,12.2
2025-08-07T20:00,26.6,38,0.00,14.8,20.9,114,114,37.8,11.1
2025-08-07T21:00,25.9,38,0.00,13.8,19.8,107,109,36.0,10.5
2025-08-07T22:00,25.0,39,0.00,12.6,18.2,107,108,33.1,9.9
2025-08-07T23:00,23.9,39,0.00,11.1,16.8,104,106,29.2,9.1
2025-08-08T00:00,22.1,51,0.00,9.0,17.1,102,105,24.1,11.4
2025-08-08T01:00,21.0,57,0.00,8.1,16.4,102,105,18.4,12.1
2025-08-08T02:00,20.3,66,0.00,6.1,14.7,102,108,15.8,13.6
2025-08-08T03:00,19.4,74,0.00,3.8,11.3,85,100,11.5,14.6
2025-08-08T04:00,18.9,75,0.00,4.2,11.7,65,86,6.8,14.4
2025-08-08T05:00,18.6,75,0.00,5.2,14.0,63,81,9.0,14.1
2025-08-08T06:00,18.2,77,0.00,5.2,14.8,63,80,10.1,14.2
2025-08-08T07:00,17.7,80,0.00,5.0,13.8,49,70,9.0,14.2
2025-08-08T08:00,17.2,82,0.00,5.1,13.4,32,58,9.0,14.1
2025-08-08T09:00,16.6,84,0.00,4.8,12.9,34,60,9.0,13.9
2025-08-08T10:00,16.5,83,0.00,5.5,13.9,32,57,9.7,13.6
2025-08-08T11:00,17.4,78,0.00,7.2,14.8,32,52,12.6,13.6
2025-08-08T12:00,19.6,69,0.00,5.5,13.9,32,49,14.0,13.8
2025-08-08T13:00,21.4,65,0.00,4.9,7.0,39,46,16.2,14.4
2025-08-08T14:00,23.2,54,0.00,5.0,7.1,60,63,18.4,13.5
2025-08-08T15:00,24.9,43,0.00,6.7,9.1,82,82,22.0,11.4
2025-08-08T16:00,26.0,37,0.00,9.1,12.3,98,98,26.6,10.2
2025-08-08T17:00,26.6,33,0.00,11.0,14.8,108,106,30.6,9.2
2025-08-08T18:00,27.1,28,0.00,12.5,17.0,113,112,33.5,7.1
2025-08-08T19:00,27.4,26,0.00,12.8,17.8,112,113,34.2,6.0
2025-08-08T20:00,27.3,28,0.00,11.9,16.3,112,113,33.8,7.2
2025-08-08T21:00,26.9,30,0.00,11.5,15.8,117,119,31.0,7.8
2025-08-08T22:00,26.0,30,0.00,11.8,16.6,121,122,29.5,7.2
2025-08-08T23:00,25.0,33,0.00,10.4,15.5,124,126,28.4,7.8
2025-08-09T00:00,23.3,42,0.00,7.5,14.4,127,131,23.0,9.6
2025-08-09T01:00,22.1,48,0.00,6.6,14.5,125,129,12.6,10.6
2025-08-09T02:00,21.0,56,0.00,6.8,15.7,125,132,12.6,11.9
2025-08-09T03:00,20.0,63,0.00,4.4,12.5,122,133,13.0,12.9
2025-08-09T04:00,19.2,71,0.00,1.4,7.5,113,132,7.9,13.8
2025-08-09T05:00,18.6,74,0.00,0.2,3.1,360,130,2.5,13.9
2025-08-09T06:00,17.6,78,0.00,1.3,1.9,360,56,2.9,13.8
2025-08-09T07:00,16.6,83,0.00,2.7,3.6,356,33,4.7,13.8
2025-08-09T08:00,16.0,85,0.00,3.8,5.9,335,358,6.5,13.6
2025-08-09T09:00,15.6,86,0.00,4.6,9.5,329,346,7.9,13.4
2025-08-09T10:00,15.1,87,0.00,4.2,9.2,350,1,7.6,13.1
2025-08-09T11:00,16.0,81,0.00,6.0,10.1,5,22,10.1,12.9
2025-08-09T12:00,19.1,68,0.00,3.6,10.7,360,25,11.5,12.9
2025-08-09T13:00,21.5,58,0.00,2.7,5.1,4,10,11.9,12.8
2025-08-09T14:00,24.0,46,0.00,3.6,5.1,37,39,15.5,11.6
2025-08-09T15:00,25.8,40,0.00,3.6,5.1,70,67,16.6,11.3
2025-08-09T16:00,27.1,36,0.00,4.8,6.4,103,101,19.4,10.6
2025-08-09T17:00,28.1,31,0.00,5.6,7.6,117,115,21.2,9.6
2025-08-09T18:00,28.9,28,0.00,7.1,9.4,128,126,23.8,8.4
2025-08-09T19:00,29.4,25,0.00,7.9,10.4,137,136,25.2,7.1
2025-08-09T20:00,29.5,23,0.00,6.9,9.1,141,141,24.8,6.1
2025-08-09T21:00,29.4,23,0.00,6.9,9.1,149,150,22.3,5.9
2025-08-09T22:00,28.8,24,0.00,7.0,9.4,157,160,20.9,6.3
2025-08-09T23:00,27.5,27,0.00,9.4,13.0,157,160,20.2,7.1
2025-08-10T00:00,25.2,32,0.00,9.4,18.0,154,158,20.5,7.4
2025-08-10T01:00,23.6,41,0.00,8.0,17.3,152,156,17.3,9.6
2025-08-10T02:00,22.3,46,0.00,5.2,14.7,149,158,15.1,10.0
2025-08-10T03:00,21.3,50,0.00,5.0,14.3,165,169,9.7,10.4
2025-08-10T04:00,20.4,52,0.00,6.0,15.5,231,223,11.2,10.1
2025-08-10T05:00,19.3,62,0.00,4.4,13.9,232,230,11.5,11.8
2025-08-10T06:00,18.7,69,0.00,4.3,13.1,248,247,7.6,12.8
2025-08-10T07:00,18.3,75,0.00,3.6,11.6,243,251,7.2,13.7
2025-08-10T08:00,18.0,77,0.00,2.1,9.6,250,258,5.8,14.1
2025-08-10T09:00,17.5,82,0.00,3.5,10.2,249,263,5.0,14.4
2025-08-10T10:00,17.0,87,0.00,4.2,11.3,265,272,6.5,14.8
2025-08-10T11:00,17.9,84,0.00,5.8,11.4,274,281,9.0,15.2
2025-08-10T12:00,20.0,76,0.00,3.4,9.5,264,279,11.5,15.6
2025-08-10T13:00,22.3,63,0.00,4.2,6.7,280,284,15.1,14.8
2025-08-10T14:00,25.7,49,0.00,2.9,4.2,270,277,15.1,14.1
2025-08-10T15:00,28.4,36,0.00,1.9,2.6,248,245,14.8,12.0
2025-08-10T16:00,30.0,32,0.00,2.0,2.7,190,180,15.1,11.7
2025-08-10T17:00,31.1,31,0.00,3.4,4.5,162,157,17.6,11.9
2025-08-10T18:00,31.9,30,0.00,5.3,7.0,170,168,20.9,12.0
2025-08-10T19:00,32.3,29,0.00,7.2,9.6,176,175,23.8,12.1
2025-08-10T20:00,32.5,29,0.00,6.7,8.8,188,184,24.1,12.1
2025-08-10T21:00,32.7,28,0.00,5.9,7.9,200,193,22.0,11.9
2025-08-10T22:00,32.2,28,0.00,7.7,10.6,171,169,19.1,11.6
2025-08-10T23:00,29.5,37,0.00,16.0,24.2,154,157,33.8,13.3
2025-08-11T00:00,27.1,44,0.00,14.4,24.3,184,183,34.9,13.6
2025-08-11T01:00,25.8,49,0.00,13.5,22.8,196,197,31.7,14.3
2025-08-11T02:00,24.9,52,0.00,10.1,19.5,200,203,27.4,14.3
2025-08-11T03:00,23.9,55,0.00,8.3,17.3,207,211,19.8,14.3
2025-08-11T04:00,23.1,57,0.00,7.1,16.2,221,228,15.5,14.1
2025-08-11T05:00,22.5,60,0.00,5.2,13.2,214,232,13.0,14.3
2025-08-11T06:00,21.9,64,0.00,5.2,13.1,221,236,9.7,14.8
2025-08-11T07:00,21.1,70,0.00,4.1,11.6,247,254,9.7,15.4
2025-08-11T08:00,20.5,75,0.00,3.8,11.0,262,270,7.6,15.9
2025-08-11T09:00,19.7,81,0.00,2.9,8.4,263,277,6.8,16.4
2025-08-11T10:00,19.1,83,0.00,3.2,7.5,227,255,5.4,16.2
2025-08-11T11:00,19.6,81,0.00,6.9,13.4,221,233,12.2,16.3
2025-08-11T12:00,21.5,72,0.00,5.3,11.4,237,242,14.8,16.2
2025-08-11T13:00,23.5,61,0.00,5.6,8.2,255,255,18.0,15.5
2025-08-11T14:00,26.2,46,0.00,4.2,5.9,260,256,17.6,13.6
2025-08-11T15:00,28.5,36,0.00,3.1,4.1,230,225,16.9,11.9
2025-08-11T16:00,30.0,32,0.00,4.1,5.5,193,189,18.4,11.4
2025-08-11T17:00,31.1,28,0.00,5.9,8.1,180,180,22.0,10.4
2025-08-11T18:00,32.0,25,0.00,7.8,10.3,185,184,25.2,9.4
2025-08-11T19:00,32.5,22,0.00,8.3,11.0,185,184,25.9,8.4
2025-08-11T20:00,32.8,21,0.00,7.7,10.1,179,177,25.9,7.7
2025-08-11T21:00,32.9,21,0.00,6.8,8.8,182,180,23.8,7.6
2025-08-11T22:00,32.3,22,0.00,8.1,10.8,176,176,21.2,7.9
2025-08-11T23:00,30.8,27,0.00,11.3,16.4,163,168,24.1,9.6
2025-08-12T00:00,27.5,39,0.00,15.2,24.6,159,162,31.7,12.4
2025-08-12T01:00,26.1,51,0.00,12.8,20.5,180,181,31.0,15.3
2025-08-12T02:00,24.9,59,0.00,11.1,20.4,187,190,25.6,16.2
2025-08-12T03:00,24.0,68,0.00,9.5,18.3,194,202,21.6,17.6
2025-08-12T04:00,23.4,73,0.00,8.3,17.1,193,206,18.0,18.1
2025-08-12T05:00,22.8,75,0.00,7.2,15.8,199,215,15.8,18.1
2025-08-12T06:00,22.4,76,0.00,6.3,14.5,207,223,13.7,17.9
2025-08-12T07:00,22.0,76,0.00,5.2,12.4,211,229,11.5,17.5
2025-08-12T08:00,21.5,77,0.00,6.0,13.0,217,231,11.2,17.4
2025-08-12T09:00,21.0,80,0.00,5.7,13.3,233,242,11.5,17.5
2025-08-12T10:00,20.6,83,0.00,5.1,12.8,247,253,10.1,17.6
2025-08-12T11:00,21.0,83,0.00,6.1,13.7,268,272,11.5,17.9
2025-08-12T12:00,22.9,76,0.00,4.4,8.9,282,283,14.0,18.4
2025-08-12T13:00,25.2,68,0.00,3.3,5.0,261,270,14.4,19.0
2025-08-12T14:00,28.0,59,0.00,2.7,3.8,247,251,15.5,19.2
2025-08-12T15:00,30.4,49,0.00,3.2,4.1,236,236,16.9,18.5
2025-08-12T16:00,32.0,42,0.00,4.1,5.3,241,237,19.4,17.6
2025-08-12T17:00,33.4,37,0.00,4.4,5.8,238,234,19.8,16.9
2025-08-12T18:00,34.0,34,0.00,5.4,6.9,228,225,21.2,16.1
2025-08-12T19:00,34.7,32,0.00,7.0,9.2,224,225,23.4,15.8
2025-08-12T20:00,34.8,32,0.00,8.4,11.1,223,224,24.8,15.6
2025-08-12T21:00,34.2,33,0.00,9.9,13.5,228,227,26.6,15.7
2025-08-12T22:00,33.4,35,0.10,11.2,15.6,229,231,27.4,16.0
2025-08-12T23:00,32.3,38,0.00,13.8,20.2,230,231,30.6,16.3
2025-08-13T00:00,31.5,41,0.00,10.3,18.3,234,235,30.2,16.5
2025-08-13T01:00,27.4,69,0.00,15.3,25.1,181,186,32.4,21.0
2025-08-13T02:00,26.5,72,0.00,11.0,21.0,191,196,31.0,21.1
2025-08-13T03:00,26.4,72,0.00,12.2,21.6,199,205,24.5,20.9
2025-08-13T04:00,25.8,74,0.00,10.5,18.7,215,218,24.5,20.7
2025-08-13T05:00,25.1,78,0.00,9.1,16.9,219,225,20.9,21.0
2025-08-13T06:00,24.6,82,0.00,6.9,13.6,223,229,17.6,21.3
2025-08-13T07:00,24.1,85,0.00,6.4,13.2,227,236,13.0,21.5
2025-08-13T08:00,23.8,89,0.00,5.7,12.7,229,239,12.2,21.8
2025-08-13T09:00,23.5,91,0.00,4.9,10.8,216,234,10.8,22.0
2025-08-13T10:00,23.1,94,0.00,3.9,9.3,204,226,9.0,22.0
2025-08-13T11:00,23.5,92,0.00,6.6,13.2,213,219,13.0,22.1
2025-08-13T12:00,25.0,83,0.00,8.8,12.7,235,235,21.2,22.0
2025-08-13T13:00,27.4,74,0.00,4.1,5.7,236,235,18.7,22.4
2025-08-13T14:00,29.0,67,0.00,5.0,6.9,215,217,18.0,22.2
2025-08-13T15:00,30.9,58,0.10,9.4,12.9,209,208,27.4,21.5
2025-08-13T16:00,32.2,46,0.00,12.0,16.6,189,190,31.3,19.1
2025-08-13T17:00,33.3,40,0.00,14.7,20.8,188,189,37.8,17.8
2025-08-13T18:00,32.1,43,0.20,17.2,24.2,228,225,41.0,18.0
2025-08-13T19:00,31.0,53,0.00,10.8,15.4,238,236,41.4,20.3
2025-08-13T20:00,31.8,51,0.00,6.2,8.6,244,239,29.9,20.4
2025-08-13T21:00,32.0,50,0.00,3.7,5.0,259,249,23.8,20.4
2025-08-13T22:00,31.1,53,0.00,7.8,9.9,293,289,19.4,20.5
2025-08-13T23:00,26.4,81,2.00,5.3,8.3,280,281,24.8,22.8
2025-08-14T00:00,25.0,86,3.30,2.3,4.0,337,21,14.0,22.6
2025-08-14T01:00,23.7,93,0.20,3.7,5.4,191,206,11.5,22.5
2025-08-14T02:00,23.6,95,0.00,4.2,7.0,170,177,9.7,22.7
2025-08-14T03:00,23.3,96,0.00,2.1,5.3,301,278,7.9,22.6
2025-08-14T04:00,23.2,97,0.00,3.1,8.2,246,241,6.5,22.8
2025-08-14T05:00,23.0,98,0.00,2.7,8.0,270,265,8.3,22.7
2025-08-14T06:00,22.8,99,0.00,2.8,7.4,215,236,5.8,22.6
2025-08-14T07:00,22.8,99,0.00,2.9,8.1,281,273,6.1,22.6
2025-08-14T08:00,22.5,99,0.00,3.1,8.6,291,285,6.5,22.2
2025-08-14T09:00,22.0,99,0.00,2.9,8.1,274,282,6.1,22.0
2025-08-14T10:00,22.0,100,0.00,3.2,8.4,267,285,6.8,22.0
2025-08-14T11:00,22.4,97,0.00,5.0,8.8,272,287,10.8,21.9
2025-08-14T12:00,23.5,90,0.00,4.3,6.8,285,292,13.7,21.9
2025-08-14T13:00,24.4,87,0.80,2.7,3.6,356,360,9.7,22.0
2025-08-14T14:00,25.1,83,0.10,4.7,6.2,351,353,15.5,22.0
2025-08-14T15:00,26.8,76,0.00,4.4,5.8,32,34,17.3,22.1
2025-08-14T16:00,29.0,66,0.10,4.5,6.0,37,37,20.5,22.0
2025-08-14T17:00,30.0,63,0.10,3.2,4.2,47,43,20.2,22.0
2025-08-14T18:00,30.9,59,0.00,2.5,3.0,82,73,19.4,22.0
2025-08-14T19:00,31.5,56,0.00,2.2,2.4,95,81,18.4,21.6
2025-08-14T20:00,32.0,53,0.00,2.9,3.4,94,87,15.8,21.1
2025-08-14T21:00,31.6,52,0.00,6.2,7.6,97,98,19.4,20.7
2025-08-14T22:00,30.0,59,0.40,6.5,8.6,104,106,20.5,21.1
2025-08-14T23:00,29.3,64,0.00,5.8,9.2,164,164,16.2,21.8
2025-08-15T00:00,27.8,72,0.00,4.5,10.2,137,157,13.0,22.3
2025-08-15T01:00,25.5,83,0.00,1.7,7.8,72,212,7.6,22.3
2025-08-15T02:00,25.4,84,0.00,3.7,9.1,284,243,5.8,22.5
2025-08-15T03:00,25.0,88,0.00,5.6,11.7,310,291,10.8,22.9
2025-08-15T04:00,24.7,88,0.00,5.8,14.7,338,343,13.7,22.6
2025-08-15T05:00,24.8,82,0.00,6.2,16.3,10,17,10.4,21.5
2025-08-15T06:00,24.7,75,0.00,7.9,18.7,11,14,15.1,20.0
2025-08-15T07:00,24.0,76,0.00,7.4,18.5,14,18,14.8,19.5
2025-08-15T08:00,23.5,77,0.00,8.9,20.6,27,29,16.6,19.2
2025-08-15T09:00,23.1,77,0.00,9.1,21.1,30,32,17.3,18.8
2025-08-15T10:00,22.7,76,0.00,10.1,22.4,35,37,19.1,18.2
2025-08-15T11:00,23.0,74,0.00,11.7,23.2,44,45,22.3,18.1
2025-08-15T12:00,24.4,70,0.00,11.6,21.4,51,52,24.8,18.5
2025-08-15T13:00,26.4,60,0.00,10.9,16.1,66,65,26.3,18.0
2025-08-15T14:00,27.9,55,0.00,11.6,16.6,74,72,29.2,17.9
2025-08-15T15:00,29.0,50,0.00,11.7,16.3,86,84,30.6,17.7
2025-08-15T16:00,30.1,47,0.00,10.9,15.0,96,95,30.6,17.6
2025-08-15T17:00,30.9,45,0.00,10.6,14.4,104,102,29.9,17.5
2025-08-15T18:00,31.2,44,0.00,10.1,13.6,112,112,29.5,17.5
2025-08-15T19:00,31.2,43,0.00,10.8,14.6,108,110,29.9,17.2
2025-08-15T20:00,31.3,42,0.00,11.8,16.0,109,109,31.0,16.8
2025-08-15T21:00,31.1,42,0.00,11.1,15.1,115,115,31.0,16.7
2025-08-15T22:00,30.0,46,0.00,12.7,17.9,121,124,29.9,17.0
2025-08-15T23:00,28.4,52,0.00,12.5,18.3,118,123,30.2,17.5
2025-08-16T00:00,27.0,60,0.00,9.3,15.4,122,126,27.4,18.5
2025-08-16T01:00,25.6,67,0.00,8.7,14.2,128,130,24.1,19.0
2025-08-16T02:00,24.9,72,0.00,6.6,11.1,125,132,17.3,19.5
2025-08-16T03:00,24.0,78,0.00,7.5,12.6,120,127,14.8,20.0
2025-08-16T04:00,23.6,83,0.00,4.4,8.7,122,130,14.8,20.5
2025-08-16T05:00,23.1,87,0.00,1.9,5.2,112,131,7.9,20.8
2025-08-16T06:00,23.0,89,0.00,1.7,3.4,49,90,4.7,21.0
2025-08-16T07:00,22.8,90,0.00,2.7,3.9,23,53,5.0,21.1
2025-08-16T08:00,22.8,91,0.00,3.8,5.9,45,67,7.9,21.2
2025-08-16T09:00,22.8,92,0.00,4.0,6.9,72,84,8.6,21.4
2025-08-16T10:00,22.9,92,0.00,3.2,5.9,93,102,9.7,21.5
2025-08-16T11:00,23.0,92,0.00,2.4,3.5,48,51,7.2,21.6
2025-08-16T12:00,24.0,85,0.00,3.2,4.3,93,95,11.5,21.3
2025-08-16T13:00,25.1,76,0.00,4.7,6.4,130,128,15.8,20.5
2025-08-16T14:00,27.0,65,0.00,6.4,8.5,158,159,20.2,19.9
2025-08-16T15:00,29.1,55,0.00,5.1,6.8,170,169,22.3,19.1
2025-08-16T16:00,30.7,48,0.00,4.0,5.2,183,182,21.2,18.6
2025-08-16T17:00,32.1,43,0.00,4.5,6.0,175,177,21.2,18.0
2025-08-16T18:00,32.1,43,0.20,6.2,8.1,150,155,22.3,18.1
2025-08-16T19:00,32.7,41,0.00,7.6,10.1,158,163,25.6,17.6
2025-08-16T20:00,32.8,40,0.00,5.0,6.9,167,174,25.2,17.4
2025-08-16T21:00,31.0,45,0.20,7.5,10.1,210,207,22.0,17.5
2025-08-16T22:00,28.9,54,1.30,6.1,8.3,130,134,21.6,18.7
2025-08-16T23:00,27.3,64,0.10,12.4,18.4,178,178,28.1,20.0
2025-08-17T00:00,26.8,66,0.00,9.5,15.3,178,179,27.7,20.0
2025-08-17T01:00,26.2,74,0.00,10.8,18.2,169,172,21.6,21.1
2025-08-17T02:00,25.1,75,0.00,10.3,17.0,169,175,22.7,20.2
2025-08-17T03:00,24.2,77,0.00,10.1,18.3,180,185,22.0,19.9
2025-08-17T04:00,23.5,80,0.00,7.8,15.3,187,195,20.9,19.9
2025-08-17T05:00,23.1,81,0.00,8.0,16.1,190,200,16.6,19.8
2025-08-17T06:00,22.7,83,0.00,6.8,14.7,209,217,15.8,19.7
2025-08-17T07:00,22.5,84,0.00,6.6,14.5,202,218,13.0,19.8
2025-08-17T08:00,22.2,86,0.00,6.5,14.7,204,219,13.3,19.9
2025-08-17T09:00,22.1,88,0.00,7.3,15.7,205,220,13.7,20.0
2025-08-17T10:00,21.9,90,0.00,7.3,16.2,211,223,14.0,20.2
2025-08-17T11:00,22.4,89,0.00,7.9,16.5,219,229,15.5,20.5
2025-08-17T12:00,24.0,83,0.00,8.5,12.6,228,229,19.8,21.0
2025-08-17T13:00,25.9,75,0.00,10.9,15.4,239,237,25.9,21.2
2025-08-17T14:00,27.6,68,0.00,11.2,15.8,240,238,27.4,21.1
2025-08-17T15:00,29.6,59,0.00,11.1,15.5,250,248,30.6,20.9
2025-08-17T16:00,31.4,52,0.00,10.6,14.7,255,252,28.1,20.4
2025-08-17T17:00,32.8,44,0.00,11.4,15.9,259,256,30.2,19.1
2025-08-17T18:00,33.8,39,0.00,11.6,16.2,264,260,32.4,18.0
2025-08-17T19:00,34.9,37,0.00,12.1,16.8,268,266,32.4,18.0
2025-08-17T20:00,35.0,36,0.00,12.3,17.2,266,264,32.0,17.8
2025-08-17T21:00,33.2,39,0.10,14.6,20.8,274,274,34.2,17.4
2025-08-17T22:00,32.8,41,0.00,11.0,16.1,259,260,33.8,17.7
2025-08-17T23:00,30.8,47,0.30,14.8,21.3,342,341,32.8,18.4
2025-08-18T00:00,27.0,68,0.10,7.8,12.4,71,71,33.1,20.5
2025-08-18T01:00,25.3,92,1.10,9.9,14.5,55,60,19.1,24.0
2025-08-18T02:00,23.9,97,1.00,11.5,18.9,256,267,22.0,23.4
2025-08-18T03:00,23.2,96,0.40,8.1,17.0,265,264,22.7,22.5
2025-08-18T04:00,23.4,94,0.00,8.2,15.1,308,302,15.8,22.4
2025-08-18T05:00,23.5,92,0.00,12.6,22.8,1,10,22.7,22.0
2025-08-18T06:00,21.4,81,0.00,15.2,26.3,22,24,30.2,18.0
2025-08-18T07:00,19.7,77,0.00,16.8,29.5,19,22,33.8,15.6
2025-08-18T08:00,19.2,77,0.00,16.4,29.9,23,26,33.8,15.1
2025-08-18T09:00,18.8,74,0.00,17.6,31.5,24,27,36.4,14.0
2025-08-18T10:00,18.5,71,0.00,17.6,31.8,26,29,37.1,13.1
2025-08-18T11:00,18.6,67,0.00,14.3,25.6,24,26,37.1,12.4
2025-08-18T12:00,19.1,63,0.00,15.9,26.2,29,31,32.8,11.9
2025-08-18T13:00,19.7,61,0.00,17.8,27.8,34,35,39.2,12.0
2025-08-18T14:00,20.2,59,0.00,17.2,25.9,42,42,39.6,11.9
2025-08-18T15:00,21.1,57,0.00,15.1,22.2,52,53,38.9,12.3
2025-08-18T16:00,21.5,58,0.00,12.8,18.6,58,58,35.3,12.9
2025-08-18T17:00,22.8,55,0.00,11.4,16.4,66,66,31.0,13.3
2025-08-18T18:00,23.6,54,0.00,11.0,15.5,75,75,28.8,13.8
2025-08-18T19:00,24.1,55,0.00,9.9,13.9,87,86,27.7,14.4
2025-08-18T20:00,23.7,57,0.00,9.2,12.8,88,87,24.8,14.8
2025-08-18T21:00,23.2,61,0.00,8.4,11.7,101,99,22.7,15.3
2025-08-18T22:00,22.5,67,0.00,10.0,14.0,113,110,23.8,16.0
2025-08-18T23:00,21.5,70,0.00,10.1,14.7,125,123,24.5,15.8
2025-08-19T00:00,21.2,71,0.00,8.4,12.7,109,108,22.7,15.7
2025-08-19T01:00,19.9,78,0.00,6.7,13.8,121,118,19.8,15.9
2025-08-19T02:00,19.8,79,0.00,4.9,12.4,123,126,13.0,16.0
2025-08-19T03:00,19.4,82,0.00,3.9,11.7,137,134,9.4,16.1
2025-08-19T04:00,19.0,84,0.00,3.6,11.4,117,117,7.2,16.2
2025-08-19T05:00,18.9,82,0.00,4.1,12.3,92,108,7.2,15.9
2025-08-19T06:00,18.6,84,0.00,4.1,11.9,75,96,7.6,15.9
2025-08-19T07:00,18.6,84,0.00,4.3,12.1,68,92,7.2,15.8
2025-08-19T08:00,18.5,83,0.00,5.3,13.3,52,77,9.7,15.6
2025-08-19T09:00,18.4,83,0.00,7.0,15.1,35,55,12.6,15.4
2025-08-19T10:00,18.0,82,0.00,9.5,19.3,39,51,18.0,14.9
2025-08-19T11:00,18.4,76,0.00,9.2,19.6,48,58,20.2,13.9
2025-08-19T12:00,18.9,69,0.00,8.9,16.4,42,51,18.7,13.1
2025-08-19T13:00,20.4,60,0.00,12.0,17.6,73,76,27.7,12.2
2025-08-19T14:00,21.4,55,0.00,12.6,18.2,89,89,31.0,11.9
2025-08-19T15:00,21.5,55,0.00,12.8,18.4,99,99,31.0,12.1
2025-08-19T16:00,22.0,51,0.00,13.6,19.7,98,99,32.8,11.4
2025-08-19T17:00,22.4,44,0.00,15.6,22.4,97,98,36.4,9.6
2025-08-19T18:00,22.9,48,0.00,15.5,22.1,103,105,38.2,11.2
2025-08-19T19:00,22.9,49,0.00,14.7,21.0,105,106,37.4,11.7
2025-08-19T20:00,23.0,49,0.00,14.7,20.9,105,105,36.0,11.6
2025-08-19T21:00,22.5,51,0.00,14.9,21.6,105,107,35.6,11.9
2025-08-19T22:00,21.8,54,0.00,15.0,22.2,108,110,34.9,12.1
2025-08-19T23:00,21.0,58,0.00,14.3,21.9,110,111,33.8,12.4
2025-08-20T00:00,20.0,63,0.00,10.1,18.9,109,111,30.6,12.7
2025-08-20T01:00,19.7,65,0.00,9.5,17.6,111,115,23.0,12.9
2025-08-20T02:00,19.4,68,0.00,7.3,15.2,99,106,19.1,13.4
2025-08-20T03:00,19.1,71,0.00,8.1,17.6,84,96,16.2,13.7
2025-08-20T04:00,19.4,70,0.00,7.0,15.3,64,87,15.8,13.8
2025-08-20T05:00,19.4,69,0.00,7.7,17.2,57,80,14.4,13.6
2025-08-20T06:00,19.5,68,0.00,7.2,16.1,53,74,15.5,13.4
2025-08-20T07:00,19.6,68,0.00,5.9,12.1,40,72,13.7,13.6
2025-08-20T08:00,19.8,68,0.00,5.1,11.4,36,72,12.2,13.6
2025-08-20T09:00,19.6,69,0.00,7.9,16.0,45,67,15.5,13.7
2025-08-20T10:00,19.6,68,0.00,7.6,16.0,47,63,16.9,13.6
2025-08-20T11:00,20.0,68,0.00,7.4,16.7,56,76,15.1,13.8
2025-08-20T12:00,20.5,68,0.00,7.2,17.0,68,86,14.8,14.4
2025-08-20T13:00,20.6,79,0.10,9.6,15.8,96,101,20.9,16.9
2025-08-20T14:00,21.4,77,0.10,15.2,23.3,104,105,32.0,17.2
2025-08-20T15:00,22.4,73,0.00,17.1,25.9,112,112,37.1,17.3
2025-08-20T16:00,22.4,76,0.00,16.9,26.1,114,114,37.4,17.9
2025-08-20T17:00,22.5,76,0.30,17.5,26.4,109,109,36.4,18.0
2025-08-20T18:00,22.4,78,0.60,16.5,25.3,106,107,36.7,18.5
2025-08-20T19:00,22.1,81,0.50,17.0,26.3,103,103,36.0,18.7
2025-08-20T20:00,21.9,83,0.40,16.6,26.2,91,94,35.3,18.8
2025-08-20T21:00,21.6,84,0.10,16.3,26.0,79,80,36.7,18.9
2025-08-20T22:00,21.6,83,0.10,13.3,21.5,72,72,34.6,18.5
2025-08-20T23:00,21.0,84,0.50,12.8,22.1,61,63,29.5,18.2
2025-08-21T00:00,20.2,87,0.10,12.7,22.2,52,58,25.6,18.0
2025-08-21T01:00,18.0,88,0.10,18.9,30.3,48,51,39.2,16.0
2025-08-21T02:00,16.5,89,0.00,17.0,27.6,39,41,39.6,14.6
2025-08-21T03:00,16.0,87,0.00,16.1,27.0,36,40,37.1,13.9
2025-08-21T04:00,15.8,87,0.00,15.2,27.4,35,37,33.8,13.6
2025-08-21T05:00,15.6,88,0.00,13.6,25.9,29,33,31.3,13.8
2025-08-21T06:00,15.6,88,0.00,18.2,33.0,39,43,38.5,13.7
2025-08-21T07:00,15.8,88,0.00,14.0,27.4,24,31,38.2,13.8
2025-08-21T08:00,15.8,88,0.00,15.7,28.9,32,37,31.0,13.9
2025-08-21T09:00,15.8,89,0.00,14.3,27.6,23,31,33.1,13.9
2025-08-21T10:00,15.6,89,0.00,15.0,28.9,20,26,30.6,13.9
2025-08-21T11:00,15.9,87,0.00,15.2,29.5,33,36,33.5,13.8
2025-08-21T12:00,16.3,84,0.00,16.7,29.9,34,36,34.6,13.6
2025-08-21T13:00,15.9,85,0.00,17.1,28.7,25,28,37.1,13.4
2025-08-21T14:00,17.4,77,0.00,23.7,36.0,45,44,51.8,13.4
2025-08-21T15:00,19.7,68,0.00,22.7,33.5,54,54,50.4,13.7
2025-08-21T16:00,20.8,66,0.00,22.7,33.8,48,48,49.3,14.1
2025-08-21T17:00,21.5,64,0.00,19.1,28.9,38,39,49.3,14.4
2025-08-21T18:00,22.5,60,0.00,21.0,31.5,47,47,47.5,14.4
2025-08-21T19:00,22.9,59,0.00,20.4,30.5,41,41,46.8,14.4
2025-08-21T20:00,23.2,58,0.00,20.3,30.4,32,31,44.6,14.5
2025-08-21T21:00,23.0,59,0.00,18.7,28.0,36,36,45.4,14.5
2025-08-21T22:00,22.1,60,0.00,17.9,27.6,29,29,41.8,13.9
2025-08-21T23:00,21.4,61,0.00,14.0,24.1,32,32,38.2,13.6
2025-08-22T00:00,20.4,65,0.00,9.2,19.3,35,36,28.8,13.6
2025-08-22T01:00,19.4,70,0.00,9.0,19.5,38,40,19.4,13.8
2025-08-22T02:00,18.7,72,0.00,8.1,18.3,29,36,18.0,13.6
2025-08-22T03:00,17.9,76,0.00,7.2,17.5,357,17,15.5,13.6
2025-08-22T04:00,17.2,78,0.00,7.9,19.3,357,12,15.1,13.4
2025-08-22T05:00,16.9,78,0.00,9.5,21.7,358,12,17.3,13.0
2025-08-22T06:00,16.6,76,0.00,11.0,24.3,349,1,20.9,12.4
2025-08-22T07:00,16.3,78,0.00,11.2,24.8,342,354,22.0,12.4
2025-08-22T08:00,15.9,78,0.00,10.0,23.6,346,358,21.2,12.2
2025-08-22T09:00,15.5,79,0.00,7.6,20.5,352,2,18.7,11.9
2025-08-22T10:00,14.9,81,0.00,6.3,18.4,345,1,14.0,11.7
2025-08-22T11:00,15.2,79,0.00,5.9,16.0,333,1,11.5,11.6
2025-08-22T12:00,17.4,71,0.00,4.9,13.5,298,355,12.2,12.0
2025-08-22T13:00,20.3,56,0.00,2.0,4.2,350,5,10.1,11.1
2025-08-22T14:00,22.6,46,0.00,3.9,6.0,24,21,14.0,10.5
2025-08-22T15:00,24.5,35,0.00,6.7,9.4,38,35,19.8,8.1
2025-08-22T16:00,25.9,31,0.00,7.3,10.2,40,37,22.0,7.5
2025-08-22T17:00,26.8,31,0.00,6.4,8.7,45,42,22.0,8.1
2025-08-22T18:00,27.5,30,0.00,5.2,7.0,49,44,20.5,8.4
2025-08-22T19:00,28.0,30,0.00,3.8,5.1,45,39,18.7,8.8
2025-08-22T20:00,28.4,30,0.00,2.9,4.0,30,27,15.8,9.1
2025-08-22T21:00,28.3,31,0.00,2.8,3.7,342,349,13.7,9.4
2025-08-22T22:00,27.8,33,0.00,5.1,6.9,328,330,13.7,9.9
2025-08-22T23:00,26.1,52,0.00,3.0,7.0,322,318,13.3,15.5
2025-08-23T00:00,24.0,50,0.00,5.1,11.1,176,193,7.6,13.0
2025-08-23T01:00,23.1,40,0.00,15.2,27.5,176,180,29.9,8.9
2025-08-23T02:00,21.9,43,0.00,13.2,25.6,195,199,30.6,8.8
2025-08-23T03:00,20.8,50,0.00,11.1,23.3,196,202,25.6,9.9
2025-08-23T04:00,20.1,56,0.00,9.6,20.4,206,212,20.9,11.1
2025-08-23T05:00,19.6,62,0.00,8.1,19.1,217,222,18.0,12.1
2025-08-23T06:00,19.0,66,0.00,6.5,16.6,226,231,14.8,12.5
2025-08-23T07:00,18.6,69,0.00,6.0,15.9,233,238,11.5,12.7
2025-08-23T08:00,18.1,71,0.00,6.0,16.2,243,243,11.2,12.7
2025-08-23T09:00,17.6,72,0.00,6.4,15.9,259,254,11.2,12.6
2025-08-23T10:00,17.1,73,0.00,6.4,16.1,262,264,12.2,12.3
2025-08-23T11:00,17.4,71,0.00,6.5,14.2,242,254,11.2,12.1
2025-08-23T12:00,19.3,62,0.00,4.9,13.5,237,247,13.7,11.9
2025-08-23T13:00,21.6,52,0.00,5.3,7.9,232,235,16.6,11.2
2025-08-23T14:00,24.4,43,0.00,6.6,9.3,225,226,20.9,11.0
2025-08-23T15:00,26.6,31,0.00,10.1,14.1,211,212,27.7,8.3
2025-08-23T16:00,28.0,26,0.00,14.7,20.8,205,206,37.1,6.8
2025-08-23T17:00,28.9,25,0.00,15.9,22.5,198,200,40.0,6.6
2025-08-23T18:00,29.1,28,0.00,16.6,23.4,192,192,41.4,8.6
2025-08-23T19:00,29.5,29,0.00,16.5,23.2,190,190,41.4,9.4
2025-08-23T20:00,29.3,31,0.00,16.5,23.6,188,188,40.3,10.2
2025-08-23T21:00,28.9,29,0.00,17.7,25.4,182,183,40.7,9.1
2025-08-23T22:00,27.3,30,0.00,19.3,28.3,175,177,43.2,8.2
2025-08-23T23:00,25.2,35,0.00,19.5,30.0,171,172,43.2,8.8
2025-08-24T00:00,23.0,48,0.00,17.6,29.6,166,168,41.0,11.5
2025-08-24T01:00,22.0,61,0.00,16.5,27.6,167,168,36.4,14.2
2025-08-24T02:00,21.0,71,0.00,13.0,22.9,174,175,33.5,15.5
2025-08-24T03:00,20.4,74,0.00,11.0,20.5,175,177,26.3,15.6
2025-08-24T04:00,19.9,74,0.00,10.3,19.5,180,184,22.3,15.1
2025-08-24T05:00,19.3,76,0.00,9.6,19.3,177,184,20.2,14.9
2025-08-24T06:00,18.7,78,0.00,8.5,18.5,178,186,18.7,14.9
2025-08-24T07:00,18.3,80,0.00,7.4,17.2,179,191,15.8,14.9
2025-08-24T08:00,18.0,81,0.00,7.4,17.4,173,188,13.7,14.8
2025-08-24T09:00,17.9,82,0.00,7.0,17.1,168,184,13.7,14.9
2025-08-24T10:00,17.7,85,0.00,6.2,16.1,165,184,12.6,15.2
2025-08-24T11:00,18.1,85,0.00,7.2,15.7,167,184,12.2,15.6
2025-08-24T12:00,20.1,77,0.00,4.9,13.1,172,187,13.7,15.9
2025-08-24T13:00,22.4,75,0.00,7.4,11.1,167,172,19.8,17.7
2025-08-24T14:00,24.8,64,0.00,12.0,16.9,188,187,30.2,17.5
2025-08-24T15:00,26.5,54,0.00,11.9,16.6,185,186,30.6,16.4
2025-08-24T16:00,27.9,47,0.00,13.0,18.3,185,186,33.5,15.4
2025-08-24T17:00,28.9,42,0.00,13.3,18.7,181,181,34.2,14.6
2025-08-24T18:00,28.6,41,0.00,13.9,19.6,179,181,34.2,14.0
2025-08-24T19:00,28.7,41,0.00,12.5,18.0,175,176,33.8,14.1
2025-08-24T20:00,28.6,41,0.00,15.9,22.9,175,175,36.0,13.9
2025-08-24T21:00,27.5,50,0.00,17.4,25.3,167,167,39.2,16.0
2025-08-24T22:00,27.0,51,0.00,16.4,24.0,177,175,40.0,16.0
2025-08-24T23:00,25.7,56,0.00,16.4,25.1,176,175,36.4,16.3
2025-08-25T00:00,24.4,62,0.00,14.9,24.8,169,171,34.9,16.5
2025-08-25T01:00,23.6,67,0.00,12.6,20.5,160,163,25.6,17.2
2025-08-25T02:00,22.8,72,0.00,10.2,17.8,167,169,25.9,17.5
2025-08-25T03:00,22.0,76,0.00,8.0,15.1,160,168,20.5,17.7
2025-08-25T04:00,21.5,80,0.00,5.7,11.8,162,168,16.2,18.0
2025-08-25T05:00,21.1,83,0.00,4.3,9.5,152,165,10.4,18.1
2025-08-25T06:00,20.5,87,0.00,3.0,8.6,194,191,7.9,18.3
2025-08-25T07:00,20.0,89,0.00,2.7,6.2,302,277,5.0,18.2
2025-08-25T08:00,20.0,91,0.10,0.2,4.3,180,268,8.3,18.5
2025-08-25T09:00,19.8,90,0.00,2.0,6.9,315,323,6.5,18.1
2025-08-25T10:00,19.6,90,0.00,3.8,8.5,287,298,6.1,18.0
2025-08-25T11:00,19.7,90,0.00,5.2,10.1,256,272,9.4,18.1
2025-08-25T12:00,21.2,82,0.00,6.5,9.9,256,255,16.6,18.0
2025-08-25T13:00,23.5,73,0.00,12.6,17.8,292,292,29.9,18.4
2025-08-25T14:00,25.1,63,0.00,8.3,11.7,311,313,30.2,17.5
2025-08-25T15:00,27.3,47,0.00,10.2,14.1,279,280,30.2,14.9
2025-08-25T16:00,28.8,34,0.00,14.7,20.7,278,278,36.7,11.4
2025-08-25T17:00,29.5,28,0.00,16.5,23.1,278,278,40.3,9.1
2025-08-25T18:00,29.8,28,0.00,18.1,25.4,281,280,43.6,9.2
2025-08-25T19:00,30.5,26,0.00,18.6,26.0,279,279,44.3,8.7
2025-08-25T20:00,30.4,24,0.00,18.4,26.2,276,274,43.6,7.5
2025-08-25T21:00,29.7,26,0.00,21.6,31.4,262,261,48.2,7.9
2025-08-25T22:00,28.0,27,0.00,20.9,31.0,273,273,48.2,7.5
2025-08-25T23:00,26.9,30,0.00,18.6,29.4,280,280,45.4,7.8
2025-08-26T00:00,25.1,37,0.00,14.0,24.7,303,302,38.5,9.4
2025-08-26T01:00,24.3,43,0.00,10.5,20.3,290,293,23.0,10.9
2025-08-26T02:00,23.5,46,0.00,12.0,23.0,279,282,23.8,11.1
2025-08-26T03:00,22.5,49,0.00,13.2,24.3,287,291,27.0,11.4
2025-08-26T04:00,21.5,51,0.00,11.0,21.2,295,299,26.6,10.9
2025-08-26T05:00,20.5,52,0.00,9.9,20.0,291,297,21.6,10.4
2025-08-26T06:00,19.5,55,0.00,10.2,20.7,298,303,19.8,10.1
2025-08-26T07:00,18.6,58,0.00,8.8,19.0,303,311,19.4,10.1
2025-08-26T08:00,17.9,61,0.00,6.9,16.2,303,314,16.9,10.1
2025-08-26T09:00,17.1,64,0.00,6.8,15.8,310,319,13.0,10.1
2025-08-26T10:00,16.4,67,0.00,6.3,15.3,305,317,12.6,10.1
2025-08-26T11:00,16.2,68,0.00,7.1,14.1,294,309,12.2,10.2
2025-08-26T12:00,17.8,61,0.00,6.0,10.9,286,297,15.8,10.1
2025-08-26T13:00,19.6,54,0.00,6.0,8.4,275,277,18.4,10.2
2025-08-26T14:00,22.1,43,0.00,6.3,8.7,273,276,20.5,8.9
2025-08-26T15:00,23.9,35,0.00,9.0,12.1,272,272,25.9,7.5
2025-08-26T16:00,25.0,31,0.00,10.6,14.4,273,271,29.9,6.9
2025-08-26T17:00,26.4,27,0.00,12.9,17.7,282,279,33.8,6.0
2025-08-26T18:00,26.8,26,0.00,14.1,19.5,272,272,35.3,5.6
2025-08-26T19:00,26.5,26,0.00,14.8,20.7,257,257,35.6,5.5
2025-08-26T20:00,26.4,26,0.00,13.9,19.8,260,259,35.6,5.4
2025-08-26T21:00,26.0,29,0.00,15.5,22.4,275,273,36.0,6.6
2025-08-26T22:00,25.0,31,0.00,14.5,21.2,285,282,36.0,6.8
2025-08-26T23:00,24.5,33,0.00,13.1,20.0,293,291,32.0,7.2
2025-08-27T00:00,23.0,39,0.00,10.7,19.9,300,299,27.4,8.3
2025-08-27T01:00,22.0,45,0.00,14.7,27.1,299,300,29.5,9.5
2025-08-27T02:00,20.3,54,0.00,11.9,22.0,318,320,31.3,10.6
2025-08-27T03:00,18.9,60,0.00,7.5,16.2,316,321,24.1,11.0
2025-08-27T04:00,18.0,65,0.00,6.4,14.3,292,307,14.4,11.2
2025-08-27T05:00,17.0,68,0.00,9.7,19.8,297,303,18.7,11.2
2025-08-27T06:00,16.4,70,0.00,7.6,17.3,306,313,19.1,10.9
2025-08-27T07:00,15.8,72,0.00,7.5,16.9,297,309,14.0,10.7
2025-08-27T08:00,15.5,72,0.00,8.8,19.3,298,307,16.6,10.4
2025-08-27T09:00,15.3,72,0.00,8.2,18.7,299,309,16.9,10.2
2025-08-27T10:00,15.4,71,0.00,8.6,18.7,296,308,16.2,10.2
2025-08-27T11:00,15.2,71,0.00,10.0,20.7,296,306,18.4,10.1
2025-08-27T12:00,16.8,63,0.00,10.7,18.6,299,307,23.8,9.6
2025-08-27T13:00,18.1,59,0.00,12.2,18.0,297,301,28.8,10.1
2025-08-27T14:00,20.0,52,0.00,13.1,18.7,299,301,32.4,9.8
2025-08-27T15:00,21.4,47,0.00,14.3,20.3,298,300,37.8,9.5
2025-08-27T16:00,22.5,42,0.00,14.4,20.3,298,300,38.2,9.0
2025-08-27T17:00,23.4,39,0.00,15.6,22.0,294,297,38.9,8.6
2025-08-27T18:00,24.0,37,0.00,16.6,23.4,297,299,40.3,8.4
2025-08-27T19:00,23.9,37,0.00,16.4,23.4,295,296,41.0,8.4
2025-08-27T20:00,23.9,37,0.00,17.1,24.7,295,295,39.6,8.4
2025-08-27T21:00,23.5,38,0.00,17.1,25.0,295,296,40.3,8.2
2025-08-27T22:00,23.1,38,0.00,16.1,24.0,295,296,38.5,8.2
2025-08-27T23:00,22.1,41,0.00,13.8,22.4,302,303,35.6,8.4
2025-08-28T00:00,20.8,48,0.00,8.3,17.2,316,318,28.8,9.2
2025-08-28T01:00,19.5,56,0.00,5.5,15.0,316,327,11.5,10.5
2025-08-28T02:00,18.3,63,0.00,4.6,13.2,321,334,10.1,11.1
2025-08-28T03:00,17.4,68,0.00,4.1,11.3,311,327,7.9,11.4
2025-08-28T04:00,16.5,72,0.00,3.3,8.4,283,315,6.8,11.5
2025-08-28T05:00,15.6,77,0.00,3.0,7.0,295,312,5.8,11.6
2025-08-28T06:00,15.1,78,0.00,1.5,5.2,346,344,5.0,11.3
2025-08-28T07:00,14.6,80,0.00,0.2,1.2,180,63,2.9,11.1
2025-08-28T08:00,13.9,83,0.00,0.6,2.8,288,191,1.4,11.1
2025-08-28T09:00,13.3,87,0.00,1.6,6.0,270,217,3.2,11.2
2025-08-28T10:00,13.1,88,0.00,1.5,8.6,225,209,3.2,11.1
2025-08-28T11:00,13.7,85,0.00,4.0,12.8,210,211,6.1,11.1
2025-08-28T12:00,16.1,72,0.00,3.4,12.0,227,219,10.1,10.9
2025-08-28T13:00,17.8,65,0.00,4.4,8.1,261,253,14.0,11.1
2025-08-28T14:00,20.6,53,0.00,6.1,9.0,258,255,18.7,10.6
2025-08-28T15:00,23.1,44,0.00,7.3,10.3,240,239,21.6,10.2
2025-08-28T16:00,25.0,34,0.00,11.9,16.6,245,243,30.2,8.1
2025-08-28T17:00,25.8,29,0.00,13.6,19.1,252,249,33.5,6.5
2025-08-28T18:00,25.6,27,0.00,14.3,20.3,258,256,33.8,5.4
2025-08-28T19:00,25.5,27,0.00,14.3,20.6,245,243,33.8,5.0
2025-08-28T20:00,25.8,27,0.00,13.7,19.6,247,245,33.1,5.2
2025-08-28T21:00,25.2,29,0.00,15.4,22.7,241,241,33.5,6.1
2025-08-28T22:00,24.4,32,0.00,14.2,22.1,240,238,34.2,6.7
2025-08-28T23:00,22.9,41,0.00,14.8,24.7,234,233,33.1,8.9
2025-08-29T00:00,21.5,47,0.00,11.0,21.9,203,205,30.2,9.9
2025-08-29T01:00,21.5,49,0.00,11.1,22.2,173,184,19.4,10.4
2025-08-29T02:00,20.9,53,0.00,13.9,25.9,184,187,29.9,10.9
2025-08-29T03:00,19.9,57,0.00,12.1,23.8,183,187,27.7,11.2
2025-08-29T04:00,19.4,59,0.00,12.3,24.6,183,189,24.1,11.2
2025-08-29T05:00,19.1,61,0.00,12.2,24.5,188,193,24.1,11.4
2025-08-29T06:00,18.5,65,0.00,10.6,22.3,194,199,24.1,11.9
2025-08-29T07:00,17.9,70,0.00,8.7,19.7,194,203,20.2,12.3
2025-08-29T08:00,17.5,73,0.00,7.2,17.6,205,207,15.8,12.6
2025-08-29T09:00,17.1,76,0.00,5.8,14.0,263,263,13.3,12.9
2025-08-29T10:00,17.0,77,0.00,6.4,14.3,212,230,11.5,12.8
2025-08-29T11:00,16.7,77,0.00,4.6,11.0,211,236,11.9,12.7
2025-08-29T12:00,18.0,71,0.00,4.7,8.8,230,229,12.2,12.6
2025-08-29T13:00,19.8,66,0.00,5.9,8.6,284,285,19.1,13.2
2025-08-29T14:00,22.1,53,0.00,6.7,9.3,290,294,20.5,12.1
2025-08-29T15:00,23.6,46,0.00,8.9,12.2,289,290,28.1,11.2
2025-08-29T16:00,24.5,43,0.00,11.6,15.4,282,281,32.0,11.0
2025-08-29T17:00,25.0,42,0.00,13.3,18.0,278,278,34.6,11.3
2025-08-29T18:00,25.0,45,0.40,15.0,20.5,276,277,37.1,12.2
2025-08-29T19:00,24.9,45,0.20,16.3,22.8,276,276,38.9,12.1
2025-08-29T20:00,25.0,42,0.00,16.8,23.8,287,288,40.3,11.3
2025-08-29T21:00,24.8,42,0.00,16.0,22.7,293,293,39.2,11.0
2025-08-29T22:00,24.3,43,0.00,15.5,22.3,298,297,37.1,10.9
2025-08-29T23:00,23.2,45,0.00,14.7,22.8,303,304,34.6,10.8
2025-08-30T00:00,21.7,51,0.00,13.9,24.3,311,315,31.0,11.1
2025-08-30T01:00,21.5,49,0.00,13.1,23.4,318,322,28.8,10.2
2025-08-30T02:00,20.2,52,0.00,12.6,22.7,331,336,27.0,10.2
2025-08-30T03:00,18.9,52,0.00,15.1,26.4,345,347,31.3,8.9
2025-08-30T04:00,17.5,54,0.00,13.0,23.3,346,349,31.3,8.2
2025-08-30T05:00,16.5,56,0.00,10.6,19.9,346,351,26.3,7.7
2025-08-30T06:00,15.8,57,0.00,9.3,18.3,336,343,20.9,7.2
2025-08-30T07:00,14.9,59,0.00,7.8,16.6,328,339,18.4,7.1
2025-08-30T08:00,14.3,62,0.00,6.0,14.3,316,333,14.8,7.2
2025-08-30T09:00,13.6,65,0.00,6.5,14.4,304,324,11.9,7.2
2025-08-30T10:00,12.9,69,0.00,7.3,16.1,303,320,13.7,7.3
2025-08-30T11:00,12.8,70,0.00,7.7,16.2,295,315,14.4,7.4
2025-08-30T12:00,14.4,63,0.00,7.3,13.2,298,310,18.0,7.3
2025-08-30T13:00,16.5,54,0.00,8.6,12.6,301,306,23.4,7.2
2025-08-30T14:00,18.9,47,0.00,9.8,13.9,313,317,26.6,7.3
2025-08-30T15:00,20.8,40,0.00,9.4,13.0,322,325,28.1,6.7
2025-08-30T16:00,22.2,35,0.00,9.6,13.0,317,321,28.4,5.9
2025-08-30T17:00,23.6,30,0.00,11.4,15.8,308,311,32.0,4.9
2025-08-30T18:00,24.4,28,0.00,12.3,17.0,304,306,33.1,4.4
2025-08-30T19:00,24.5,27,0.00,13.0,18.1,303,305,34.2,4.4
2025-08-30T20:00,24.8,26,0.00,12.6,17.2,297,301,34.2,4.2
2025-08-30T21:00,24.8,26,0.00,11.9,16.4,301,303,32.4,3.8
2025-08-30T22:00,24.3,26,0.00,11.3,15.7,309,310,29.9,3.5
2025-08-30T23:00,23.3,28,0.00,10.3,16.5,319,320,26.6,3.8
2025-08-31T00:00,21.5,34,0.00,10.7,21.1,340,343,21.2,4.9
2025-08-31T01:00,20.4,40,0.00,8.8,19.2,341,343,16.6,6.2
2025-08-31T02:00,19.4,44,0.00,9.7,21.1,344,344,18.0,6.8
2025-08-31T03:00,18.3,49,0.00,10.9,22.8,351,353,22.0,7.3
2025-08-31T04:00,17.5,51,0.00,9.2,20.0,353,357,20.9,7.3
2025-08-31T05:00,16.7,54,0.00,8.0,18.9,354,359,16.9,7.3
2025-08-31T06:00,16.0,57,0.00,5.9,16.2,349,3,14.4,7.6
2025-08-31T07:00,15.4,60,0.00,6.4,16.3,333,355,11.9,7.7
2025-08-31T08:00,14.8,62,0.00,6.3,16.9,342,360,12.2,7.6
2025-08-31T09:00,14.4,62,0.00,6.1,17.4,355,7,11.9,7.2
2025-08-31T10:00,13.6,65,0.00,4.3,13.8,355,13,10.8,7.1
2025-08-31T11:00,13.9,62,0.00,3.6,11.9,342,11,6.8,6.8
2025-08-31T12:00,16.0,54,0.00,2.8,11.0,342,15,10.1,6.8
2025-08-31T13:00,18.7,47,0.00,2.9,5.1,338,350,13.0,7.2
2025-08-31T14:00,22.0,38,0.00,4.9,7.2,356,360,18.0,6.9
2025-08-31T15:00,24.0,32,0.00,6.7,9.4,9,11,22.3,6.2
2025-08-31T16:00,25.3,29,0.00,7.3,9.9,9,10,24.1,5.8
2025-08-31T17:00,26.5,26,0.00,9.9,13.3,12,13,28.1,5.4
2025-08-31T18:00,27.6,23,0.00,13.0,17.8,11,13,34.6,4.4
2025-08-31T19:00,27.9,22,0.00,13.0,17.7,360,5,35.3,4.3
2025-08-31T20:00,27.4,23,0.00,14.3,20.0,5,8,34.9,4.3
2025-08-31T21:00,26.5,25,0.00,15.6,22.4,16,18,37.4,4.9
2025-08-31T22:00,26.0,25,0.00,13.8,19.6,6,8,36.4,4.5
2025-08-31T23:00,25.1,28,0.00,11.7,18.4,10,11,31.0,5.2
2025-09-01T00:00,23.6,34,0.00,7.1,13.8,41,37,24.8,6.7
2025-09-01T01:00,21.5,39,0.00,2.9,6.8,120,119,5.0,7.1
2025-09-01T02:00,20.8,45,0.00,7.1,14.2,156,165,13.0,8.4
2025-09-01T03:00,19.9,51,0.00,5.6,11.7,155,169,13.3,9.6
2025-09-01T04:00,19.1,55,0.00,3.7,9.2,203,201,10.1,9.9
2025-09-01T05:00,18.5,59,0.00,3.3,8.7,248,236,7.2,10.3
2025-09-01T06:00,17.8,63,0.00,1.4,5.1,337,274,5.8,10.7
2025-09-01T07:00,16.9,65,0.00,3.6,7.4,3,346,6.1,10.3
2025-09-01T08:00,16.5,66,0.00,4.1,9.2,347,354,6.8,10.1
2025-09-01T09:00,16.1,68,0.00,6.0,13.8,355,15,10.4,10.3
2025-09-01T10:00,15.8,72,0.00,7.0,17.1,4,17,13.0,10.8
2025-09-01T11:00,16.2,71,0.00,8.2,18.2,32,34,14.0,11.0
2025-09-01T12:00,18.0,64,0.00,8.1,22.0,29,37,18.0,11.1
2025-09-01T13:00,19.8,57,0.00,7.4,12.7,26,30,19.8,10.9
2025-09-01T14:00,22.5,47,0.00,9.2,13.4,48,49,24.8,10.8
2025-09-01T15:00,24.5,39,0.00,12.1,17.1,72,72,31.0,9.7
2025-09-01T16:00,25.7,35,0.00,16.7,23.4,84,83,40.3,9.1
2025-09-01T17:00,26.0,34,0.00,14.9,21.0,83,83,40.7,8.9
2025-09-01T18:00,27.0,29,0.00,14.1,19.6,71,72,36.7,7.7
2025-09-01T19:00,27.1,29,0.00,14.4,20.0,81,82,35.6,7.3
2025-09-01T20:00,25.3,39,0.00,16.6,23.3,99,99,40.3,10.4
2025-09-01T21:00,25.0,41,0.00,14.0,19.8,99,98,39.6,10.9
2025-09-01T22:00,24.3,43,0.00,14.1,20.4,100,100,36.4,10.8
2025-09-01T23:00,22.9,47,0.00,11.8,18.1,111,111,32.4,11.0
2025-09-02T00:00,21.5,53,0.00,7.7,14.5,121,120,24.5,11.5
2025-09-02T01:00,20.6,56,0.00,7.0,14.3,125,124,18.4,11.5
2025-09-02T02:00,19.8,61,0.00,3.6,10.4,117,118,13.0,12.0
2025-09-02T03:00,19.3,65,0.00,1.5,7.6,120,118,6.1,12.6
2025-09-02T04:00,19.0,70,0.00,0.5,5.6,45,115,2.9,13.2
2025-09-02T05:00,18.8,68,0.00,1.1,3.2,342,87,2.9,12.8
2025-09-02T06:00,18.8,68,0.00,3.4,5.1,354,36,6.5,12.7
2025-09-02T07:00,17.8,72,0.00,5.1,9.3,350,18,9.4,12.7
2025-09-02T08:00,16.9,76,0.00,4.9,11.7,360,34,9.7,12.6
2025-09-02T09:00,16.4,78,0.00,5.5,14.3,23,49,9.4,12.6
2025-09-02T10:00,16.3,77,0.00,6.6,16.3,29,45,11.9,12.3
2025-09-02T11:00,16.4,76,0.00,7.0,16.3,32,46,12.6,12.1
2025-09-02T12:00,18.1,68,0.00,6.5,15.6,42,54,15.1,12.1
2025-09-02T13:00,20.0,60,0.00,7.5,10.9,53,56,20.2,12.1
2025-09-02T14:00,21.9,53,0.00,8.3,11.5,74,73,24.1,11.7
2025-09-02T15:00,23.6,44,0.00,9.7,13.1,90,88,27.7,10.6
2025-09-02T16:00,24.5,39,0.00,9.7,12.9,100,97,28.1,9.8
2025-09-02T17:00,25.1,37,0.00,10.1,13.4,109,107,29.5,9.6
2025-09-02T18:00,25.5,35,0.00,10.0,13.2,116,114,29.5,8.8
2025-09-02T19:00,25.6,30,0.00,9.8,13.1,125,124,29.5,6.9
2025-09-02T20:00,25.9,26,0.00,8.5,11.5,125,125,28.4,5.0
2025-09-02T21:00,26.0,26,0.00,9.4,12.7,128,126,25.6,4.8
2025-09-02T22:00,25.0,31,0.00,10.4,14.0,138,138,25.6,6.6
2025-09-02T23:00,23.3,36,0.00,11.9,17.9,124,126,25.9,7.4
2025-09-03T00:00,21.8,43,0.00,12.5,20.3,111,112,25.9,8.6
2025-09-03T01:00,20.5,51,0.00,10.1,17.4,125,124,22.7,9.9
2025-09-03T02:00,19.5,60,0.00,8.1,14.8,135,133,20.2,11.5
2025-09-03T03:00,18.8,69,0.00,3.8,9.7,135,135,15.8,13.0
2025-09-03T04:00,18.1,77,0.00,1.0,5.3,112,128,6.8,14.1
2025-09-03T05:00,17.4,79,0.00,1.8,1.6,315,297,3.6,13.8
2025-09-03T06:00,16.6,81,0.00,3.0,4.6,322,315,5.4,13.4
2025-09-03T07:00,16.0,83,0.00,2.4,3.8,318,315,5.0,13.2
2025-09-03T08:00,15.4,84,0.00,3.6,7.1,315,317,6.1,12.8
2025-09-03T09:00,14.9,85,0.00,3.2,7.6,333,329,6.5,12.4
2025-09-03T10:00,14.6,86,0.00,1.7,4.9,13,352,5.4,12.4
2025-09-03T11:00,14.8,85,0.00,2.6,5.2,39,34,4.3,12.3
2025-09-03T12:00,17.0,74,0.00,2.3,6.9,45,70,9.0,12.4
2025-09-03T13:00,19.3,60,0.00,1.8,3.1,66,66,11.2,11.4
2025-09-03T14:00,21.6,51,0.00,1.6,2.2,63,66,13.3,11.1
2025-09-03T15:00,23.5,44,0.00,2.4,3.3,99,96,15.5,10.6
2025-09-03T16:00,25.0,38,0.00,2.9,4.0,112,111,17.6,9.8
2025-09-03T17:00,26.1,34,0.00,3.8,5.1,121,122,19.1,9.1
2025-09-03T18:00,27.0,30,0.00,4.1,5.5,131,131,19.8,8.1
2025-09-03T19:00,27.9,27,0.00,3.7,5.1,145,144,19.4,7.0
2025-09-03T20:00,28.0,25,0.00,3.9,5.5,133,134,18.7,6.3
2025-09-03T21:00,26.6,29,0.00,6.5,9.0,141,143,20.2,7.2
2025-09-03T22:00,25.0,40,0.00,10.5,14.6,131,134,25.9,10.3
2025-09-03T23:00,23.1,51,0.00,11.5,16.7,136,138,26.3,12.4
2025-09-04T00:00,21.8,56,0.00,10.1,16.7,149,151,24.8,12.6
2025-09-04T01:00,20.7,62,0.00,10.4,17.3,154,156,22.3,13.2
2025-09-04T02:00,19.6,69,0.00,9.0,16.2,160,166,22.0,13.7
2025-09-04T03:00,18.9,74,0.00,8.2,16.1,158,169,18.0,14.1
2025-09-04T04:00,18.2,78,0.00,8.4,16.7,165,174,16.2,14.3
2025-09-04T05:00,17.6,82,0.00,6.1,14.5,192,194,16.2,14.4
2025-09-04T06:00,17.1,86,0.00,3.7,11.5,191,205,10.8,14.7
2025-09-04T07:00,16.8,88,0.00,4.5,12.0,175,202,8.3,14.8
2025-09-04T08:00,16.4,91,0.00,4.1,11.2,157,190,8.3,14.9
2025-09-04T09:00,15.9,94,0.00,3.5,10.9,156,192,7.9,15.0
2025-09-04T10:00,15.7,95,0.00,3.9,10.9,158,193,6.8,14.9
2025-09-04T11:00,16.0,94,0.00,6.4,12.9,140,172,11.2,15.1
2025-09-04T12:00,17.9,84,0.00,5.6,14.4,140,164,14.8,15.1
2025-09-04T13:00,20.2,71,0.00,5.8,8.8,175,178,17.3,14.8
2025-09-04T14:00,23.0,60,0.00,9.6,13.7,167,170,25.2,14.7
2025-09-04T15:00,25.8,48,0.00,13.9,19.6,184,183,37.1,13.9
2025-09-04T16:00,27.2,41,0.00,18.0,25.9,187,187,42.5,12.8
2025-09-04T17:00,27.9,39,0.00,19.5,28.2,185,185,47.2,12.6
2025-09-04T18:00,28.6,37,0.10,21.1,30.8,192,190,48.2,12.6
2025-09-04T19:00,28.5,39,0.00,21.6,31.5,181,180,50.4,13.1
2025-09-04T20:00,27.4,44,0.00,24.6,36.5,175,176,54.7,14.0
2025-09-04T21:00,26.5,49,0.40,22.5,33.9,174,174,55.1,14.9
2025-09-04T22:00,26.0,52,0.00,21.8,33.2,184,184,49.3,15.2
2025-09-04T23:00,24.5,57,0.00,17.7,28.5,174,177,46.4,15.5
2025-09-05T00:00,23.5,62,0.10,17.1,27.9,181,183,37.4,15.8
2025-09-05T01:00,21.5,81,0.90,12.8,22.9,184,185,25.2,18.0
2025-09-05T02:00,20.5,91,4.70,6.6,13.2,225,214,23.0,19.0
2025-09-05T03:00,20.0,94,0.90,11.5,22.9,179,185,27.7,19.0
2025-09-05T04:00,19.5,95,5.60,13.8,26.1,191,198,29.2,18.8
2025-09-05T05:00,19.6,92,3.80,12.1,23.2,191,198,32.0,18.2
2025-09-05T06:00,19.4,92,0.00,10.3,20.7,211,211,21.2,18.1
2025-09-05T07:00,19.0,95,0.00,8.3,18.0,228,226,18.4,18.1
2025-09-05T08:00,18.6,96,0.00,6.6,15.6,206,217,14.8,18.0
2025-09-05T09:00,18.5,97,0.00,7.3,17.0,220,228,13.7,18.0
2025-09-05T10:00,18.2,98,0.00,6.7,16.3,218,225,13.3,17.8
2025-09-05T11:00,18.1,98,0.00,6.3,14.5,239,240,12.2,17.8
2025-09-05T12:00,19.5,94,0.00,9.3,12.6,243,246,20.2,18.4
2025-09-05T13:00,22.1,83,0.00,8.1,10.8,249,249,20.5,19.1
2025-09-05T14:00,23.5,73,0.00,7.1,9.8,229,229,19.8,18.4
2025-09-05T15:00,25.1,65,0.00,8.6,11.8,202,201,23.4,18.1
2025-09-05T16:00,26.6,57,0.00,11.4,16.1,206,204,28.8,17.4
2025-09-05T17:00,28.0,50,0.00,13.7,19.7,203,203,33.1,16.8
2025-09-05T18:00,29.4,45,0.00,18.4,26.6,212,210,42.5,16.3
2025-09-05T19:00,30.0,42,0.00,18.6,27.2,216,213,41.8,15.8
2025-09-05T20:00,30.1,41,0.00,19.8,29.0,222,220,43.2,15.5
2025-09-05T21:00,29.1,45,0.00,20.3,30.9,232,231,45.0,15.9
2025-09-05T22:00,27.9,52,0.00,16.6,27.0,223,224,43.6,17.1
2025-09-05T23:00,27.0,57,0.00,12.3,23.5,211,212,34.6,17.9
2025-09-06T00:00,26.0,62,0.00,12.8,26.1,204,206,25.9,18.1
2025-09-06T01:00,25.6,67,0.00,11.6,24.4,199,205,23.4,18.9
2025-09-06T02:00,24.9,72,0.00,12.3,25.2,194,201,24.1,19.5
2025-09-06T03:00,24.2,77,0.00,14.1,27.4,190,196,27.7,20.0
2025-09-06T04:00,23.8,80,0.00,13.5,26.9,199,202,28.8,20.2
2025-09-06T05:00,23.6,81,0.00,13.4,26.7,200,203,27.4,20.1
2025-09-06T06:00,23.2,81,0.00,13.4,27.0,200,205,27.0,19.8
2025-09-06T07:00,23.0,81,0.00,13.0,26.7,204,209,27.0,19.5
2025-09-06T08:00,22.8,81,0.00,11.1,24.2,211,213,25.9,19.5
2025-09-06T09:00,22.5,83,0.00,9.4,21.6,209,213,21.6,19.5
2025-09-06T10:00,22.0,85,0.00,9.5,21.8,205,211,18.0,19.4
2025-09-06T11:00,22.0,86,0.00,9.4,21.1,206,211,17.6,19.5
2025-09-06T12:00,23.4,81,0.00,7.6,19.0,202,208,18.7,20.0
2025-09-06T13:00,24.8,77,0.00,8.1,12.6,201,204,19.4,20.5
2025-09-06T14:00,26.5,71,0.00,9.4,13.7,197,199,23.4,20.8
2025-09-06T15:00,28.6,63,0.00,10.4,15.1,191,192,27.0,21.0
2025-09-06T16:00,29.9,59,0.00,15.2,22.1,199,198,41.8,21.0
2025-09-06T17:00,28.2,63,3.80,24.9,35.0,222,222,50.8,20.5
2025-09-06T18:00,24.5,85,0.90,9.4,13.8,232,230,52.2,21.8
2025-09-06T19:00,27.1,76,0.20,7.1,10.1,255,253,29.2,22.4
2025-09-06T20:00,23.9,83,6.70,14.8,22.0,254,255,31.7,20.8
2025-09-06T21:00,22.0,96,3.00,10.2,18.6,261,267,30.6,21.2
2025-09-06T22:00,22.0,95,3.40,4.2,5.8,170,200,19.8,21.1
2025-09-06T23:00,22.0,96,0.20,7.0,13.6,148,163,14.4,21.3
2025-09-07T00:00,21.6,98,0.00,4.9,11.8,231,223,12.6,21.2
2025-09-07T01:00,21.0,94,0.70,8.9,18.0,21,26,18.0,20.0
2025-09-07T02:00,20.1,95,0.90,8.4,17.7,23,33,16.6,19.2
2025-09-07T03:00,19.9,96,0.40,8.4,17.7,15,28,16.6,19.2
2025-09-07T04:00,19.7,97,0.60,4.4,9.4,353,17,15.5,19.2
2025-09-07T05:00,19.4,97,1.50,5.4,9.6,30,23,9.7,19.0
2025-09-07T06:00,19.0,98,1.60,4.4,7.9,27,30,11.2,18.6
2025-09-07T07:00,18.8,97,1.20,3.1,5.4,28,30,9.0,18.2
2025-09-07T08:00,18.5,98,0.90,4.0,7.1,36,34,7.9,18.2
2025-09-07T09:00,18.3,98,0.30,3.8,7.9,49,43,8.3,17.9
2025-09-07T10:00,18.2,97,0.90,3.1,6.2,69,54,7.9,17.8
2025-09-07T11:00,18.1,95,3.60,2.2,2.7,66,67,11.9,17.4
2025-09-07T12:00,18.1,96,0.90,3.3,5.1,324,312,13.0,17.4
2025-09-07T13:00,17.5,93,0.50,1.6,2.5,270,291,7.9,16.2
2025-09-07T14:00,17.8,90,0.50,5.2,7.2,292,295,11.9,16.1
2025-09-07T15:00,17.5,95,1.40,7.5,10.8,287,288,15.5,16.7
2025-09-07T16:00,17.7,94,1.60,8.3,12.3,304,305,16.9,16.8
2025-09-07T17:00,18.7,79,0.40,7.3,10.6,322,328,19.4,15.1
2025-09-07T18:00,18.9,72,0.00,3.6,5.2,323,329,17.3,13.6
2025-09-07T19:00,20.0,67,0.00,2.9,4.2,281,290,12.2,13.8
2025-09-07T20:00,21.1,64,0.00,5.5,7.7,253,261,16.2,14.1
2025-09-07T21:00,21.5,61,0.00,6.7,9.6,243,250,17.6,13.8
2025-09-07T22:00,21.7,56,0.00,5.5,10.1,238,251,16.9,12.6
2025-09-07T23:00,20.0,60,0.00,6.9,17.5,256,271,11.9,12.1
2025-09-08T00:00,18.6,58,0.00,10.8,25.8,285,293,20.5,10.1
2025-09-08T01:00,17.9,62,0.00,13.2,28.3,309,310,25.2,10.6
2025-09-08T02:00,17.2,67,0.00,10.0,23.2,352,358,25.2,11.1
2025-09-08T03:00,16.5,69,0.00,8.3,21.3,2,6,19.1,10.9
2025-09-08T04:00,16.0,70,0.00,7.0,19.2,357,5,15.8,10.6
2025-09-08T05:00,16.0,70,0.00,6.5,17.8,358,8,13.3,10.4
2025-09-08T06:00,15.1,70,0.00,6.7,18.2,8,17,12.2,9.8
2025-09-08T07:00,14.4,72,0.00,6.3,17.4,7,19,12.2,9.4
2025-09-08T08:00,13.4,75,0.00,6.8,17.3,348,8,12.2,9.1
2025-09-08T09:00,12.8,76,0.00,7.7,19.3,339,357,14.4,8.6
2025-09-08T10:00,12.3,76,0.00,6.6,18.9,344,357,14.4,8.1
2025-09-08T11:00,12.4,74,0.00,5.8,17.6,356,6,11.5,7.9
2025-09-08T12:00,13.9,73,0.00,7.0,17.2,342,7,12.6,9.1
2025-09-08T13:00,15.9,67,0.00,5.0,10.3,345,355,13.7,9.9
2025-09-08T14:00,18.2,59,0.00,6.7,10.1,3,4,18.4,10.1
2025-09-08T15:00,19.5,50,0.00,9.7,13.9,2,3,24.8,8.8
2025-09-08T16:00,20.4,45,0.00,10.4,14.8,2,3,27.4,8.1
2025-09-08T17:00,21.0,44,0.00,8.6,12.1,12,12,26.6,8.2
2025-09-08T18:00,21.5,43,0.00,7.9,11.0,17,18,23.8,8.4
2025-09-08T19:00,21.8,43,0.00,7.5,10.5,20,19,22.3,8.6
2025-09-08T20:00,21.8,44,0.00,7.8,10.8,50,44,21.2,8.9
2025-09-08T21:00,21.4,45,0.00,9.8,13.8,58,54,23.0,8.9
2025-09-08T22:00,20.4,50,0.00,9.4,16.3,78,76,23.0,9.6
2025-09-08T23:00,18.6,62,0.00,5.3,14.7,72,72,19.4,11.1
2025-09-09T00:00,17.4,68,0.00,5.2,14.9,84,82,9.4,11.4
2025-09-09T01:00,16.5,74,0.00,4.6,12.9,126,134,13.3,11.8
2025-09-09T02:00,15.6,78,0.00,4.5,12.7,146,147,7.9,11.9
2025-09-09T03:00,15.2,78,0.00,1.5,8.3,120,146,7.2,11.5
2025-09-09T04:00,14.2,83,0.00,2.3,3.3,4,68,4.0,11.4
2025-09-09T05:00,13.3,88,0.00,3.4,5.5,357,38,5.4,11.4
2025-09-09T06:00,12.9,89,0.00,4.5,8.9,358,28,7.6,11.1
2025-09-09T07:00,12.8,87,0.00,5.3,13.0,8,34,9.0,10.6
2025-09-09T08:00,12.7,84,0.00,6.7,17.3,19,39,11.9,10.1
2025-09-09T09:00,12.8,84,0.00,7.6,19.0,28,44,13.3,10.1
2025-09-09T10:00,12.6,86,0.00,8.4,20.5,34,44,15.5,10.4
2025-09-09T11:00,12.8,87,0.00,8.7,20.6,34,45,15.8,10.6
2025-09-09T12:00,14.4,81,0.00,8.1,20.4,25,41,17.6,11.2
2025-09-09T13:00,16.3,72,0.00,7.5,16.0,30,38,18.4,11.3
2025-09-09T14:00,18.5,65,0.00,10.3,15.8,44,46,25.2,11.9
2025-09-09T15:00,20.0,54,0.00,13.8,20.2,64,65,32.4,10.4
2025-09-09T16:00,20.9,50,0.00,13.9,19.9,71,72,33.8,9.9
2025-09-09T17:00,21.5,50,0.00,12.7,18.2,83,82,33.1,10.6
2025-09-09T18:00,21.8,47,0.00,13.4,19.1,97,94,32.8,9.9
2025-09-09T19:00,21.8,47,0.00,13.2,18.9,100,99,33.1,9.9
2025-09-09T20:00,21.5,50,0.00,12.7,18.4,101,98,31.7,10.7
2025-09-09T21:00,21.0,56,0.00,12.8,18.9,101,99,30.2,11.8
2025-09-09T22:00,19.9,62,0.00,11.2,18.1,106,103,29.2,12.5
2025-09-09T23:00,18.7,71,0.00,5.9,14.8,110,104,23.8,13.4
2025-09-10T00:00,17.5,78,0.00,5.0,14.3,49,62,11.2,13.7
2025-09-10T01:00,17.0,79,0.00,4.8,14.1,42,63,10.8,13.3
2025-09-10T02:00,16.8,79,0.00,7.7,18.8,37,56,13.7,13.1
2025-09-10T03:00,16.5,74,0.00,8.7,20.5,47,58,16.6,11.9
2025-09-10T04:00,16.0,74,0.00,9.0,21.2,46,57,17.3,11.4
2025-09-10T05:00,15.9,74,0.00,9.9,22.5,55,63,19.1,11.3
2025-09-10T06:00,15.7,77,0.00,9.0,21.0,47,57,19.4,11.8
2025-09-10T07:00,15.4,84,0.00,9.7,21.2,28,42,18.4,12.6
2025-09-10T08:00,15.4,84,0.00,11.6,23.5,30,39,23.0,12.8
2025-09-10T09:00,15.0,81,0.00,11.8,23.4,29,37,23.8,11.8
2025-09-10T10:00,15.1,77,0.00,12.9,24.3,32,37,26.3,11.1
2025-09-10T11:00,15.2,75,0.00,12.5,23.9,33,36,26.3,10.9
2025-09-10T12:00,15.4,75,0.00,10.7,20.7,30,34,25.6,10.9
2025-09-10T13:00,15.6,85,0.60,13.2,23.6,38,40,27.7,13.1
2025-09-10T14:00,16.5,83,0.20,12.3,20.5,32,35,26.6,13.6
2025-09-10T15:00,16.8,82,0.10,12.2,19.7,36,37,27.4,13.8
2025-09-10T16:00,17.4,79,0.10,13.2,21.0,34,35,29.2,13.8
2025-09-10T17:00,19.0,74,0.00,13.3,20.4,38,38,31.7,14.2
2025-09-10T18:00,19.0,73,0.00,12.6,19.2,38,38,31.0,14.1
2025-09-10T19:00,19.3,72,0.00,10.3,15.7,29,30,28.4,14.1
2025-09-10T20:00,19.4,71,0.00,9.3,14.7,28,27,23.4,14.0
2025-09-10T21:00,19.9,68,0.00,9.1,14.7,27,26,21.2,13.8
2025-09-10T22:00,20.1,66,0.00,8.0,13.9,14,17,20.5,13.6
2025-09-10T23:00,19.5,71,0.00,4.9,13.2,360,11,17.3,14.1
2025-09-11T00:00,18.4,77,0.00,3.6,11.2,20,26,9.0,14.2
2025-09-11T01:00,20.0,75,0.00,2.3,7.9,4,21,4.0,15.5
2025-09-11T02:00,19.5,77,0.00,4.2,11.4,340,355,7.2,15.4
2025-09-11T03:00,18.8,80,0.00,4.4,12.0,353,7,6.8,15.2
2025-09-11T04:00,17.8,81,0.00,5.4,14.8,352,9,9.0,14.4
2025-09-11T05:00,17.2,80,0.00,6.5,17.4,352,7,11.5,13.7
2025-09-11T06:00,16.5,80,0.00,6.7,17.9,355,5,12.6,13.0
2025-09-11T07:00,15.9,81,0.00,5.8,17.6,356,6,12.2,12.7
2025-09-11T08:00,15.3,83,0.00,5.0,15.7,360,11,10.1,12.5
2025-09-11T09:00,14.9,83,0.00,4.4,14.2,351,9,7.6,12.1
2025-09-11T10:00,14.7,83,0.00,3.6,12.5,342,7,6.5,11.9
2025-09-11T11:00,14.6,84,0.00,2.4,9.9,318,3,5.4,11.8
2025-09-11T12:00,16.4,77,0.00,3.3,9.1,315,14,7.6,12.4
2025-09-11T13:00,18.7,69,0.00,3.9,6.9,323,332,12.6,13.0
2025-09-11T14:00,21.2,59,0.00,3.3,4.9,6,4,13.3,12.9
2025-09-11T15:00,23.1,53,0.00,3.1,4.2,50,43,13.7,12.9
2025-09-11T16:00,24.3,47,0.00,2.7,3.7,58,51,14.0,12.4
2025-09-11T17:00,25.2,43,0.00,3.2,4.3,52,45,14.8,11.6
2025-09-11T18:00,26.0,39,0.00,3.8,5.1,45,39,15.5,10.9
2025-09-11T19:00,26.4,37,0.00,4.5,6.2,23,21,15.8,10.4
2025-09-11T20:00,26.4,37,0.00,7.6,10.3,15,15,20.5,10.4
2025-09-11T21:00,25.7,37,0.00,9.9,13.7,9,11,23.4,10.0
2025-09-11T22:00,24.8,39,0.00,7.7,13.2,9,10,23.4,9.9
2025-09-11T23:00,22.8,56,0.00,3.6,10.0,30,38,16.2,13.6
2025-09-12T00:00,21.0,60,0.00,3.3,10.1,68,71,5.0,12.9
2025-09-12T01:00,20.2,61,0.00,2.2,6.1,114,137,3.2,12.6
2025-09-12T02:00,19.1,66,0.00,3.4,8.3,133,139,5.4,12.8
2025-09-12T03:00,18.2,69,0.00,2.7,10.3,188,184,5.4,12.5
2025-09-12T04:00,17.0,75,0.00,1.8,6.8,246,230,3.6,12.4
2025-09-12T05:00,16.5,76,0.00,1.8,6.5,270,256,2.9,12.2
2025-09-12T06:00,15.8,78,0.00,2.4,8.2,297,292,4.3,12.0
2025-09-12T07:00,14.9,83,0.00,4.2,10.2,335,334,6.1,11.9
2025-09-12T08:00,14.7,82,0.00,5.8,16.0,4,11,9.7,11.6
2025-09-12T09:00,14.9,81,0.00,7.5,20.5,24,34,13.3,11.6
2025-09-12T10:00,15.2,80,0.00,7.4,20.4,29,31,13.7,11.8
2025-09-12T11:00,15.4,81,0.00,7.5,20.0,33,38,13.7,12.1
2025-09-12T12:00,17.1,76,0.00,8.7,20.1,34,43,15.8,12.9
2025-09-12T13:00,19.0,68,0.00,8.2,13.9,40,42,19.4,13.0
2025-09-12T14:00,21.0,59,0.00,9.4,13.8,54,54,23.8,12.8
2025-09-12T15:00,22.8,53,0.00,8.8,12.3,67,67,24.1,12.7
2025-09-12T16:00,23.7,50,0.00,8.6,12.0,75,74,23.8,12.6
2025-09-12T17:00,24.4,47,0.00,7.6,10.4,82,80,23.8,12.4
2025-09-12T18:00,25.0,46,0.00,5.8,7.7,90,87,22.0,12.4
2025-09-12T19:00,25.8,43,0.00,2.8,3.8,72,71,18.4,12.1
2025-09-12T20:00,25.8,43,0.00,3.2,4.4,34,32,13.3,12.2
2025-09-12T21:00,25.5,43,0.00,3.6,5.0,20,21,11.9,12.1
2025-09-12T22:00,24.9,47,0.00,3.6,6.5,3,2,10.4,12.7
2025-09-12T23:00,23.5,62,0.00,2.4,6.8,9,358,9.0,15.8
2025-09-13T00:00,21.7,67,0.00,2.9,5.5,83,77,4.0,15.2
2025-09-13T01:00,20.4,64,0.00,8.9,19.1,153,166,16.6,13.2
2025-09-13T02:00,18.8,70,0.00,4.9,14.1,152,167,16.9,13.2
2025-09-13T03:00,17.8,76,0.00,4.5,12.6,143,160,8.6,13.5
2025-09-13T04:00,17.2,78,0.00,4.6,12.8,149,163,7.6,13.4
2025-09-13T05:00,16.5,83,0.00,4.4,13.4,153,160,8.3,13.6
2025-09-13T06:00,16.1,85,0.00,2.4,10.4,167,169,7.2,13.6
2025-09-13T07:00,15.7,87,0.00,0.5,5.3,315,192,3.6,13.5
2025-09-13T08:00,15.1,90,0.00,0.4,3.5,360,201,2.2,13.4
2025-09-13T09:00,14.6,91,0.00,0.9,4.5,323,227,1.4,13.2
2025-09-13T10:00,14.3,92,0.00,0.9,5.7,323,233,2.9,13.1
2025-09-13T11:00,14.2,94,0.00,0.6,5.2,72,194,1.4,13.2
2025-09-13T12:00,16.5,88,0.00,1.0,4.8,68,200,5.8,14.4
2025-09-13T13:00,18.5,79,0.00,1.3,2.7,164,188,8.3,14.6
2025-09-13T14:00,20.5,70,0.00,3.1,4.5,156,164,12.2,14.8
2025-09-13T15:00,22.8,58,0.00,4.3,5.9,175,180,16.2,14.2
2025-09-13T16:00,24.6,52,0.00,4.8,6.6,193,196,17.6,14.2
2025-09-13T17:00,26.2,46,0.00,5.7,7.8,204,206,19.4,13.8
2025-09-13T18:00,27.4,41,0.00,6.4,8.9,252,249,19.8,13.1
2025-09-13T19:00,27.5,39,0.00,9.2,12.5,263,263,23.0,12.4
2025-09-13T20:00,27.8,38,0.00,9.9,13.7,267,267,24.8,12.0
2025-09-13T21:00,27.5,38,0.00,7.4,10.6,293,291,23.4,11.8
2025-09-13T22:00,26.7,42,0.00,3.8,7.4,3,359,16.9,12.9
2025-09-13T23:00,23.8,56,0.00,10.7,19.0,68,80,20.2,14.4
2025-09-14T00:00,21.8,68,0.00,12.4,24.7,123,136,24.8,15.6
2025-09-14T01:00,21.2,70,0.00,12.6,24.6,184,188,26.3,15.5
2025-09-14T02:00,20.6,73,0.00,9.8,21.6,194,198,25.2,15.6
2025-09-14T03:00,20.5,74,0.00,7.8,17.9,202,214,19.4,15.8
2025-09-14T04:00,19.9,78,0.00,5.8,15.2,187,210,14.8,15.9
2025-09-14T05:00,19.3,81,0.00,4.5,12.5,180,212,10.8,16.0
2025-09-14T06:00,18.6,84,0.00,6.2,14.1,187,217,10.8,15.8
2025-09-14T07:00,18.2,85,0.00,6.4,15.5,209,228,12.6,15.8
2025-09-14T08:00,18.0,87,0.00,5.2,13.4,236,255,11.2,15.8
2025-09-14T09:00,17.5,89,0.00,4.7,12.6,247,267,9.4,15.7
2025-09-14T10:00,16.8,92,0.00,4.2,11.5,275,284,8.3,15.5
2025-09-14T11:00,16.4,94,0.00,3.3,8.9,299,320,6.8,15.4
2025-09-14T12:00,18.0,86,0.00,4.2,11.6,348,8,10.8,15.6
2025-09-14T13:00,20.4,76,0.00,3.9,7.1,37,38,13.3,16.0
2025-09-14T14:00,23.0,64,0.00,4.2,6.0,72,63,15.1,15.9
2025-09-14T15:00,25.2,52,0.00,5.3,7.3,52,48,18.0,14.7
2025-09-14T16:00,26.9,44,0.00,5.0,6.9,52,49,20.5,13.5
2025-09-14T17:00,28.1,37,0.00,5.0,6.8,30,32,20.2,12.2
2025-09-14T18:00,29.0,35,0.00,9.2,12.4,358,1,24.5,12.1
2025-09-14T19:00,28.9,35,0.00,10.0,13.7,354,355,27.4,12.0
2025-09-14T20:00,28.6,36,0.00,8.8,12.1,1,4,25.9,12.1
2025-09-14T21:00,27.8,38,0.00,8.4,11.6,45,44,22.7,12.1
2025-09-14T22:00,26.1,47,0.00,8.8,12.6,90,90,21.6,14.0
2025-09-14T23:00,24.0,59,0.00,8.2,15.3,112,114,20.5,15.6
2025-09-15T00:00,22.6,66,0.00,7.8,16.3,113,116,16.2,15.9
2025-09-15T01:00,22.0,70,0.00,5.7,14.0,139,144,17.3,16.2
2025-09-15T02:00,21.0,79,0.00,3.7,9.5,137,158,10.4,17.1
2025-09-15T03:00,20.3,81,0.00,1.0,3.3,59,158,5.8,16.9
2025-09-15T04:00,19.6,84,0.00,0.9,0.9,37,360,2.5,16.9
2025-09-15T05:00,19.0,87,0.00,0.5,1.8,45,354,2.2,16.8
2025-09-15T06:00,18.3,90,0.00,1.8,3.6,156,162,2.5,16.6
2025-09-15T07:00,18.0,92,0.00,0.7,2.8,256,230,3.2,16.6
2025-09-15T08:00,17.2,95,0.00,0.5,2.2,270,261,1.4,16.4
2025-09-15T09:00,16.6,97,0.00,0.9,3.9,37,53,2.2,16.2
2025-09-15T10:00,16.5,96,0.00,4.7,11.8,16,44,7.6,15.9
2025-09-15T11:00,17.1,89,0.00,6.8,17.1,27,44,11.5,15.2
2025-09-15T12:00,19.0,79,0.00,8.1,18.9,35,47,14.8,15.4
2025-09-15T13:00,21.0,73,0.00,7.1,11.6,43,47,18.4,15.9
2025-09-15T14:00,23.1,68,0.00,8.1,11.8,62,64,22.0,17.0
2025-09-15T15:00,24.8,57,0.00,9.8,13.7,73,74,26.3,15.6
2025-09-15T16:00,26.0,47,0.00,11.5,16.1,81,80,29.5,13.8
2025-09-15T17:00,27.1,40,0.00,12.2,16.9,89,88,31.3,12.3
2025-09-15T18:00,27.7,37,0.00,12.6,17.5,93,93,32.0,11.5
2025-09-15T19:00,27.5,38,0.00,12.4,17.1,99,98,32.0,12.1
2025-09-15T20:00,26.5,43,0.00,13.5,18.8,104,103,32.4,12.7
2025-09-15T21:00,25.5,44,0.00,13.5,19.4,106,106,32.4,12.4
2025-09-15T22:00,24.0,50,0.00,14.5,22.1,101,103,32.0,12.9
2025-09-15T23:00,22.5,59,0.00,11.8,21.0,113,114,31.3,14.1
2025-09-16T00:00,21.5,64,0.00,8.9,17.7,111,112,23.8,14.4
2025-09-16T01:00,20.0,75,0.00,7.2,16.6,104,103,15.8,15.5
2025-09-16T02:00,19.6,77,0.00,7.4,17.3,91,95,14.8,15.5
2025-09-16T03:00,19.2,80,0.00,7.0,16.8,78,86,14.0,15.7
2025-09-16T04:00,18.8,83,0.00,6.4,15.8,61,75,13.0,15.8
2025-09-16T05:00,18.6,81,0.00,6.9,16.1,45,60,12.6,15.4
2025-09-16T06:00,18.4,77,0.00,7.9,18.1,43,55,14.4,14.2
2025-09-16T07:00,18.1,74,0.00,8.7,19.5,40,50,16.2,13.4
2025-09-16T08:00,17.9,74,0.00,9.2,20.3,42,50,17.3,13.2
2025-09-16T09:00,17.6,76,0.00,9.6,21.0,41,49,18.0,13.4
2025-09-16T10:00,17.1,80,0.00,10.6,22.7,35,44,19.8,13.8
2025-09-16T11:00,16.9,86,0.00,10.7,22.8,36,43,20.5,14.5
2025-09-16T12:00,18.3,82,0.00,12.0,22.8,43,48,25.9,15.1
2025-09-16T13:00,19.1,81,0.00,11.2,17.7,40,42,24.8,15.9
2025-09-16T14:00,20.0,75,0.00,11.1,17.0,40,41,26.3,15.4
2025-09-16T15:00,21.6,60,0.00,11.2,16.6,55,56,27.0,13.6
2025-09-16T16:00,23.2,49,0.00,15.0,21.6,63,63,35.3,12.1
2025-09-16T17:00,24.2,44,0.00,16.0,23.3,64,65,37.1,11.3
2025-09-16T18:00,24.3,41,0.00,16.9,24.8,79,78,38.2,10.3
2025-09-16T19:00,23.8,43,0.00,16.7,24.5,82,82,38.9,10.6
2025-09-16T20:00,22.6,51,0.00,15.0,22.1,94,91,38.2,11.9
2025-09-16T21:00,20.6,63,0.20,12.7,19.3,113,108,33.8,13.4
2025-09-16T22:00,20.8,62,0.10,11.0,17.6,91,89,27.7,13.1
2025-09-16T23:00,20.4,51,0.00,9.4,19.4,73,73,23.0,9.8
2025-09-17T00:00,19.8,48,0.00,10.7,21.9,77,78,21.2,8.4
2025-09-17T01:00,19.4,54,0.00,13.8,26.3,59,64,27.7,9.7
2025-09-17T02:00,19.1,56,0.00,12.8,24.5,74,75,28.4,10.1
2025-09-17T03:00,19.0,55,0.00,14.0,26.4,64,68,28.8,9.8
2025-09-17T04:00,17.7,62,4.20,6.0,15.8,61,71,28.8,10.2
2025-09-17T05:00,16.2,75,7.40,13.6,25.0,34,47,22.7,11.9
2025-09-17T06:00,16.8,70,0.00,14.5,27.7,52,57,27.4,11.2
2025-09-17T07:00,16.9,71,0.00,15.2,29.9,63,64,29.9,11.6
2025-09-17T08:00,16.6,75,1.10,14.8,28.1,60,65,29.9,12.2
2025-09-17T09:00,16.5,80,0.00,12.2,24.2,45,54,26.6,13.1
2025-09-17T10:00,16.2,83,0.00,13.4,26.0,42,49,24.8,13.4
2025-09-17T11:00,16.4,84,0.00,15.0,28.6,52,57,29.5,13.6
2025-09-17T12:00,17.1,80,0.00,15.7,28.6,50,54,32.4,13.6
2025-09-17T13:00,18.4,71,0.10,13.1,20.8,49,50,28.8,13.1
2025-09-17T14:00,18.6,71,0.60,13.2,20.4,43,44,29.2,13.1
2025-09-17T15:00,19.5,65,0.00,12.2,18.9,46,49,28.8,12.8
2025-09-17T16:00,19.5,66,0.20,12.4,18.6,48,50,27.4,13.1
2025-09-17T17:00,20.1,69,0.40,12.0,17.8,44,48,29.5,14.3
2025-09-17T18:00,20.5,77,3.10,12.5,18.2,43,45,29.2,16.3
2025-09-17T19:00,20.6,78,1.10,12.4,19.6,47,48,27.7,16.6
2025-09-17T20:00,20.9,74,0.10,12.7,20.2,58,60,27.4,16.0
2025-09-17T21:00,20.8,75,0.00,13.3,21.8,55,56,29.9,16.1
2025-09-17T22:00,20.1,78,1.60,13.3,22.9,72,68,27.7,16.0
2025-09-17T23:00,18.8,89,9.90,11.2,20.6,66,71,24.5,16.9
2025-09-18T00:00,18.6,90,0.50,13.6,25.4,61,61,28.1,17.0
2025-09-18T01:00,18.9,97,0.20,6.2,14.3,21,43,13.0,18.4
2025-09-18T02:00,18.5,97,0.20,4.0,12.2,63,71,10.8,18.0
2025-09-18T03:00,18.9,95,0.00,4.7,9.7,9,45,7.9,18.1
2025-09-18T04:00,18.6,97,0.00,5.4,10.0,340,17,9.4,18.1
2025-09-18T05:00,18.5,97,0.00,6.5,12.5,352,16,11.5,18.1
2025-09-18T06:00,18.5,97,0.00,7.0,14.1,10,25,11.9,18.0
2025-09-18T07:00,18.5,96,0.00,6.3,13.9,20,31,11.9,17.9
2025-09-18T08:00,18.4,96,0.00,6.8,14.6,12,26,11.9,17.7
2025-09-18T09:00,18.1,95,0.00,5.5,12.8,341,10,11.9,17.4
2025-09-18T10:00,18.1,94,0.00,4.7,11.0,337,5,9.7,17.1
2025-09-18T11:00,18.2,92,0.00,3.1,8.2,336,9,7.6,17.0
2025-09-18T12:00,18.6,92,0.00,3.3,7.6,319,3,8.3,17.4
2025-09-18T13:00,20.0,86,0.00,1.9,2.3,241,252,10.4,17.5
2025-09-18T14:00,21.6,77,0.00,3.8,4.9,273,274,14.4,17.5
2025-09-18T15:00,22.9,70,0.00,5.8,7.7,284,288,18.4,17.1
2025-09-18T16:00,24.2,65,0.00,6.0,8.0,273,278,20.2,17.1
2025-09-18T17:00,25.3,60,0.00,6.2,8.1,262,265,19.8,17.0
2025-09-18T18:00,26.1,56,0.00,7.6,10.1,262,264,22.0,16.6
2025-09-18T19:00,26.7,51,0.00,8.7,11.7,265,266,23.0,15.7
2025-09-18T20:00,27.0,47,0.00,8.9,12.3,262,264,23.0,14.8
2025-09-18T21:00,27.1,46,0.00,8.6,12.8,272,274,22.3,14.4
2025-09-18T22:00,26.2,51,0.00,7.1,14.2,285,286,20.2,15.4
2025-09-18T23:00,24.0,62,0.00,6.9,17.8,255,267,15.1,16.2
2025-09-19T00:00,22.9,63,0.00,8.7,22.3,265,270,15.8,15.4
2025-09-19T01:00,22.2,67,0.00,8.0,19.8,295,299,15.1,15.9
2025-09-19T02:00,20.7,72,0.00,7.8,20.0,308,322,14.4,15.4
2025-09-19T03:00,19.6,65,0.00,6.9,20.1,327,339,14.0,12.8
2025-09-19T04:00,18.5,65,0.00,5.9,17.8,315,334,12.2,11.9
2025-09-19T05:00,18.0,68,0.00,5.3,15.9,303,332,9.4,12.0
2025-09-19T06:00,17.8,70,0.00,5.1,14.3,297,331,8.3,12.4
2025-09-19T07:00,17.4,72,0.00,5.8,15.0,292,318,9.7,12.2
2025-09-19T08:00,17.0,75,0.00,7.1,17.4,280,302,13.0,12.5
2025-09-19T09:00,16.5,77,0.00,7.1,17.9,277,295,13.3,12.6
2025-09-19T10:00,16.3,79,0.00,5.7,16.2,283,301,12.6,12.7
2025-09-19T11:00,16.2,81,0.00,5.0,14.7,291,312,10.1,12.9
2025-09-19T12:00,18.4,74,0.00,6.0,14.2,303,322,11.9,13.6
2025-09-19T13:00,21.5,65,0.00,4.0,13.8,288,313,12.2,14.6
2025-09-19T14:00,24.4,56,0.00,5.5,8.1,289,298,16.6,15.1
2025-09-19T15:00,26.2,53,0.00,6.9,9.7,295,299,20.2,15.8
2025-09-19T16:00,27.5,49,0.00,9.0,12.4,300,304,24.5,15.9
2025-09-19T17:00,28.4,45,0.00,10.5,14.7,301,303,27.7,15.2
2025-09-19T18:00,29.0,41,0.00,11.3,15.8,303,305,29.2,14.4
2025-09-19T19:00,29.2,39,0.00,11.9,16.4,311,312,29.5,13.9
2025-09-19T20:00,29.0,40,0.00,10.9,15.4,315,318,29.5,14.2
2025-09-19T21:00,28.5,42,0.00,10.2,14.4,324,327,26.6,14.3
2025-09-19T22:00,27.5,43,0.00,8.5,14.9,342,345,23.8,13.9
2025-09-19T23:00,25.0,52,0.00,7.2,17.6,357,2,19.1,14.4
2025-09-20T00:00,23.4,55,0.00,9.0,21.8,358,360,16.6,13.9
2025-09-20T01:00,22.4,58,0.00,9.0,20.5,338,347,15.8,13.8
2025-09-20T02:00,21.5,55,0.00,11.0,24.5,360,3,20.2,11.9
2025-09-20T03:00,20.6,53,0.00,12.1,26.6,12,13,23.0,10.8
2025-09-20T04:00,19.6,52,0.00,12.4,26.5,17,20,25.2,9.4
2025-09-20T05:00,18.5,53,0.00,10.3,23.1,25,27,24.1,8.7
2025-09-20T06:00,17.8,56,0.00,9.8,22.5,32,37,19.4,8.9
2025-09-20T07:00,17.2,58,0.00,11.1,24.0,31,35,20.9,8.9
2025-09-20T08:00,16.6,59,0.00,11.7,24.6,37,41,23.4,8.6
2025-09-20T09:00,15.9,60,0.00,11.7,24.4,41,46,22.7,8.1
2025-09-20T10:00,15.4,61,0.00,12.1,24.6,43,47,23.4,7.9
2025-09-20T11:00,14.9,61,0.00,12.1,24.7,44,47,23.8,7.6
2025-09-20T12:00,15.8,57,0.00,11.5,22.8,46,48,25.2,7.2
2025-09-20T13:00,17.6,48,0.00,14.3,21.8,48,49,32.8,6.3
2025-09-20T14:00,19.5,41,0.00,13.5,20.2,53,54,33.8,6.1
2025-09-20T15:00,21.4,38,0.00,12.2,17.5,65,65,33.1,6.3
2025-09-20T16:00,22.9,35,0.00,11.7,16.6,75,75,32.0,6.8
2025-09-20T17:00,24.0,34,0.00,11.1,15.4,83,83,31.7,7.1
2025-09-20T18:00,24.5,34,0.00,10.0,13.8,99,97,30.6,7.8
2025-09-20T19:00,24.3,37,0.00,10.6,14.3,118,115,29.5,8.9
2025-09-20T20:00,23.6,40,0.00,11.2,15.2,123,121,30.2,9.2
2025-09-20T21:00,22.9,41,0.00,10.7,15.0,113,113,29.9,9.1
2025-09-20T22:00,21.8,47,0.00,11.7,17.2,101,103,27.7,10.0
2025-09-20T23:00,20.2,56,0.00,10.4,18.1,105,107,27.4,11.2
2025-09-21T00:00,19.1,63,0.00,10.2,18.3,124,122,20.5,11.9
2025-09-21T01:00,17.5,72,0.00,8.2,16.0,130,128,19.1,12.4
2025-09-21T02:00,17.0,76,0.00,7.1,15.4,120,120,15.8,12.7
2025-09-21T03:00,16.7,78,0.00,5.0,13.7,105,112,13.0,12.9
2025-09-21T04:00,16.2,82,0.00,4.3,12.9,92,108,9.0,13.1
2025-09-21T05:00,16.1,81,0.00,5.2,14.4,78,98,9.0,12.8
2025-09-21T06:00,15.8,81,0.00,5.5,14.8,67,87,9.7,12.6
2025-09-21T07:00,15.3,82,0.00,5.1,14.1,54,80,9.7,12.2
2025-09-21T08:00,15.1,81,0.00,6.9,16.0,49,73,11.9,11.9
2025-09-21T09:00,14.9,81,0.00,7.8,18.1,52,69,14.4,11.8
2025-09-21T10:00,14.6,83,0.00,7.9,18.0,49,67,14.4,11.8
2025-09-21T11:00,14.5,84,0.00,7.6,17.3,45,65,14.8,11.9
2025-09-21T12:00,15.6,80,0.00,8.5,17.5,32,61,15.5,12.1
2025-09-21T13:00,17.1,71,0.00,7.1,11.7,47,56,18.4,11.8
2025-09-21T14:00,19.2,60,0.00,10.1,14.8,88,91,25.6,11.4
2025-09-21T15:00,20.2,53,0.00,11.6,16.6,98,99,29.5,10.4
2025-09-21T16:00,21.0,50,0.00,12.6,17.8,104,103,32.4,10.2
2025-09-21T17:00,21.2,48,0.00,13.4,18.6,104,105,34.6,9.9
2025-09-21T18:00,21.3,44,0.00,12.3,17.0,105,105,34.2,8.7
2025-09-21T19:00,21.2,41,0.00,11.4,15.8,106,107,32.0,7.6
2025-09-21T20:00,21.1,40,0.00,11.3,15.9,104,105,29.9,7.0
2025-09-21T21:00,20.6,43,0.00,12.8,18.3,101,103,31.0,7.4
2025-09-21T22:00,19.4,51,0.00,10.9,16.2,107,107,30.6,8.9
2025-09-21T23:00,17.8,58,0.00,8.6,15.8,116,116,24.5,9.4
2025-09-22T00:00,16.9,63,0.00,7.6,15.1,124,121,17.3,9.7
2025-09-22T01:00,16.0,67,0.00,5.8,12.0,129,123,14.0,9.9
2025-09-22T02:00,15.4,71,0.00,3.5,10.4,152,136,10.8,10.2
2025-09-22T03:00,15.1,73,0.00,4.1,11.8,113,117,7.2,10.2
2025-09-22T04:00,14.5,78,0.00,3.5,10.8,111,111,7.6,10.8
2025-09-22T05:00,14.2,80,0.00,1.4,8.3,113,114,5.8,10.8
2025-09-22T06:00,13.9,82,0.00,0.4,5.8,243,129,2.9,10.9
2025-09-22T07:00,13.2,84,0.00,2.3,1.6,328,27,4.7,10.6
2025-09-22T08:00,12.6,88,0.00,4.0,5.6,357,4,7.6,10.6
2025-09-22T09:00,12.4,88,0.00,3.1,5.6,360,27,7.2,10.6
2025-09-22T10:00,11.9,91,0.00,3.0,5.1,343,8,5.8,10.4
2025-09-22T11:00,11.9,90,0.00,4.8,7.9,34,45,7.9,10.2
2025-09-22T12:00,13.6,80,0.00,4.2,8.6,50,64,11.5,10.3
2025-09-22T13:00,15.9,71,0.00,1.2,2.1,39,70,9.7,10.8
2025-09-22T14:00,17.9,64,0.00,2.7,4.0,148,150,13.3,10.9
2025-09-22T15:00,19.6,52,0.00,4.7,6.6,171,171,17.3,9.5
2025-09-22T16:00,21.0,45,0.00,5.4,7.4,176,176,18.7,8.6
2025-09-22T17:00,21.9,44,0.00,6.2,8.3,187,186,19.4,9.1
2025-09-22T18:00,23.0,46,0.00,6.8,9.3,197,196,21.6,10.8
2025-09-22T19:00,24.4,48,0.00,8.7,12.2,207,209,24.1,12.6
2025-09-22T20:00,25.0,47,0.00,11.0,14.9,205,207,27.7,12.9
2025-09-22T21:00,24.5,50,0.00,10.7,15.1,210,213,28.4,13.3
2025-09-22T22:00,24.0,52,0.00,8.8,13.0,203,209,25.6,13.5
2025-09-22T23:00,22.2,63,0.00,1.3,6.9,180,211,19.8,14.9
2025-09-23T00:00,21.2,64,0.00,7.0,10.8,103,123,10.8,14.1
2025-09-23T01:00,20.0,72,0.00,6.7,14.5,144,158,13.0,14.9
2025-09-23T02:00,19.1,79,0.00,6.8,14.4,169,182,12.6,15.4
2025-09-23T03:00,18.5,84,0.00,9.0,19.1,185,194,16.9,15.6
2025-09-23T04:00,18.1,86,0.00,9.2,19.5,203,209,17.3,15.7
2025-09-23T05:00,17.9,86,0.00,10.1,20.7,202,210,19.4,15.6
2025-09-23T06:00,17.5,87,0.00,9.5,20.0,207,212,19.4,15.4
2025-09-23T07:00,17.2,89,0.00,9.1,19.3,201,207,18.0,15.4
2025-09-23T08:00,17.0,92,0.00,9.6,20.6,203,208,18.4,15.8
2025-09-23T09:00,17.0,95,0.00,8.1,18.5,212,215,18.4,16.2
2025-09-23T10:00,16.9,97,0.00,6.8,16.3,197,208,14.8,16.3
2025-09-23T11:00,16.8,97,0.00,6.1,15.0,212,214,12.2,16.3
2025-09-23T12:00,18.2,89,0.00,8.2,15.3,209,214,18.7,16.5
2025-09-23T13:00,20.6,79,0.00,9.4,14.4,211,214,23.0,16.9
2025-09-23T14:00,22.8,70,0.00,11.2,16.3,222,224,28.1,17.0
2025-09-23T15:00,25.1,61,0.00,11.7,16.3,236,238,31.0,17.2
2025-09-23T16:00,26.8,56,0.00,9.6,13.4,232,233,29.9,17.4
2025-09-23T17:00,28.2,51,0.00,9.7,13.6,248,247,31.7,17.3
2025-09-23T18:00,28.4,49,0.10,9.1,12.9,249,247,32.4,16.6
2025-09-23T19:00,29.0,46,0.00,9.8,14.1,232,231,25.6,16.2
2025-09-23T20:00,29.5,44,0.00,9.0,13.1,224,224,30.6,15.8
2025-09-23T21:00,29.0,46,0.10,11.5,16.6,215,214,27.4,16.0
2025-09-23T22:00,27.0,55,0.00,10.1,15.3,223,220,28.1,17.2
2025-09-23T23:00,25.9,61,0.00,5.0,10.5,257,243,22.0,17.8
2025-09-24T00:00,23.7,72,0.60,10.0,16.5,287,283,16.6,18.4
2025-09-24T01:00,20.4,97,4.10,6.0,11.9,197,228,25.9,19.9
2025-09-24T02:00,20.5,96,0.60,2.7,5.7,8,305,11.5,20.0
2025-09-24T03:00,20.2,99,0.10,7.1,12.4,131,133,14.0,20.0
2025-09-24T04:00,20.0,98,0.90,7.3,12.8,157,181,15.5,19.8
2025-09-24T05:00,20.1,97,0.40,5.6,13.7,197,197,15.8,19.6
2025-09-24T06:00,19.5,98,0.00,4.4,12.5,199,201,9.4,19.2
2025-09-24T07:00,19.1,98,0.00,4.2,12.8,220,220,7.6,18.9
2025-09-24T08:00,18.8,98,0.00,4.0,11.5,219,230,6.8,18.5
2025-09-24T09:00,18.5,99,0.00,4.7,12.1,208,228,7.2,18.4
2025-09-24T10:00,18.4,99,0.00,4.1,11.4,218,237,9.7,18.2
2025-09-24T11:00,18.2,100,0.00,3.3,10.0,241,244,6.8,18.2
2025-09-24T12:00,19.0,98,0.00,2.3,3.5,309,291,7.9,18.8
2025-09-24T13:00,21.2,93,0.00,4.6,5.2,135,139,12.6,20.1
2025-09-24T14:00,22.1,91,0.00,3.8,4.8,161,160,14.0,20.6
2025-09-24T15:00,23.1,85,0.00,5.1,7.1,163,161,14.0,20.4
2025-09-24T16:00,24.6,76,0.00,4.0,5.7,170,167,14.4,20.0
2025-09-24T17:00,25.8,69,0.00,4.0,5.6,190,186,18.4,19.6
2025-09-24T18:00,26.5,66,0.00,4.3,6.0,180,173,18.0,19.7
2025-09-24T19:00,27.0,64,0.00,6.2,8.6,197,191,19.1,19.5
2025-09-24T20:00,26.5,65,0.00,3.4,4.7,196,187,19.1,19.4
2025-09-24T21:00,23.1,79,0.10,12.0,19.0,148,149,32.0,19.2
2025-09-24T22:00,22.2,84,0.00,6.5,10.3,156,157,23.8,19.5
2025-09-24T23:00,21.8,89,0.00,4.4,9.4,142,148,15.8,19.9
2025-09-25T00:00,21.2,92,0.30,7.0,9.7,44,50,14.0,19.9
2025-09-25T01:00,21.6,98,0.60,10.9,20.4,147,158,23.8,21.2
2025-09-25T02:00,21.2,97,1.30,4.4,11.5,159,153,20.9,20.7
2025-09-25T03:00,20.4,98,2.70,0.8,3.3,333,131,14.0,20.1
2025-09-25T04:00,20.1,96,3.10,6.9,10.9,65,78,15.8,19.4
2025-09-25T05:00,20.2,97,4.10,13.4,24.2,82,93,33.8,19.8
2025-09-25T06:00,20.2,99,1.90,10.7,19.3,117,129,35.3,20.0
2025-09-25T07:00,20.1,97,0.20,13.7,25.6,153,158,25.9,19.6
2025-09-25T08:00,19.9,98,3.30,11.8,23.4,189,188,25.2,19.5
2025-09-25T09:00,20.0,98,0.30,11.9,22.2,178,183,22.7,19.6
2025-09-25T10:00,20.1,97,0.00,11.8,22.1,187,190,21.6,19.6
2025-09-25T11:00,20.1,98,0.00,10.0,20.3,198,200,21.6,19.7
2025-09-25T12:00,20.8,96,0.00,9.2,17.5,183,189,18.0,20.1
2025-09-25T13:00,21.3,97,4.80,7.6,15.9,155,165,22.3,20.9
2025-09-25T14:00,21.6,95,1.30,9.2,16.4,184,182,25.9,20.8
2025-09-25T15:00,23.3,89,0.20,11.5,15.0,191,193,22.7,21.3
2025-09-25T16:00,23.2,95,0.30,10.0,18.9,160,167,24.8,22.3
2025-09-25T17:00,24.4,89,0.10,11.5,16.9,179,180,23.8,22.5
2025-09-25T18:00,24.0,89,0.70,11.8,19.8,161,170,35.3,22.0
2025-09-25T19:00,23.5,91,0.90,16.4,28.3,189,192,40.3,22.0
2025-09-25T20:00,25.4,82,0.10,15.8,24.4,199,199,40.7,22.1
2025-09-25T21:00,25.3,84,0.10,10.8,17.4,184,186,40.7,22.4
2025-09-25T22:00,23.8,89,1.20,20.1,34.4,204,206,38.5,21.9
2025-09-25T23:00,23.0,93,0.10,14.6,26.5,220,219,39.2,21.8
2025-09-26T00:00,22.9,93,0.00,15.0,27.8,217,219,29.9,21.6
2025-09-26T01:00,22.0,96,0.00,12.8,24.3,228,234,26.3,21.4
2025-09-26T02:00,21.8,97,0.10,13.0,24.4,237,239,24.1,21.2
2025-09-26T03:00,21.5,97,0.00,10.7,21.0,253,260,24.5,21.0
2025-09-26T04:00,20.7,97,0.00,8.0,17.8,286,293,19.8,20.1
2025-09-26T05:00,20.0,96,0.00,5.7,15.1,283,295,15.1,19.4
2025-09-26T06:00,19.2,96,0.00,4.9,13.2,266,285,9.7,18.6
2025-09-26T07:00,19.0,97,0.00,6.0,14.7,286,293,10.8,18.4
2025-09-26T08:00,18.7,97,0.00,5.2,13.9,276,289,11.2,18.1
2025-09-26T09:00,18.4,97,0.00,4.3,12.3,268,285,9.4,17.9
2025-09-26T10:00,18.3,98,0.00,5.4,13.4,270,285,9.7,18.0
2025-09-26T11:00,18.2,98,0.00,4.8,11.9,259,281,9.7,17.8
2025-09-26T12:00,18.8,97,0.00,5.8,12.4,268,286,11.2,18.2
2025-09-26T13:00,20.8,89,0.00,4.4,8.6,291,301,13.3,19.0
2025-09-26T14:00,22.4,80,0.00,4.8,7.2,290,297,14.8,18.8
2025-09-26T15:00,23.9,72,0.00,6.6,9.1,299,302,19.1,18.5
2025-09-26T16:00,25.0,63,0.00,6.0,8.1,279,283,19.1,17.5
2025-09-26T17:00,25.8,56,0.00,7.9,10.8,267,268,21.6,16.4
2025-09-26T18:00,26.0,54,0.00,9.8,13.5,275,275,24.5,16.0
2025-09-26T19:00,26.0,55,0.00,10.6,14.9,279,278,25.9,16.4
2025-09-26T20:00,26.0,55,0.00,10.3,14.9,277,277,25.6,16.2
2025-09-26T21:00,25.6,55,0.00,9.5,15.1,280,278,23.8,16.0
2025-09-26T22:00,24.4,64,0.00,6.2,13.8,277,276,20.5,17.0
2025-09-26T23:00,22.6,69,0.00,6.5,18.0,268,272,11.9,16.7
2025-09-27T00:00,21.9,69,0.00,8.7,22.0,274,278,15.1,15.9
2025-09-27T01:00,21.4,76,0.00,5.2,14.6,292,291,8.6,17.0
2025-09-27T02:00,20.5,81,0.00,6.6,16.6,319,329,11.9,17.0
2025-09-27T03:00,19.6,85,0.00,3.9,12.1,307,345,11.9,17.1
2025-09-27T04:00,19.1,85,0.00,4.0,10.7,297,331,6.5,16.6
2025-09-27T05:00,18.7,84,0.00,4.6,13.8,324,349,7.6,15.9
2025-09-27T06:00,18.1,83,0.00,4.3,12.7,343,7,7.9,15.2
2025-09-27T07:00,17.7,85,0.00,4.9,13.7,343,3,7.9,15.1
2025-09-27T08:00,17.6,85,0.00,5.6,16.0,354,8,10.1,15.1
2025-09-27T09:00,17.0,88,0.00,4.8,15.3,11,17,10.1,15.0
2025-09-27T10:00,16.9,87,0.00,1.9,11.2,49,37,7.2,14.7
2025-09-27T11:00,16.6,88,0.00,2.8,10.9,50,51,4.0,14.6
2025-09-27T12:00,18.0,86,0.00,4.9,10.5,28,49,9.4,15.6
2025-09-27T13:00,19.5,82,0.00,3.0,10.6,52,47,9.7,16.2
2025-09-27T14:00,21.4,75,0.00,3.6,5.7,87,77,12.2,16.7
2025-09-27T15:00,23.1,66,0.00,5.2,7.5,102,100,15.8,16.4
2025-09-27T16:00,23.8,61,0.00,6.2,8.8,107,105,17.6,15.9
2025-09-27T17:00,23.9,60,0.00,6.5,9.0,122,121,17.6,15.6
2025-09-27T18:00,23.6,61,0.00,5.6,7.9,115,117,17.6,15.7
2025-09-27T19:00,23.7,64,0.00,4.9,6.9,107,113,14.4,16.4
2025-09-27T20:00,22.9,69,0.00,4.5,7.1,74,81,13.0,17.0
2025-09-27T21:00,22.8,71,0.00,4.6,7.4,81,84,11.9,17.2
2025-09-27T22:00,22.2,77,0.00,4.2,9.4,102,110,10.8,18.0
2025-09-27T23:00,21.0,84,0.00,4.9,11.4,100,117,8.6,18.1
2025-09-28T00:00,20.5,87,0.00,4.4,11.4,120,129,9.4,18.2
2025-09-28T01:00,21.4,83,0.00,3.0,7.3,205,173,10.1,18.4
2025-09-28T02:00,20.9,82,0.00,4.7,9.7,157,169,8.3,17.8
2025-09-28T03:00,20.2,83,0.00,4.8,11.0,143,152,10.4,17.2
2025-09-28T04:00,19.5,85,0.00,4.8,12.1,127,139,10.8,16.9
2025-09-28T05:00,19.1,86,0.50,1.4,6.5,67,120,9.0,16.8
2025-09-28T06:00,19.2,86,0.00,4.1,9.0,90,116,6.8,16.8
2025-09-28T07:00,18.9,89,0.00,4.3,11.0,90,120,9.0,17.1
2025-09-28T08:00,18.6,92,0.00,4.5,7.1,14,52,8.3,17.2
2025-09-28T09:00,18.2,93,0.00,0.6,4.0,18,85,7.9,17.1
2025-09-28T10:00,17.5,95,0.00,0.5,2.9,270,158,1.4,16.6
2025-09-28T11:00,16.6,97,0.00,1.9,2.6,299,245,4.3,16.1
2025-09-28T12:00,18.1,96,0.00,2.9,3.9,277,227,7.6,17.5
2025-09-28T13:00,20.0,87,0.00,2.1,3.5,232,231,10.1,17.7
2025-09-28T14:00,21.4,78,0.00,3.2,4.4,254,251,12.6,17.3
2025-09-28T15:00,22.9,71,0.00,5.9,8.3,270,271,18.0,17.3
2025-09-28T16:00,24.2,67,0.00,7.0,9.7,270,272,20.5,17.9
2025-09-28T17:00,25.5,64,0.00,6.9,9.4,263,263,20.5,18.2
2025-09-28T18:00,26.4,60,0.00,7.6,10.3,271,271,20.9,18.0
2025-09-28T19:00,27.0,57,0.00,8.2,11.4,280,281,21.6,17.6
2025-09-28T20:00,27.1,55,0.00,8.3,11.5,270,274,21.2,17.4
2025-09-28T21:00,26.9,56,0.00,7.8,12.1,266,269,20.2,17.4
2025-09-28T22:00,25.6,65,0.00,5.7,13.6,242,247,17.3,18.5
2025-09-28T23:00,23.5,73,0.00,5.6,15.0,248,254,11.2,18.4
2025-09-29T00:00,22.5,76,0.00,5.6,15.4,248,256,9.0,18.0
2025-09-29T01:00,21.8,78,0.00,5.3,15.1,235,235,8.6,17.8
2025-09-29T02:00,21.1,80,0.00,5.6,17.1,243,233,9.4,17.5
2025-09-29T03:00,20.4,83,0.00,5.4,14.7,262,251,10.1,17.5
2025-09-29T04:00,19.3,88,0.00,4.1,10.1,255,273,9.7,17.3
2025-09-29T05:00,18.8,89,0.00,3.8,11.6,311,348,6.5,16.9
2025-09-29T06:00,19.1,84,0.00,6.0,16.7,9,20,10.1,16.4
2025-09-29T07:00,19.0,82,0.00,6.4,17.4,18,30,10.8,15.9
2025-09-29T08:00,18.6,80,0.00,9.2,22.1,21,26,16.6,15.2
2025-09-29T09:00,18.1,77,0.00,9.9,23.7,27,30,18.4,14.1
2025-09-29T10:00,17.8,76,0.00,10.2,24.1,32,33,18.7,13.4
2025-09-29T11:00,17.4,75,0.00,10.4,24.6,32,36,19.8,12.9
2025-09-29T12:00,18.0,73,0.00,10.5,22.4,39,42,20.2,13.0
2025-09-29T13:00,19.4,71,0.00,9.5,23.6,39,41,20.5,14.1
2025-09-29T14:00,20.8,65,0.00,9.8,15.7,50,50,22.3,14.0
2025-09-29T15:00,21.9,59,0.00,10.1,15.0,59,58,25.2,13.4
2025-09-29T16:00,23.3,53,0.00,8.7,12.4,72,71,24.1,13.1
2025-09-29T17:00,23.8,51,0.00,7.9,11.1,74,73,22.7,13.1
2025-09-29T18:00,23.8,52,0.00,7.1,10.2,74,73,20.9,13.5
2025-09-29T19:00,23.5,55,0.00,6.5,9.1,84,80,19.1,14.0
2025-09-29T20:00,23.2,59,0.00,5.8,8.3,94,89,16.2,14.7
2025-09-29T21:00,23.0,61,0.00,3.9,5.6,112,107,13.7,15.1
2025-09-29T22:00,22.1,70,0.00,2.8,5.8,130,129,9.4,16.4
2025-09-29T23:00,20.6,77,0.00,3.6,6.4,143,140,6.1,16.5
2025-09-30T00:00,19.9,80,0.00,3.6,5.6,153,147,6.1,16.3
2025-09-30T01:00,19.4,82,0.00,3.5,6.1,171,183,5.4,16.2
2025-09-30T02:00,19.0,83,0.00,2.6,6.7,214,204,5.0,15.9
2025-09-30T03:00,18.5,84,0.00,1.4,4.0,310,252,4.0,15.8
2025-09-30T04:00,18.0,87,0.00,2.8,5.0,342,300,4.7,15.8
2025-09-30T05:00,17.5,88,0.00,3.4,6.9,342,317,5.0,15.5
2025-09-30T06:00,17.2,87,0.00,4.4,11.0,330,319,7.2,15.0
2025-09-30T07:00,17.0,84,0.00,4.9,13.8,321,320,8.6,14.2
2025-09-30T08:00,16.5,84,0.00,4.2,13.5,320,327,8.3,13.9
2025-09-30T09:00,16.2,84,0.00,4.4,13.4,328,340,7.6,13.6
2025-09-30T10:00,16.1,82,0.00,4.6,14.0,347,1,7.2,13.1
2025-09-30T11:00,16.1,78,0.00,4.9,15.6,8,24,7.9,12.2
2025-09-30T12:00,17.0,71,0.00,6.1,16.8,30,38,10.4,11.7
2025-09-30T13:00,18.6,68,0.00,6.2,15.5,30,39,12.6,12.6
2025-09-30T14:00,20.5,62,0.00,6.0,13.3,29,32,14.8,12.9
2025-09-30T15:00,22.1,55,0.00,7.3,11.7,25,25,18.4,12.7
2025-09-30T16:00,24.0,47,0.00,9.3,14.1,25,25,22.7,11.9
2025-09-30T17:00,25.2,41,0.00,12.5,18.4,33,32,29.2,11.2
2025-09-30T18:00,25.2,42,0.00,11.9,17.7,41,39,29.2,11.2
2025-09-30T19:00,25.5,41,0.00,12.2,18.6,36,35,28.1,11.1
2025-09-30T20:00,25.0,42,0.00,11.5,18.2,40,39,27.7,11.2
2025-09-30T21:00,24.1,48,0.00,9.2,17.8,33,35,24.8,12.6
2025-09-30T22:00,22.8,54,0.00,8.7,19.6,22,26,19.4,13.1
2025-09-30T23:00,21.1,58,0.00,12.1,26.2,18,23,23.0,12.6
2025-10-01T00:00,21.1,57,0.00,13.2,27.7,28,30,28.8,12.4
2025-10-01T01:00,20.2,58,0.00,14.9,30.4,31,33,29.9,11.6
2025-10-01T02:00,19.5,47,0.00,14.4,29.2,37,36,30.6,8.0
2025-10-01T03:00,18.8,40,0.00,14.4,29.5,37,38,28.8,4.8
2025-10-01T04:00,17.5,42,0.00,15.5,31.6,32,34,31.3,4.6
2025-10-01T05:00,16.8,51,0.00,15.8,31.6,30,32,31.7,6.6
2025-10-01T06:00,16.1,52,0.00,17.1,32.3,32,33,34.6,6.3
2025-10-01T07:00,15.3,53,0.00,15.8,30.4,34,35,34.2,5.8
2025-10-01T08:00,14.3,55,0.00,15.4,29.8,30,32,32.4,5.3
2025-10-01T09:00,13.4,56,0.00,16.4,31.2,27,29,33.5,4.7
2025-10-01T10:00,12.6,57,0.00,16.0,30.3,30,32,33.5,4.3
2025-10-01T11:00,11.9,60,0.00,15.4,29.2,30,32,32.4,4.3
2025-10-01T12:00,12.8,60,0.00,12.4,26.3,28,30,31.3,5.1
2025-10-01T13:00,14.1,55,0.00,14.4,22.9,29,30,31.7,5.2
2025-10-01T14:00,15.6,50,0.00,15.3,22.8,34,35,35.3,5.3
2025-10-01T15:00,16.9,47,0.00,14.7,21.4,36,36,35.6,5.5
2025-10-01T16:00,18.2,42,0.00,13.5,19.3,37,37,35.3,5.1
2025-10-01T17:00,19.1,38,0.00,13.9,19.9,27,26,34.6,4.6
2025-10-01T18:00,20.4,35,0.00,10.6,14.6,18,16,34.6,4.4
2025-10-01T19:00,21.1,33,0.00,11.5,16.1,22,20,28.8,4.1
2025-10-01T20:00,21.0,30,0.00,13.2,18.9,22,21,31.7,2.8
2025-10-01T21:00,20.6,29,0.00,13.0,19.6,28,27,31.3,1.8
2025-10-01T22:00,19.4,32,0.00,11.1,20.1,39,37,29.2,2.2
2025-10-01T23:00,17.5,36,0.00,12.3,24.6,34,32,24.1,2.3
